"Gene","baseMean","log2FoldChange","lfcSE","stat","pvalue","padj","negLogPadj"
"LOC100357982",3004.11328502325,5.67046084896459,0.255746358855789,22.1722055959439,6.3710856111277e-109,1.13080398511906e-104,103.946612669662
"LOC103345651",122.793017720045,2.85378671932873,0.213105903246077,13.3914015325676,6.78874769239438e-41,6.02467413961539e-37,36.2200664380799
"LOC100343299",20722.4347875835,5.0205640178728,0.480750342481131,10.4431834451992,1.57440633612996e-25,9.31471268665691e-22,21.0308305364225
"NEU1",3465.84170039151,1.1281880453121,0.118269953449822,9.53909266389249,1.44087394654731e-21,6.39351791931703e-18,17.1942601132744
"IL1R2",13654.9131071679,3.5045591063406,0.373776028533396,9.37609380700957,6.84621791252611e-21,2.43027043458852e-17,16.614345396478
"SLC43A2",6169.303586416,1.36455623442913,0.147830538840621,9.23054360168631,2.69261876228787e-20,6.8273272016925e-17,16.165749282957
"GLMP",2820.73555216086,1.03467162275879,0.111931826269039,9.24376611413323,2.37970405683014e-20,6.8273272016925e-17,16.165749282957
"ATP6V0C",7337.25275365753,1.03501535217145,0.118473184919657,8.73628368202768,2.40904555022769e-18,4.27581494709913e-15,14.3689810988779
"CD68",5638.62232298947,1.96619282740963,0.230158986458606,8.54275932329607,1.31054169485027e-17,1.78929265706903e-14,13.7473186203295
"LOC103345547",68.4162351748887,-2.40708608008784,0.284825356601069,-8.45109476492025,2.88583894272365e-17,3.65862538531444e-14,13.4366820566024
"SLC7A7",4644.71234381671,1.56002522334131,0.18584561218208,8.39419992231454,4.69077398612835e-17,5.55043649865281e-14,13.2556728616517
"NREP",1131.48147953789,-1.81696403197505,0.216731211531203,-8.38349040333518,5.13808678226648e-17,5.69974389365298e-14,13.2441446580244
"PLVAP",2574.07423545776,1.13020729719102,0.136901795930448,8.25560606790879,1.51133337745958e-16,1.49025867314056e-13,12.8267383419453
"CTSB",72463.3209109247,1.64014503701681,0.200116409176405,8.19595476336476,2.4861182820322e-16,2.20630566938947e-13,12.6563343190342
"PFKFB4",1544.06206214006,1.29583668831372,0.161828383128552,8.00747472885732,1.17087795363145e-15,9.03561426043677e-13,12.0440423178291
"CLEC1A",381.267739896823,1.35786744784588,0.173499430733565,7.8263510266561,5.02233798219569e-15,3.7142282019163e-12,11.4301314167545
"FADS2",3000.1568508312,-1.35403623101757,0.173830130981963,-7.7894219107392,6.73164707124831e-15,4.77920015470345e-12,11.3206447806818
"CALML4",1707.32493012768,1.22255544371753,0.159782075145274,7.65139295259486,1.9881377934198e-14,1.30694287760771e-11,10.8837433936604
"PNKD",4308.56366857113,1.08888839617808,0.146398662663562,7.43783021215462,1.02352492330731e-13,6.48805137992196e-11,10.1878857195355
"LOC100351365",71.3042273475535,-2.58517315702426,0.351657793737325,-7.35138877358504,1.96157959043519e-13,1.1605358716878e-10,9.93534143113629
"LOC108176894",294.585155671567,2.76872630797764,0.378879019031074,7.30767915061183,2.71795825693415e-13,1.50753253444763e-10,9.82173330646568
"LOC100347711",1651.90792866229,2.67524837344808,0.366083591621884,7.30775275011851,2.71647039267801e-13,1.50753253444763e-10,9.82173330646568
"NAGPA",2610.63999047283,1.2830360761802,0.176825434171128,7.2559475518579,3.98859625841006e-13,2.14526045425819e-10,9.66851997295231
"ESAM",1159.505524148,1.6375200647712,0.227930690165589,7.18428950301323,6.75575780364725e-13,3.24075527721446e-10,9.48935376309557
"FAT2",267.804244782013,3.09461746213346,0.431796582435458,7.16684102657534,7.6748065223603e-13,3.40550352413432e-10,9.467818665958
"CD36",20099.4250864719,2.67611612505955,0.37325026578638,7.16976348140409,7.51274465787697e-13,3.40550352413432e-10,9.467818665958
"AXIN2",451.571592608845,-2.00328732540896,0.279300727501931,-7.17251023055466,7.36349105533312e-13,3.40550352413432e-10,9.467818665958
"LOC108176037",531.002217768424,2.94211284440446,0.422340753040335,6.96620637062577,3.25601424121761e-12,1.31343174471298e-09,8.88159249133221
"CSTB",4391.93256183635,1.19435492667117,0.172072420395037,6.94100149186729,3.89329901175335e-12,1.53560364799134e-09,8.81372086484024
"SGK1",5687.82889709561,1.10693082608993,0.159930483965653,6.92132480714347,4.47439248221835e-12,1.72643461232377e-09,8.76284986564626
"VSIG4",9970.67171446028,3.07489776920669,0.446385117070877,6.88844150849781,5.64069172672165e-12,2.0857632803663e-09,8.68073498251751
"CD63",16996.5964468522,1.22608670334547,0.179678148803436,6.82379416479174,8.8666902293711e-12,3.0857820564923e-09,8.51063475066601
"GRN",21422.6334975777,1.44021621602712,0.211352843722452,6.8142741335357,9.47408949477456e-12,3.2337618162068e-09,8.49029197135494
"PTX3",249.707621395347,2.9149995177961,0.433686156618931,6.7214493091543,1.799258322609e-11,5.80637017599767e-09,8.23609527986013
"NLRP3",438.426722196196,2.36990771901272,0.352848771554846,6.71649700966677,1.86145127164668e-11,5.89980332508161e-09,8.22916246568929
"CX3CL1",1838.08683226154,3.6928199320945,0.552133371158008,6.68827519762015,2.25816193551875e-11,6.91036486095213e-09,8.16049902166851
"LOC108176663",109.811824696933,2.67080650626164,0.400148309783589,6.67454151613457,2.48006266531468e-11,7.46078512655427e-09,8.12721546767634
"PLPP1",6785.82980531366,1.36085524728333,0.204367273256469,6.65887069685339,2.75939559012887e-11,8.16275205486622e-09,8.08816339507706
"PRM3",28.381103556076,4.08183918733784,0.616346017858026,6.62264226436209,3.52834204363573e-11,1.02663185135231e-08,7.988585265838
"LOC100339305",511.622354188334,-2.91738493652128,0.440828697569461,-6.617956028286,3.64199313848398e-11,1.04260864862826e-08,7.98187867684239
"PADI4",135.027302535151,2.04940827989618,0.310325192164582,6.60406673915559,4.0002929612583e-11,1.10939374639646e-08,7.95491428654909
"TMEM86A",1041.97531780835,1.22696137862627,0.185775529743462,6.60453710087968,3.98761341856457e-11,1.10939374639646e-08,7.95491428654909
"PRAM1",959.646838441444,1.90153134250543,0.290504195523693,6.54562437240376,5.92473267639094e-11,1.57028618313541e-08,7.80402119062887
"CTSA",16495.2996919595,1.04646539744076,0.159829489358799,6.54738622790417,5.85527957137706e-11,1.57028618313541e-08,7.80402119062887
"APLNR",1483.88225065681,-1.09780074087145,0.168945568422581,-6.49795523565047,8.14190210237869e-11,2.12515618257528e-08,7.67260914714868
"MYO7A",1782.78083107951,1.61321354244767,0.250175476033486,6.44832806166718,1.13090763133433e-10,2.90905500703668e-08,7.53624806664341
"SLC17A8",116.683046882619,-2.79573443974456,0.439458670462666,-6.36176875700549,1.99443555029259e-10,4.91656063640877e-08,7.30833860027378
"SLC37A2",2353.58874051896,1.80382422919858,0.283707798158871,6.3580354184994,2.04350359875342e-10,4.9685130649691e-08,7.30377356384196
"FCER1G",8085.65948757553,1.92329301465172,0.303313196342263,6.34094737006248,2.28356546982142e-10,5.47716263835951e-08,7.26144436297967
"C5AR1",3120.67416345504,1.99023671306719,0.316252533843673,6.29318819640189,3.11010887117864e-10,7.26333188875655e-08,7.1388641108486
"LOC100340803",1351.32800159667,1.05129984878351,0.167395424086659,6.28033803504245,3.37837667362525e-10,7.68753943335572e-08,7.11421264349037
"EPB41L3",3521.08254497065,1.1461366778232,0.182792233731827,6.27016068693971,3.6067570165617e-10,8.10333294771565e-08,7.09133631654333
"SERPINF1",808.012856624136,-1.89449470090988,0.302959628100434,-6.25329095097066,4.01892407045581e-10,8.91648541581503e-08,7.0498062964422
"LOC103346277",63.3367714312966,3.01283968493941,0.482324786921308,6.24649565321004,4.19763695646214e-10,9.19800720249958e-08,7.03630625468755
"NUAK2",919.982571693911,1.44975518111675,0.232952839865736,6.22338487889791,4.8654185461289e-10,1.02805135446717e-07,6.98798519039459
"PECAM1",5058.563356201,1.17057355144396,0.188054876238929,6.22463812082551,4.82668770512857e-10,1.02805135446717e-07,6.98798519039459
"LOC100009266",3533.74889866087,-3.31265842426847,0.53355271461622,-6.20868066738491,5.34312712043047e-10,1.09634933617691e-07,6.96005104201907
"EFNB3",49.6384816837061,-2.72932743612803,0.439789957403735,-6.20597944582546,5.43572829926012e-10,1.09634933617691e-07,6.96005104201907
"MYCN",27.7932929621836,-2.44878477389446,0.394545151612507,-6.20660211863274,5.41424440694925e-10,1.09634933617691e-07,6.96005104201907
"S100A12",4046.17839128328,2.81306547143902,0.454435542763913,6.19024087405166,6.00723456096569e-10,1.18813311848782e-07,6.92513489825557
"ACP2",4822.46219549364,1.0408075952809,0.168149262893846,6.18978387040553,6.02467635719778e-10,1.18813311848782e-07,6.92513489825557
"FAT3",31.1031122370976,-2.06397357469585,0.335447421165132,-6.15289742734319,7.60800141938573e-10,1.4810083071401e-07,6.82944250546597
"LOC100342960",531.079230166549,-1.02758890346605,0.167094179731591,-6.14975880737857,7.76008634650003e-10,1.4810083071401e-07,6.82944250546597
"XDH",4218.78943596379,2.15731168157162,0.351893108564863,6.13058803671903,8.75548514391474e-10,1.61876151895149e-07,6.79081712816586
"FCGR2A",2380.55041532297,2.79850604603097,0.457178534939403,6.121254241304,9.28416284941022e-10,1.69881037540394e-07,6.76985509524027
"THBS4",108.381108085246,-3.69035206683502,0.604599884099391,-6.10379221678507,1.03580926440705e-09,1.87597741162865e-07,6.72677239520221
"ASPN",734.513780194632,-2.96375343329798,0.487588932219364,-6.07838537230087,1.21398716737453e-09,2.15630481018206e-07,6.6662898482982
"LOC100328967",213836.507731118,1.38746546649436,0.228266643191576,6.07826639536602,1.21488805576768e-09,2.15630481018206e-07,6.6662898482982
"CXCR1",673.119591202099,2.03210826387812,0.334820461684116,6.06924754137426,1.28510934553405e-09,2.25835700731524e-07,6.64620740251234
"CMKLR1",989.612054272489,1.46135840295014,0.24106771789736,6.0620244622399,1.34418763896915e-09,2.33901827490819e-07,6.63096638500539
"IL15RA",397.951727439782,1.61995970750545,0.267367242034237,6.05893113599164,1.37029037454761e-09,2.36128969493645e-07,6.6268507282138
"DNM1",156.753469009756,-1.99098446645979,0.329766068065929,-6.03756619999407,1.56455984208175e-09,2.61975213557632e-07,6.58173979694121
"DEFB1",425.460074862932,1.67861980899951,0.278026553741828,6.03762405571609,1.56399916261288e-09,2.61975213557632e-07,6.58173979694121
"IL13RA2",359.197571808904,-1.7777672353458,0.294575073594208,-6.03502262990099,1.58940412215121e-09,2.63647979103382e-07,6.57897555324438
"CTSD",45060.7736304472,1.83538642782026,0.304510456139291,6.02733466393912,1.66685623987061e-09,2.73935475939476e-07,6.56235172091482
"ITPKA",371.792342654536,-2.02042323886159,0.336983319034271,-5.99561795714912,2.02713087542856e-09,3.2708678098165e-07,6.48533700727438
"TBC1D2",452.493649960152,1.60237357600019,0.267751728805188,5.98454987816735,2.16989089660124e-09,3.43296988269981e-07,6.46433000660473
"GUCY1B3",812.116575714213,-1.07136073902587,0.179170675210894,-5.97955406354759,2.23749294284698e-09,3.48361949496413e-07,6.45796928772351
"GPNMB",13134.8300091296,3.12442993150304,0.523330518253107,5.97028039169679,2.36846189459494e-09,3.65546349279701e-07,6.43705754904751
"COL14A1",3533.53916907285,-2.21729950425399,0.372969579352028,-5.94498754591775,2.7647787557565e-09,4.23034983930363e-07,6.37362371607728
"NECTIN2",1876.43744953219,1.07271410830709,0.181311433779002,5.91641732652452,3.29029737672054e-09,4.86404214127427e-07,6.31300267106189
"TNFSF11",89.8068790609784,-1.49873498995693,0.253775880165664,-5.90574245660605,3.51062051119313e-09,5.10737733222679e-07,6.29180205535176
"GNS",10213.2672438989,1.02869322547042,0.175202371865097,5.87145718702087,4.31981159770983e-09,6.18325290707676e-07,6.20878298964837
"LOC100358731",3277.32545522697,2.21145589649429,0.377633735042495,5.85608670858135,4.73900862445422e-09,6.72901312603504e-07,6.17204862453449
"LOC100356242",21425.3630009126,3.57815056673364,0.614156889802408,5.82611809155937,5.67314793088438e-09,7.92855926183204e-07,6.10080572333596
"CNTN2",51.2986803631159,-2.63837065448234,0.456253400149064,-5.78268710681466,7.35167272758451e-09,9.96067475128988e-07,6.00171124080962
"LOC103346593",1820.68977691454,1.43210894066431,0.247933590537323,5.77617957115304,7.64158188821004e-09,1.02750331010485e-06,5.98821677036873
"LOC100340786",32.126799677206,-3.85592888960683,0.668450970000164,-5.76845432598576,8.00018883463092e-09,1.05966680317809e-06,5.97483067085696
"MERTK",3153.24637065829,1.43388883386017,0.249781401850605,5.74057485159679,9.43557033024457e-09,1.22242290358767e-06,5.91277852165406
"LOC100338778",938.459557839123,1.33915182542261,0.234001259875069,5.72284023657636,1.04757768613955e-08,1.34735190951383e-06,5.87051895780381
"LOC100348455",407.581358158723,2.27521146569704,0.397689038413052,5.72108166414668,1.05848002437265e-08,1.35157999658922e-06,5.86915824441653
"UPK3A",70.6319322908174,3.46834777307046,0.60930576114838,5.69229440163761,1.25343486340804e-08,1.56670530919924e-06,5.80501268484882
"TBC1D19",127.113031196918,-1.44147778949287,0.253633083456469,-5.68331926517098,1.32105321823875e-08,1.63967647346291e-06,5.78524183466607
"RGS2",8006.420798417,1.75115092046151,0.309140109612025,5.66458659362975,1.47379421496191e-08,1.80402576009371e-06,5.74375726536022
"LOC100338913",2422.97065832056,2.65752278432724,0.470424436493184,5.64920224837373,1.61194120838544e-08,1.94628193929478e-06,5.71079424741256
"LOC103345165",115.301582444618,3.42820598816936,0.60928601068157,5.62659560217777,1.83800939078757e-08,2.20424518088436e-06,5.65674010002763
"CD14",4550.9962996187,1.52531215685505,0.272618470575103,5.59504333524181,2.20566670307925e-08,2.55871753679436e-06,5.59197765431694
"NEURL3",782.973909682223,2.49507487156857,0.4465363081702,5.58761925047663,2.30203675515991e-08,2.65317210177488e-06,5.57623457797585
"SKIDA1",43.1725121733657,-1.56438731614463,0.282171446170368,-5.54410213143993,2.9546634796676e-08,3.29825925161134e-06,5.48171521069298
"LOC103345141",96.340316259966,3.85395762780745,0.696206190381673,5.53565550127418,3.10066493147043e-08,3.41846891424307e-06,5.46616836499141
"GPC6",275.619297720669,-2.63232302498741,0.475567597357916,-5.53511853963906,3.1101793309361e-08,3.41846891424307e-06,5.46616836499141
"SLC8B1",1375.80794080458,1.12213683471868,0.202750916514449,5.53455862991726,3.12013050936604e-08,3.41846891424307e-06,5.46616836499141
"C12H6orf222",972.261255721489,1.58266938070789,0.287318247239747,5.50841930824973,3.62070140189637e-08,3.94256620750053e-06,5.40422100483211
"LOC103351679",5241.00711784632,1.62873540770716,0.297059604325622,5.48285725824174,4.18510694793363e-08,4.52935751334598e-06,5.34396339803079
"CD163",3336.23085518371,3.98622658404662,0.727507711557581,5.47929117550133,4.2703311296252e-08,4.59358225574047e-06,5.33784850245313
"DDIT4",10610.4487841502,1.29511790961024,0.236888667371368,5.46720079090951,4.57198053326699e-08,4.88843870391301e-06,5.31082982605946
"S100A9",8045.22092150495,2.76149671525586,0.506738630430039,5.44954844455483,5.04978671980043e-08,5.30347127158212e-06,5.27543977933935
"IRF7",29738.840671384,2.16803754852657,0.398682545975367,5.43800467417634,5.38805614498181e-08,5.62544755984013e-06,5.24984291943233
"LOC100350712",255.333161780998,-1.28562329357818,0.237133861351753,-5.42150870503959,5.90981186336322e-08,5.99390004359051e-06,5.22229050377927
"DNASE2",2623.90610342812,1.01128387180137,0.186470736873206,5.42328457944054,5.85137228496845e-08,5.99390004359051e-06,5.22229050377927
"SLC11A1",1728.5255270455,3.38385933196822,0.625778660350153,5.40743803899415,6.39326492504731e-08,6.41096379404885e-06,5.19307667578967
"TSPAN2",355.872997793489,-2.08485558256817,0.386053473034388,-5.40043213749941,6.64805569880892e-08,6.58629827530423e-06,5.1813586051781
"HP",240003.492445689,1.49522223626573,0.276828246945917,5.40126324810288,6.61732322404295e-08,6.58629827530423e-06,5.1813586051781
"ADAMTSL1",106.569164697831,-1.36079603177224,0.252018528260813,-5.3995872492516,6.67943934618718e-08,6.58629827530423e-06,5.1813586051781
"ITGBL1",73.727297028395,-3.95116120577618,0.731988101866977,-5.39784894822541,6.74446114595259e-08,6.6136707668239e-06,5.17955742836857
"LOC100337909",5504.45366952775,1.9860812405867,0.369015596959644,5.3821064934659,7.36191868743216e-08,7.17948872435349e-06,5.14390648223376
"ILDR2",1556.82027422407,-1.43601803286233,0.26706012800787,-5.37713376974046,7.56809455322595e-08,7.34022460247035e-06,5.13429065096661
"SLITRK6",703.049989120097,-1.80619070732561,0.336448262799243,-5.368405508467,7.94357906803373e-08,7.66253178687667e-06,5.11562771086354
"ESR1",893.134778311993,-1.67955012204901,0.31554242458211,-5.32273948352058,1.02216082495024e-07,9.53444626116012e-06,5.02070452471613
"UBTD1",836.500180288576,1.03769328783227,0.195859380473478,5.29815465219847,1.16978870990624e-07,1.05393806152923e-05,4.97718491125486
"ANGPTL4",3488.0408621038,2.57489605665135,0.486834897243388,5.28905399187943,1.22950597415504e-07,1.09112507676389e-05,4.96212546294524
"AFM",1547.96030331588,-4.54233531286989,0.861677401859579,-5.27150335272471,1.35310815805964e-07,1.18892656917824e-05,4.92484496757264
"LOC100345649",730.265314443077,2.08453002522524,0.396058430815848,5.26318811325712,1.4157858581784e-07,1.23180309788276e-05,4.90945870802974
"LGALS9",16795.262488452,2.35277061274199,0.447144902296141,5.261763246456,1.42680418269952e-07,1.23533402140165e-05,4.90821559783917
"ATP6V0A1",3451.32954248795,1.0233710139029,0.195485409481811,5.23502504159073,1.64962496882814e-07,1.40765353710243e-05,4.85150422405764
"SLC25A20",4688.84662557002,1.0166902065241,0.194250515466156,5.2339125282848,1.6595901349582e-07,1.40938111508963e-05,4.85097155210036
"PEG3",221.045974732486,-1.46722491667726,0.280696107664238,-5.22709391621606,1.72195046412197e-07,1.45537613274766e-05,4.83702475151226
"LOC100356529",47.5916172127257,1.20862972113711,0.231781166665131,5.2145294569308,1.84284418321963e-07,1.55017257857655e-05,4.8096199497321
"CNTN1",122.973602571032,-1.64875700990788,0.316386766433278,-5.21120724641806,1.87615720908573e-07,1.56343842898316e-05,4.80591921738196
"GBA",2707.88012939285,1.26882144743097,0.243977851323434,5.20055997111367,1.98688994680222e-07,1.64024696119966e-05,4.78509075816475
"TGM2",24747.6460820858,1.40634005308565,0.273111061508048,5.1493339204945,2.61413125639815e-07,2.1283585169638e-05,4.6719552143354
"HMOX1",15628.8337287077,1.68089212166178,0.326795716024105,5.14355617053986,2.69586000087776e-07,2.17618330900637e-05,4.6623045249955
"RHBDF2",2514.92196326997,1.14083484662583,0.22243770365948,5.12878360033908,2.91620326340325e-07,2.32106240906476e-05,4.63431318201368
"TCN2",8758.45602304378,1.44550201507256,0.284098257634316,5.08803548148884,3.6179169237517e-07,2.82882852333344e-05,4.54839337761447
"MSR1",1122.25675778405,2.87960743855015,0.567755794339752,5.07191202143321,3.9383846836544e-07,3.06589428728868e-05,4.51344282379302
"COL4A5",771.16124386413,-1.52463688217468,0.300994485669733,-5.0653316082594,4.07690026652871e-07,3.15986475242874e-05,4.50033150552429
"LOC100350716",5480.72022721731,1.17349904780095,0.232494779994186,5.04742105534711,4.47813712402794e-07,3.44079895300311e-05,4.46334070260493
"MYH15",31.6985763799248,-2.40095149825381,0.475814015325197,-5.04598734153065,4.51185280071945e-07,3.4517618689642e-05,4.46195917314283
"FKBP5",12437.4762258853,1.78001231509381,0.353112170721644,5.04092597957203,4.6328464969329e-07,3.5291155568267e-05,4.4523341209343
"LOC100357148",205.779149163426,-2.91559329246044,0.579920295018032,-5.02757588845858,4.96718937376559e-07,3.73570526249854e-05,4.42762739580381
"CSF1R",8785.19183576494,1.30109589166555,0.259050410904138,5.02255868703109,5.09876100197628e-07,3.80243315227214e-05,4.4199384122137
"IL18BP",3311.37396688553,1.94920564964108,0.388503867454517,5.0172104139202,5.24271393833778e-07,3.87720540381488e-05,4.41148119064087
"COL21A1",406.50491741613,-2.8213700613431,0.562515770814717,-5.01562837475078,5.28604153103731e-07,3.89302701802412e-05,4.4097125822212
"TSPYL5",26.6957657879313,-1.54312584576552,0.308576409934995,-5.00079006716879,5.70958561439721e-07,4.15325553565312e-05,4.38161134740927
"PKIA",171.66773723528,-1.69405023491554,0.338922268435267,-4.99834443672473,5.78246288961298e-07,4.18909933990779e-05,4.37787934069816
"LOC100352436",3705.80040627756,1.90932306945296,0.382625735704473,4.99005396471202,6.03624268404138e-07,4.30270166261247e-05,4.36625876564715
"LOC100349940",698.321199807286,2.51930481901902,0.505295292603154,4.98580702392891,6.17037085521135e-07,4.36326343861141e-05,4.36018856503717
"ROBO4",1056.40350894793,1.12770321169065,0.22629465112244,4.98334011032584,6.24959581022452e-07,4.38435083144961e-05,4.3580947013151
"LOC108177650",476.736445272587,1.42690969794415,0.286621433264893,4.97837751242217,6.41195008918586e-07,4.48053945405354e-05,4.34866969407899
"NRSN1",128.557335274862,-3.68771577118775,0.743381284414928,-4.96073259914007,7.02278119373052e-07,4.82677449306558e-05,4.31634299094825
"HSPA6",132.667651527313,1.72337610536648,0.347443448325698,4.96016290901813,7.04340860726794e-07,4.82677449306558e-05,4.31634299094825
"CTSK",28480.2143668606,1.64361878352217,0.331953520368917,4.95135217031448,7.36995936279907e-07,5.01185474062531e-05,4.3000015247208
"KLHL38",77.0850882877516,1.12789915025771,0.228122992993728,4.94425895196247,7.64340497769255e-07,5.16684226971417e-05,4.28677479613546
"NFE2",604.330791355172,1.51351744216967,0.30656912457173,4.93695327043783,7.93524749167202e-07,5.33495105036692e-05,4.27286956099173
"LOC100353852",6326.59195653362,1.52483513486606,0.309412419126894,4.92816396694378,8.30059449618952e-07,5.49728551167417e-05,4.25985170656264
"LOC100350311",4808.30185792819,1.17887588532773,0.239369344784371,4.92492422699191,8.43930501603013e-07,5.56837266652486e-05,4.2542717070183
"SAMHD1",9710.21149846906,1.02901494437502,0.209013588093271,4.92319639963231,8.51419251421256e-07,5.59697788647255e-05,4.25204640897712
"KCNN2",235.570554884224,-2.49082280956194,0.507341659264602,-4.90955702942355,9.12823515559429e-07,5.89152893733247e-05,4.22977198485989
"SPINK8",427.333327756341,-1.19896472546078,0.244333864072427,-4.90707552967516,9.24444400377706e-07,5.94491437039996e-05,4.22585439650881
"SERPINE1",4306.25237492793,2.98161635013351,0.60790452717346,4.90474444070514,9.35490568199623e-07,5.98443228043456e-05,4.22297704311373
"FABP4",7435.55572406287,2.91163778594564,0.593683750115124,4.90435823008635,9.37332905493723e-07,5.98443228043456e-05,4.22297704311373
"CAPN6",107.41691553024,-1.88338214212551,0.384973453062685,-4.89223900282506,9.96952749312418e-07,6.34226320700578e-05,4.19775573850284
"LOC100343623",375.153263682143,2.16277582125608,0.44250369889874,4.88758811878541,1.02078810129887e-06,6.4707028606977e-05,4.18904854283306
"ASTN2",175.62691475133,-1.04933912663592,0.215277486561358,-4.87435608524181,1.0916393115545e-06,6.84646860098264e-05,4.16453337924777
"BCL2L14",633.507535119917,1.32335712529081,0.272323280541729,4.85950787115327,1.17677903880853e-06,7.32864952975879e-05,4.13497604661515
"PKIB",2897.24488520834,1.68895438186214,0.348420782740722,4.84745590827451,1.25054814489211e-06,7.70693716100352e-05,4.11311818204691
"LOC100342351",27.3294307602342,-1.95090863781523,0.402603516269567,-4.84573174097411,1.26145869640884e-06,7.74727695590331e-05,4.11085091824645
"LOC103347220",54.9076349671082,-4.80705214124518,0.992509944261677,-4.84332894500228,1.2768164510687e-06,7.81455696207529e-05,4.10709563880667
"PDZD2",426.106292495267,-1.08594815056611,0.224304742507769,-4.84139630051957,1.28929953044197e-06,7.83691005678579e-05,4.10585513754569
"THEM5",116.82952976036,2.11178064918793,0.438158639129704,4.81967137149795,1.43794888399655e-06,8.64864064164154e-05,4.06305214782154
"GUCY1A3",538.684945929388,-1.03974838369771,0.215757334122651,-4.81906391699598,1.44233344409595e-06,8.64864064164154e-05,4.06305214782154
"GPX3",43044.3497655823,2.53925950590519,0.527899376542676,4.81012029704474,1.5083948678689e-06,8.98406057376013e-05,4.04652732856749
"FOLR2",2014.57591272084,1.28377003001721,0.266855469974715,4.81073155494564,1.50378875436924e-06,8.98406057376013e-05,4.04652732856749
"NRXN1",181.360120384515,-1.48831227272002,0.311518684417346,-4.77760194546183,1.77398116521869e-06,0.000103915484163256,3.98331973458315
"NTM",141.270767097157,-1.68138180049449,0.352035683633856,-4.77616866318374,1.78666554859026e-06,0.00010431423296687,3.98165643100534
"CSF2RA",2923.10246402615,1.64305336791055,0.344822145013259,4.76492995496961,1.88919266019467e-06,0.000109117342335514,3.96210622024512
"SCML2",147.572439296654,-1.32469726302196,0.278068097311652,-4.76393112273242,1.89857334232753e-06,0.000109117342335514,3.96210622024512
"TRPC3",38.3600485813256,-1.16881674950686,0.245353116273884,-4.76381456758072,1.89967089873649e-06,0.000109117342335514,3.96210622024512
"CEBPD",3338.87231471791,1.71068140821074,0.361187822400228,4.73626546111833,2.17692405290491e-06,0.000120544185523235,3.91885373307645
"YDJC",170.839124159088,1.53652059467661,0.324755154187823,4.73132011875,2.23064430852595e-06,0.000121820633329314,3.91427914698932
"LOC103347627",4268.18087118387,1.36364299495009,0.288205696278281,4.7314921688203,2.22875417505745e-06,0.000121820633329314,3.91427914698932
"TYROBP",4614.81758158361,1.41092749200285,0.299375185087857,4.71290728918895,2.44207321740429e-06,0.000132958151950027,3.87628502998809
"MMRN2",2581.21913813746,1.06546908073273,0.226204904345775,4.71019443108122,2.4748058553848e-06,0.00013391868636349,3.87315881941567
"LOC100342826",12816.9450375611,2.7253177023578,0.58322169831048,4.67286747089949,2.97023437990883e-06,0.000156900863122029,3.80437466732381
"LOC100357840",272.91814477051,6.95984867840008,1.49012790305857,4.67063844929996,3.00265025909582e-06,0.000158142550292854,3.80095126181281
"OAS1",4843.15256396708,1.9749903949269,0.423311079255403,4.66557690481637,3.07752363964648e-06,0.000161496113570653,3.79183792457207
"ABCD2",15.6249168773468,-2.09295855603932,0.44912916965207,-4.66003701710286,3.16152521758337e-06,0.000165040914961433,3.78240837736646
"LOC100343925",154.116936721193,-1.86822547590588,0.401065059908932,-4.65816063939872,3.19047215652819e-06,0.000166063607936126,3.7797255307285
"C1QTNF3",262.813376381476,-3.68020778936425,0.79057844317637,-4.65508239078464,3.23851178232669e-06,0.000167094027978246,3.77703907172505
"LOC103346239",234.630925016466,2.00077617959754,0.429767664821502,4.65548328404031,3.23221631367378e-06,0.000167094027978246,3.77703907172505
"SH2B2",924.954269518858,1.38278898367682,0.297047542278521,4.65510999710702,3.23807788682007e-06,0.000167094027978246,3.77703907172505
"SLC16A3",617.939148120718,1.20616292219561,0.259432522718651,4.64923560683896,3.33167459997892e-06,0.000171402586884133,3.76598262779773
"SPHK1",505.148552454368,3.19900646523021,0.692464311149622,4.61974200507063,3.84217499063497e-06,0.000193186300024873,3.71402367520087
"CTNNA2",208.940517129476,-1.9584327487078,0.424003243253475,-4.61890983116142,3.85761434902644e-06,0.000193414681019408,3.71351056415306
"LOC100342860",20.4096619931062,-1.53549534676645,0.332862243749773,-4.6130054567581,3.96887878982561e-06,0.000198432759551027,3.70238662795919
"LOC108178767",51.8487786736717,-1.52662257716848,0.331508287816792,-4.60508117978688,4.12304990089281e-06,0.000202517736600693,3.69353693506419
"LOC100338194",259.328123067559,-3.0373708056333,0.66044745235348,-4.59895907662258,4.24607172593506e-06,0.000206563263118566,3.68494691439217
"LOC103346247",238.97483686132,2.87703026409263,0.625652981460608,4.59844410455154,4.2565787990203e-06,0.000206563263118566,3.68494691439217
"CACNA1E",6.85615429176691,-3.67924508776234,0.801295130767481,-4.59162291955819,4.39812482291173e-06,0.000212125862722446,3.67340637838158
"SORBS2",3259.35582099855,-1.02436602088159,0.223763817189875,-4.5778894628543,4.69690760069891e-06,0.000224704617263625,3.6483880035421
"ISG15",14153.8503597674,2.89371337515827,0.632487042687458,4.57513463495282,4.75913834867511e-06,0.000227069748792028,3.64384072050418
"HAVCR1",3204.5624162998,1.47112310055912,0.322013715119689,4.56851069219931,4.91202015727037e-06,0.000233110817570566,3.63243757245885
"LOC103350038",1839.29214532429,1.13713482512839,0.249043135706298,4.56601552941187,4.97081958768581e-06,0.000235272204964894,3.62842937730077
"DKK2",96.1849029124597,-1.77889566533202,0.389853344689263,-4.56298679892027,5.04309867941735e-06,0.000237424930489935,3.62447368047097
"CDC42EP2",1005.64827458319,1.08773629415661,0.238392513190385,4.56279553245837,5.04769678139982e-06,0.000237424930489935,3.62447368047097
"FAM171B",103.70262200332,-1.50867052134637,0.330820114431671,-4.56039537964062,5.10573953191826e-06,0.000239107575071285,3.6214066649568
"CYS1",545.72216838555,-1.34260634289294,0.294517399420039,-4.55866561886256,5.14796593141811e-06,0.000240450650833526,3.61897404307332
"PKHD1",169.392622689194,-1.98510772561241,0.436023100925793,-4.55275814835841,5.2947129707892e-06,0.00024601010606947,3.60904705175819
"LOC100350735",572.203736524439,3.8517619524881,0.84660363431639,4.54966385255162,5.37316808272353e-06,0.000248648490136737,3.60441417358146
"WFDC3",84.4437831701792,1.7442562925865,0.383402291877992,4.54941540396834,5.37951547763293e-06,0.000248648490136737,3.60441417358146
"CCR1",602.063045256746,2.85497085342678,0.628390794308655,4.54330470669573,5.53791109614529e-06,0.000255304893624631,3.59294086066067
"ANKRD35",108.339543617117,-1.29760448267727,0.286108079417062,-4.53536469617044,5.75040335101187e-06,0.000263051312054406,3.57995952767573
"IGSF6",1957.28580201609,1.64919272998862,0.363936494805474,4.53153985249576,5.85552875474143e-06,0.000267171670611583,3.57320959391105
"LOC103352261",1330.38127023845,1.44832782154765,0.320363726776921,4.52088579477714,6.15814059510379e-06,0.000279919079290115,3.55296749900429
"KIAA1257",74.5569250371815,1.25106839801167,0.277055637950858,4.51558541549541,6.31420890888717e-06,0.000284443893207712,3.54600338576565
"LOC108176726",68.9880697364487,1.95779179156551,0.433638502697301,4.51480156717573,6.33760792142861e-06,0.000284775197461864,3.54549783833052
"IL4I1",721.525665563622,1.61339427236256,0.357615881586842,4.51152858537345,6.43621073369852e-06,0.00028727194445641,3.54170678599108
"CFP",6491.42254186935,1.37161845414627,0.304037462953929,4.51134686107451,6.44172820404817e-06,0.00028727194445641,3.54170678599108
"KANK4",92.3166914166959,-1.72427826210218,0.383412028198109,-4.4971939722539,6.88561650088629e-06,0.000304770092953194,3.51602765249863
"SHISA5",4609.2725780067,1.29217379891904,0.287480820506742,4.49481741648478,6.96296664257822e-06,0.000307427101838609,3.51225784906747
"P2RY11",26.0701892215068,1.84828960562906,0.411810959700163,4.48819916540052,7.18277630091302e-06,0.000316345152766514,3.49983881567894
"LOC100350480",442.258849914094,1.229630886013,0.274344226314405,4.48207313320244,7.39214006195443e-06,0.000323160329949825,3.49058195712177
"GPR156",179.343378130858,-2.64547356709723,0.591540428358606,-4.47217711634323,7.74272554374878e-06,0.000335184477258529,3.47471610220484
"C13H1orf162",5310.32617085814,1.70271154136932,0.381412644423001,4.46422415792001,8.03594012664847e-06,0.000345350850624416,3.46173946995743
"ZCWPW1",624.154694767837,1.08922648717545,0.24443119217212,4.45616812443665,8.34376061960032e-06,0.000355993767397322,3.4485576054222
"MLANA",1597.843040882,1.23677405429215,0.277854426207367,4.45115836797619,8.54083240390468e-06,0.000361792922045117,3.44153993373606
"LYVE1",4433.92255730556,1.90463077634212,0.428349766060583,4.44643823167804,8.73057552623962e-06,0.000368071792808475,3.43406746344716
"LOC103348695",16.0859179359454,-2.21403858146829,0.49814073640433,-4.44460454579488,8.8053681831189e-06,0.000369471583645809,3.43241895791974
"NR1H3",7410.47342036764,1.31791254246829,0.296634882044058,4.44287783482101,8.87635698033059e-06,0.00037157183972615,3.42995720725902
"FTL",156502.49396682,1.07668951748876,0.242440241834289,4.44105116107205,8.95205062467493e-06,0.00037210760313198,3.42933145611518
"PDCD4",3592.69102089014,-1.13878381742562,0.256500385475707,-4.4396963198072,9.00859046110182e-06,0.000372712056163395,3.42862655884114
"CSRNP3",46.5337637470481,-1.97853821290601,0.446749655972387,-4.42874031676547,9.47850649281876e-06,0.000390334133969931,3.40856346884021
"RCAN2",119.861201690975,-1.42701304496812,0.322274069562873,-4.42794869256373,9.51335232973048e-06,0.000390862246528672,3.40797627614257
"IL18",6904.3984241048,1.1734381250408,0.265054353847133,4.42716034658147,9.54817546433735e-06,0.000391386989183657,3.40739361562146
"LOC100359306",2854.15259199016,1.8698977902243,0.422624210779817,4.42449282963227,9.66691143338025e-06,0.000394432209266818,3.40402762786955
"LOC100343557",17357.5684636508,2.21253312903381,0.500558691295222,4.42012728479205,9.8642782126836e-06,0.000399728479445026,3.39823490846943
"DPT",635.065810506472,-2.21580931921459,0.501557795915197,-4.41785440732983,9.96855301849524e-06,0.000403033821242077,3.39465850779813
"LOC100342424",153.819492278208,-2.46550050130964,0.558429984436492,-4.41505751844175,1.00983136281736e-05,0.000407041967648938,3.39036081097449
"LOC108176481",624.195090214121,1.38204456196475,0.31311850005353,4.41380679113012,1.0156861223403e-05,0.000407860022294525,3.38948886136042
"CCL2",857.59188573483,3.26740926120495,0.741319663967406,4.40755779189558,1.04542711530282e-05,0.000417911843907876,3.3789153204789
"OGN",2230.44405676224,-2.14060198938648,0.485661256747393,-4.4076029529773,1.0452092259373e-05,0.000417911843907876,3.3789153204789
"ICAM2",1105.0025814779,1.00944104078158,0.229302890426127,4.40221681857425,1.07150396161404e-05,0.000426415332167884,3.37016718823055
"SLC6A7",56.4034253444857,-1.435540519322,0.326445432913124,-4.39748997715045,1.09509940098752e-05,0.000434609104928685,3.36190117958276
"LOC100343802",5256.71893140156,1.90680232176796,0.434687398602255,4.38660593313565,1.15133104356065e-05,0.000454110548714622,3.34283840958254
"UROC1",5896.00613945386,1.83718550423548,0.420181481879033,4.37236190424116,1.22909561075081e-05,0.000481572141174748,3.31733864484831
"LOC100352209",76.8091313064447,-1.10544635926046,0.253203723669052,-4.36583768691067,1.26636493860494e-05,0.000492910335423224,3.30723207539323
"LOC100349084",1303.56291881788,1.16115378545851,0.266338180636345,4.35969706890781,1.30242616538293e-05,0.00050583724309369,3.29598919817345
"MPP1",6547.12391042702,1.35725026141681,0.31162997111829,4.35532646794623,1.32868741732835e-05,0.000514909890178185,3.2882687663422
"ECSCR",434.539508619923,1.0350867523788,0.2385429388724,4.3392051647879,1.42998975255732e-05,0.00054700189909784,3.26201116586715
"LOC100345716",611.732447775642,-1.39875844071514,0.32257466278275,-4.33623158325113,1.44946233525833e-05,0.000553258214806456,3.25707212892601
"FAM64A",139.826180884219,-2.60789081601115,0.60174061634374,-4.33391189688517,1.46482817113228e-05,0.000557923502348214,3.25342534368883
"ZNF385D",70.2366615913641,-3.53217489815708,0.81584360565535,-4.32947549465655,1.49464900528084e-05,0.000565939458616626,3.24723002498666
"RAB20",172.618071894362,1.18282816490676,0.2732986165665,4.32796982204609,1.50490082862497e-05,0.000568308187388608,3.24541608720341
"LOC100357197",43.7893331053686,-1.67250312969306,0.387753522784434,-4.31331511235002,1.60824638659617e-05,0.000597170818319986,3.22390142290323
"GFRA3",132.648011216163,-2.09315096198777,0.486286766860977,-4.30435517606049,1.67472802774844e-05,0.000615419208374886,3.21082895274077
"SHISA2",743.367668665609,-1.74370695898338,0.405602229504135,-4.29905664255134,1.71526635220084e-05,0.000628349942306379,3.201798420459
"SKAP1",1536.85295070326,-1.02058492493503,0.237924518781601,-4.28953237001967,1.7904971672887e-05,0.00065121996356982,3.18627229433612
"LOC108176161",1194.28110714723,1.68606284469873,0.393255023523662,4.28745405358382,1.80732624806577e-05,0.000654657828100395,3.18398563465947
"GPC3",502.348384331983,-1.41464331018499,0.330075732580083,-4.28581434668714,1.82070994313579e-05,0.000658162541358802,3.18166683876013
"TTC21B",1354.02578261238,-1.10957085187427,0.258939917098351,-4.28505139071637,1.82696951720447e-05,0.000658608889095078,3.18137241201025
"BMPER",219.694189126272,-1.50985489535232,0.352627828194802,-4.28172360383945,1.85451243326964e-05,0.000666310550164026,3.17632331018715
"LOC100343913",4649.60762088797,2.92997495756316,0.684805211057661,4.27855236825359,1.88112735608589e-05,0.000674507665518556,3.17101311037533
"SAMD5",31.9470940019564,-1.32304018579894,0.309295623154396,-4.27759103832679,1.8892670161381e-05,0.000676060489303128,3.17001444459788
"DGAT2L6",12.1672842643582,-2.34721842045256,0.549472650666098,-4.27176569681338,1.93931281625857e-05,0.000692572699713751,3.15953463175472
"WNT9B",281.10213494409,2.34981933617953,0.550400605399231,4.26928915616853,1.96096917141959e-05,0.000698900438223421,3.15558468721547
"TRIQK",360.245017060837,-1.31321118537868,0.307923924620781,-4.2647260585417,2.00147613005033e-05,0.000711907812269806,3.14757624121519
"LOC100348199",724.525710525213,1.44575268561071,0.33951411732703,4.25829917469416,2.05988154158118e-05,0.000726855615934879,3.13855184970532
"F2R",907.53740253293,1.37548590260674,0.32315343066007,4.256448399131,2.07699945614319e-05,0.000729993333605652,3.1366811058953
"PVR",679.830848992833,1.77014011108055,0.416380319312116,4.25125787406311,2.12573238262606e-05,0.000744174044560748,3.12832548145318
"C1QTNF9",92.288245847944,1.92907373549636,0.454313939453609,4.24612491048901,2.17499407485243e-05,0.000758427698124869,3.12008581474814
"GLP2R",283.789365728552,1.77711458026609,0.418569824995567,4.24568249821856,2.17929045148893e-05,0.00075843580830347,3.12008117068386
"LOC100344043",57.5285180222876,-1.04770364449977,0.247426884830023,-4.23439694202801,2.29165848411931e-05,0.000794426688176437,3.09994617446601
"LOC100348203",79.8796744517203,1.84006439496053,0.434905086502837,4.2309562524478,2.32699930795774e-05,0.000802336323386621,3.09564354596367
"LOC103346068",180.637782737768,1.55420895791981,0.367350944965988,4.23085602260725,2.32803654596941e-05,0.000802336323386621,3.09564354596367
"BCAR1",4150.04857357629,1.00690139310208,0.238180561363001,4.2274709041747,2.36332723872191e-05,0.000809794161435119,3.09162535879217
"LOC103349708",231.905063221027,1.47160135709599,0.348442470397128,4.2233696581785,2.40676584004372e-05,0.000821493978748769,3.0853956154374
"CDKN1A",4639.47326882264,1.32139292956102,0.312946776616591,4.22242064240827,2.41692507516559e-05,0.000823378179637507,3.08440064643325
"LOC108178943",28.7403276662312,-2.10935216588719,0.500154889677532,-4.21739786898249,2.47137693324429e-05,0.0008387087798882,3.07638881061669
"RSAD2",7872.56397476743,2.88114984281412,0.684119839949176,4.21146950368837,2.53714809803532e-05,0.000857288317627975,3.06687309441659
"LOC100009168",54578.5958881675,2.19020233470973,0.520117425737793,4.21097664936511,2.54269030473456e-05,0.000857288317627975,3.06687309441659
"BARD1",1032.37488385883,-1.02556662671813,0.243560169788222,-4.21073210619729,2.54544449484446e-05,0.000857288317627975,3.06687309441659
"LOC100328613",5327.46390230918,-3.4619753886963,0.823173799678162,-4.20564331621079,2.60340549151815e-05,0.000871846114508598,3.05956016359666
"AIF1L",4376.5399206325,-1.49212466572888,0.354894628362888,-4.20441603360405,2.61757086271868e-05,0.000874939081777661,3.05802218397061
"CEBPE",71.0820464015654,1.98748747788573,0.474000322906256,4.19300870028901,2.75278881320778e-05,0.000910320953595561,3.0408054606455
"CXCL16",5119.7017806495,1.31701863642286,0.314012650833886,4.19415788798768,2.73887169029326e-05,0.000910320953595561,3.0408054606455
"TEF",2669.40461143319,-1.36488344527199,0.325922364644091,-4.18775632891118,2.81725752406043e-05,0.000927708790251364,3.03258832834424
"LOC103347102",613.930666078349,2.20383053677399,0.526570140945916,4.18525542070252,2.84845623097089e-05,0.000934547294205017,3.02939871558795
"FPR1",2364.41402606731,1.73077178033865,0.41358253402141,4.18482802818036,2.85382068544211e-05,0.000934547294205017,3.02939871558795
"RFTN2",292.523098673846,-1.14118871535465,0.272671698190754,-4.18521145731927,2.84900759856837e-05,0.000934547294205017,3.02939871558795
"C3",62809.7385053319,1.50115241505986,0.358752660240817,4.18436594742516,2.85963133680754e-05,0.000934725535856298,3.02931589261573
"YPEL1",595.990053310933,-1.15633016335025,0.27676860227402,-4.17796727609081,2.94125959285641e-05,0.000952607385531862,3.02108605574139
"RTKN2",138.272767002449,-1.91275785210963,0.458913613669832,-4.16801287896804,3.07266577610129e-05,0.000982644051531924,3.00760377052035
"MMP14",2479.57298728661,1.44683429340598,0.347333888791932,4.16554312750258,3.10612194968079e-05,0.000986809527660809,3.00576666604231
"ADAMTS6",179.417573723379,-1.00360718991772,0.241160341303703,-4.16157642045231,3.16058192958895e-05,0.00100173515479061,2.99924708487259
"PDK1",2322.1139350076,-1.12504608615498,0.270972373127572,-4.15188483301697,3.29748200752561e-05,0.00103771291048887,2.9839227800481
"DLK1",58.9411980145842,-2.02833793523167,0.489207104345415,-4.14617432415602,3.38076472536386e-05,0.00104993706734615,2.97883673152377
"NIPA1",912.424796611104,1.39363596970089,0.336174045813985,4.14557871749572,3.3895652689692e-05,0.00104993706734615,2.97883673152377
"MEIS3",571.878966783703,1.25635979626506,0.303245049171768,4.14305130354632,3.42715239465979e-05,0.0010597304503975,2.97480458642551
"COL4A6",148.632372182471,-1.56551807485321,0.378138366410047,-4.14006674254152,3.4720478784345e-05,0.00106988503115163,2.97066288868776
"LOC100348711",86.7040413838924,5.20628781535045,1.25827410092787,4.13764203801957,3.50893232286545e-05,0.00107750933907507,2.96757895699907
"LOC100338508",114.891065501116,-12.7624819973554,3.08982164081691,-4.13049149140569,3.61988493444254e-05,0.00110584058005888,2.95630747718234
"CTNNA3",16.1923726218232,-3.31654334436918,0.806585336339642,-4.11183193513033,3.92532007997709e-05,0.00118689107494912,2.9255891359057
"DHX58",4324.81409698589,1.25044121986473,0.304178129264564,4.11088470722082,3.94145983580447e-05,0.00118974439839615,2.92454633128766
"DPEP1",75.8469064150051,1.44969345194916,0.35301822481783,4.10656830167127,4.01580753332632e-05,0.00121004257222452,2.91719934988442
"LOC103347188",8.84394477396747,2.41117797658158,0.587647254390468,4.10310430035542,4.07643365665359e-05,0.00122424062558282,2.91213321283414
"ADRA2B",324.17369273577,-1.33580514770775,0.32605973650852,-4.09681109974413,4.18880437744704e-05,0.00125374517530029,2.90179072523333
"CEBPB",1196.83185749697,1.13731192617206,0.277882555343301,4.09277914105476,4.26233658722518e-05,0.00126831456747153,2.89677301934541
"LOC103351259",76.2617680639681,-1.45372538701344,0.355359553364862,-4.09085776152144,4.29780671424207e-05,0.00127241091399556,2.895372614425
"CTHRC1",29.2223063515291,-1.68921139359811,0.413829126551109,-4.08190551418204,4.46679572510997e-05,0.0013082699228544,2.88330264292894
"DLG2",204.433238064459,-1.87896507236874,0.460381051569995,-4.08132581903855,4.47795296024322e-05,0.0013093770525759,2.88293527455423
"LGALS3BP",32837.8286456378,1.13398790669527,0.277998281564242,4.07911840431007,4.52068090173468e-05,0.00131752980829046,2.88023955036239
"CXCL11",2706.76029914018,2.7458918629646,0.673402930249851,4.07763575062823,4.54959673363408e-05,0.00132161689730395,2.87889441739131
"TSPO",2273.96254637136,1.34858413441296,0.331012132332653,4.07412297824085,4.6188071531656e-05,0.00133516625670254,2.87446465199767
"PDGFRL",171.196742062045,-1.89455467291583,0.465296132275088,-4.07171807694235,4.66676420799873e-05,0.00134464931700924,2.87139096439455
"LOC108178942",35.2927359967408,-2.99061859265054,0.734674419083612,-4.07067200785465,4.68777129167355e-05,0.00134851300900995,2.87014485958263
"C2CD2",1558.14406155943,-1.18773382947372,0.29182915178908,-4.06996292931063,4.70206191075576e-05,0.00135043522417482,2.86952624261916
"STAB1",4557.92098384587,1.09897701674284,0.270051505401828,4.06950894462742,4.7112331014884e-05,0.00135088330078058,2.86938216690403
"IGF1",8783.28554115756,-1.47297405031121,0.362319291933276,-4.06540331444032,4.79494696481027e-05,0.00137045915746244,2.86313390281182
"BHLHE22",260.025937927846,1.23469259066679,0.303979403975534,4.06176396992397,4.87033060307101e-05,0.00138753608144313,2.85775571467886
"BRINP1",47.5039499719556,-1.46614274607761,0.361052251000662,-4.06074949543776,4.89154335237522e-05,0.00139134620130301,2.85656479336657
"ABCA1",6539.24787089588,1.33978745231347,0.330212448893821,4.057349917611,4.96326915556375e-05,0.00140723744795688,2.85163261639835
"SERTAD4",191.338463188999,-2.63517051274454,0.649656643297182,-4.05625115964387,4.98666363342925e-05,0.00140997531691379,2.85078849005524
"ROR1",82.0361631919701,-1.4158689967297,0.349099183474974,-4.05577859746326,4.99675741922797e-05,0.00140997531691379,2.85078849005524
"CLDN18",1070.59963938011,-3.28300587294535,0.810281757166894,-4.05168429858795,5.08502483772469e-05,0.00142132450149253,2.84730675731628
"SPTA1",168.177234750231,-1.55888260329361,0.384746369508774,-4.05171491360378,5.08435937018154e-05,0.00142132450149253,2.84730675731628
"ZNF354C",153.407628701936,-1.06816500871142,0.263579309897434,-4.0525373904616,5.0665123521391e-05,0.00142132450149253,2.84730675731628
"SIAH3",8.47941699772395,-3.08543583047311,0.76199637338694,-4.04914765769671,5.14045058104792e-05,0.00143230545310863,2.84396435461657
"CPED1",1235.47225370503,-1.22369555777371,0.302813053514033,-4.041092494439,5.3202767607756e-05,0.0014731605651639,2.83174991523182
"EPYC",87.5637855838982,-3.36993901738612,0.834558166793301,-4.03799177993158,5.39107417521645e-05,0.00148581017912914,2.82803667067135
"LOC103347141",82.4804198956678,-4.13886562707087,1.02637730368116,-4.03249917182171,5.51868095551785e-05,0.00150795914788659,2.82161042377642
"EFCC1",847.06058039876,-1.7630585070215,0.437210898803894,-4.03251271147361,5.5183629067956e-05,0.00150795914788659,2.82161042377642
"GRIK4",41.9275064370783,-1.52836085011622,0.379122997484278,-4.03130609395332,5.54677484253193e-05,0.00150795914788659,2.82161042377642
"MEIG1",61.433974992694,1.62606841011944,0.40357985685016,4.02911191557106,5.59879610466053e-05,0.00151714552765832,2.81897275881271
"LOC108176006",25.8650464627061,2.61985058037653,0.651468977113516,4.02145101672282,5.78407369116022e-05,0.00155643197543959,2.8078698556026
"PABPC4L",40.696636679487,-1.55159968756383,0.385839528340713,-4.02136010853119,5.78630676179169e-05,0.00155643197543959,2.8078698556026
"APH1B",2487.89386397452,1.2100210605149,0.301115743033516,4.01845831215879,5.85801706135924e-05,0.0015706033961037,2.80393346781105
"SCN9A",54.8145852699437,-1.48724399617785,0.370498154289526,-4.01417383314585,5.965437154154e-05,0.00159218863231698,2.79800548112009
"CACNA1E_1",63.9408703799434,-1.26492344003282,0.315439536711397,-4.01003454804757,6.07098643525879e-05,0.00161606944589746,2.79153998061463
"TSLP",49.3772523342148,-1.04935605182855,0.261889683620806,-4.00686287951659,6.15305603644721e-05,0.00163244531526011,2.78716135809488
"NOV",107.530803553289,-3.81579578499004,0.952955099825749,-4.00417164007808,6.2235168161272e-05,0.00164167726259774,2.78471221679595
"KCND3",71.2042418832461,-1.03244846191575,0.257846471649615,-4.0041209612468,6.2248509647207e-05,0.00164167726259774,2.78471221679595
"GRIK1",19.0460067212969,-3.65740349356675,0.914576028829716,-3.99901525764537,6.36065799991026e-05,0.00166267038056564,2.77919383983054
"PTPRQ",69.4527114603731,-2.12193343335692,0.531331135845484,-3.99361770881425,6.50727511041461e-05,0.00169849449904043,2.76993585535283
"LOC100344545",575.253395556521,-1.23635767050361,0.309957567118473,-3.98879653753071,6.64093498515295e-05,0.00172829846116539,2.76238125673881
"C7H2orf72",1059.75052918429,-2.15908644162025,0.541935162390323,-3.98403091635008,6.77560519432671e-05,0.00175051261417911,2.75683475536531
"TFEC",667.439994317135,1.49729980897784,0.375878754823535,3.98346485339608,6.7917720099804e-05,0.00175213897391195,2.75643144998905
"VCAM1",10808.6113326858,1.06992624307141,0.269129320740294,3.97550976656265,7.02286615567036e-05,0.00179868472434334,2.74504495365124
"MASP1",4096.83835257661,-1.64527107155283,0.413890095606158,-3.97513999252208,7.03378693228815e-05,0.00179888594036286,2.74499637253071
"LOC103351602",34.0481526865561,1.99644711644212,0.502699224317382,3.97145453954719,7.1435133702737e-05,0.00182431969509335,2.73889905326152
"SOST",6.86766882698538,-3.1165125457853,0.785109422662394,-3.96952635623307,7.2015641112658e-05,0.00183386745209264,2.73663205738194
"CAPN9",298.108583466333,-1.4131718066279,0.356230684661134,-3.96701313917466,7.27789817071081e-05,0.00184536306617066,2.73391817578009
"CYP2C2",22062.6859591424,-2.87907479394521,0.726977377553464,-3.96033615741155,7.48443301452812e-05,0.0018789420307618,2.72608661857357
"ZNF385B",350.411232503011,-2.07773313702303,0.52462674005924,-3.96040266035318,7.48234886246031e-05,0.0018789420307618,2.72608661857357
"LOC108178133",30.6360569222,1.64703763756771,0.415847996592671,3.96067229146954,7.47390444879617e-05,0.0018789420307618,2.72608661857357
"NLRP12",31.2747175689438,1.39134472609621,0.351664044691309,3.95645999953601,7.60686186470208e-05,0.00189893377266663,2.72149018148046
"CDKL1",105.799765889622,-1.33336020485576,0.337658041929681,-3.9488477669175,7.8528269428969e-05,0.00195483626100248,2.70888961367536
"SBSPON",80.2351259623196,-2.75071070672255,0.696852165569043,-3.94733753101901,7.90251097416402e-05,0.00196291208653079,2.70709915082768
"PDK4",11004.277907107,2.54084928132443,0.644533298966613,3.94215362557405,8.07532228260963e-05,0.00199622416704789,2.69979069098177
"LOC103347778",3769.00707656411,1.32344959218407,0.335786881280726,3.94133799133633,8.1028354648345e-05,0.00200023959200762,2.69891798070866
"LOC100340772",2633.09916211055,-3.61472427826173,0.918054303581588,-3.93737523386109,8.23777387675974e-05,0.00202790913368389,2.69295150871927
"ADAMTS4",192.658624419485,2.40862242332375,0.612490482091374,3.93250588172311,8.40649222087353e-05,0.00206086782359509,2.68594986136202
"LOC100349085",24294.2132143376,1.09569760363588,0.278606178930808,3.93278285442475,8.39680844429106e-05,0.00206086782359509,2.68594986136202
"LOC103347708",213.990573602417,1.90804115713949,0.485285442477413,3.93179145741282,8.43151933041619e-05,0.00206415222890423,2.68525827713437
"CHI3L1",1601.67530502207,2.45015077408237,0.623256911833497,3.93120513798156,8.45211136547935e-05,0.00206442689760569,2.68520049110294
"LOC100357878",404.636693766846,2.00616164384245,0.510331209949947,3.93109730451173,8.45590373857308e-05,0.00206442689760569,2.68520049110294
"ADAM8",803.246956903283,1.25885602176227,0.320559048236307,3.92706438544914,8.59889681324253e-05,0.00209070985668824,2.67970623326667
"POMC",86.6356911449697,1.2974711976746,0.330463096811526,3.92622114297558,8.62908262818192e-05,0.00209517903649249,2.67877885993467
"FREM1",101.892720491959,-1.26643602213727,0.322987485655986,-3.92100647356397,8.81798936898088e-05,0.00213343998258444,2.67091957009974
"SDC4",13305.243078585,2.0161456989896,0.514333826999052,3.91991658560174,8.85796221703955e-05,0.00213904722979912,2.66977962617429
"TLR4",2990.70470058981,1.32416906752676,0.337902635216987,3.918788815235,8.89950461880956e-05,0.00214615906901156,2.66833809213998
"TLN2",623.677637906671,-1.07139269973743,0.274803278745902,-3.89876243335545,9.66855751853797e-05,0.00228201100261344,2.64168226598144
"TIMP1",6817.16208711203,2.21739160340143,0.569145502236737,3.89600127680374,9.77938730733628e-05,0.00230510418748887,2.63730944032687
"INSC",23.2324154889178,-2.1113442650561,0.544003737689534,-3.88112087983677,0.000103976141597801,0.0024378765352964,2.61298829272799
"STRIP2",78.6886534132989,-1.39310521147228,0.359469439513101,-3.87544825329025,0.000106428596218019,0.00247770863843076,2.60594976501459
"NFAM1",1604.00716447427,1.34066148635114,0.34617770883032,3.87275509703101,0.000107611947049116,0.00250000582221828,2.60205897990623
"NCF2",1450.20236320433,1.17450376098844,0.303951238537982,3.86411901671416,0.000111490854401928,0.00256993659062314,2.59007759210925
"CACNA2D3",40.9624339405568,-1.36729773122015,0.353978366076542,-3.86265902737258,0.000112159505375083,0.00258199618794079,2.5880444032615
"NOTCH3",896.675696136359,-1.39753994789974,0.361883337598448,-3.86185215703541,0.000112530659778154,0.00258383787891651,2.58773473932276
"FN1",36714.5779680303,-1.22079675600745,0.316100746616164,-3.86204958095162,0.000112439739326424,0.00258383787891651,2.58773473932276
"LOC103348693",30.5114527734476,-1.44255666913751,0.373742178928637,-3.85976416489228,0.000113496506173598,0.00260264791740981,2.5845845786707
"GLS2",5078.48171836118,1.27282059900998,0.32984390556087,3.85885740967583,0.000113918376109163,0.0026089513000794,2.5835340275706
"COL4A3",129.786279165515,-1.00452128085716,0.260598300985489,-3.85467317729403,0.000115884330945362,0.00264374163232549,2.57778098985889
"DZIP1",261.192091407445,-1.3211758988137,0.343306044655058,-3.84839101840218,0.000118896169232233,0.00270203342855685,2.56830928235027
"LOC103347550",116.139761585566,-1.56287056899548,0.406315896750702,-3.84644209466997,0.000119845437646813,0.00271664964596844,2.56596636696808
"DIO1",1047.52183167046,-4.32069099252937,1.12375549220971,-3.84486752009845,0.000120617584922517,0.00272025605437071,2.56539021443404
"SELP",151.168767073079,1.76734286919244,0.459562156207383,3.84571019462906,0.000120203768713901,0.00272025605437071,2.56539021443404
"H6PD",3653.91688260208,1.13949452409373,0.296449747087429,3.84380332683391,0.000121142102765082,0.0027286182512404,2.56405722027616
"RGS5",5622.75378329006,-2.03390969352906,0.529608385149052,-3.84040311778039,0.000122832441403036,0.00275619848604612,2.5596895101713
"UBE2L6",5942.94152784296,1.23285889979443,0.32128860101651,3.83723199607407,0.000124428911400211,0.0027814719753682,2.55572531142125
"PCDH9",123.359481102425,-2.06857118496994,0.539151564674224,-3.83671553697493,0.000124690762581824,0.00278381930196829,2.55535895825147
"PARP3",1398.59216043556,1.3795396607971,0.360341509757721,3.82842282512678,0.000128967057338379,0.00286129537587361,2.54343730700058
"AFF3",2434.05536378693,-1.06727810980132,0.278735691085366,-3.82899694562061,0.000128666603623645,0.00286129537587361,2.54343730700058
"LOC108175448",260.342054667175,3.09958512257516,0.810239955360636,3.82551502436774,0.000130498974811009,0.00288574663158127,2.53974180260379
"CRISPLD1",148.789199714781,-1.89964129528028,0.497211040034399,-3.82059355550283,0.000133130892266705,0.00293537022268633,2.53233711570093
"PRDM5",141.717614964534,-1.12571804126791,0.294645068692487,-3.82059012989216,0.000133132741521353,0.00293537022268633,2.53233711570093
"LOC108177938",24.2254212340513,-1.74907457182144,0.458177789723478,-3.81745822484554,0.000134833608494629,0.00296526043178705,2.52793715757086
"LOC100341104",15315.210748813,-5.04623550807034,1.32347153686618,-3.81287800115385,0.000137357923517572,0.0030024209168884,2.52252842299626
"FAM81A",264.251397587904,-1.78008255136189,0.467620060189461,-3.80668560420755,0.000140841603033263,0.00305545297142454,2.5149243964174
"KLHL4",248.379141406571,-1.0764890502364,0.28280830580717,-3.80642657281217,0.00014098912522377,0.00305545297142454,2.5149243964174
"GFRA1",196.158878132013,-1.41467969629741,0.37171523982096,-3.80581570176893,0.000141337601780385,0.00305926962682934,2.51438224505395
"LOC100339446",126.218688183718,-2.12701576950595,0.559042674863498,-3.80474669491968,0.000141949378505146,0.00306876920717155,2.51303577231136
"PEBP1",3496.78236633018,-1.04535916572964,0.274789217917451,-3.80422191835661,0.000142250612164065,0.00307154028625302,2.51264378411045
"SULF1",255.32201733597,-1.57026367176584,0.412841234445169,-3.80355337779223,0.000142635241702029,0.0030761031652118,2.51199910341843
"CDH16",55.1304804902696,-1.79430127598227,0.471837478363309,-3.80279515354794,0.000143072653980796,0.00307831669243469,2.51168670266511
"PTGER3",99.1813402638904,-1.3601945804071,0.357684812276702,-3.80277421271905,0.000143084752451328,0.00307831669243469,2.51168670266511
"BCO1",462.556995143048,-3.03624611959933,0.798576255606941,-3.80207412664893,0.000143489779034692,0.00308197937227507,2.51117027234605
"LOC103348640",43.402783279878,-2.75224442767458,0.723916702548291,-3.80187999252716,0.000143602284121443,0.00308197937227507,2.51117027234605
"DACH1",233.034143777625,-1.06115359778261,0.279564037771728,-3.79574428184885,0.00014720116913471,0.00314401149334774,2.5025158750091
"MAFF",72.3204121337796,1.7282865101924,0.455471489454044,3.79449987586276,0.000147941355922188,0.00315602298829677,2.50085984207413
"FAM167B",104.718838157315,1.48244864893448,0.390878629500516,3.79260603433048,0.000149074562438091,0.00317590633694161,2.49813231416347
"LOC100358539",27120.6921442755,2.02729613463987,0.534758680190722,3.79104857899049,0.000150012606284755,0.0031848968288853,2.49690463157715
"CCL25",3231.30370759998,-3.16538620950439,0.835448934920369,-3.78884462855423,0.000151349528882911,0.00320944180184324,2.49357049515263
"MILR1",1428.50085985571,1.79510518404159,0.47384820916582,3.7883548978728,0.000151648120134668,0.00321135282143273,2.49331197721654
"PSD3",794.87577961335,-1.02360867787842,0.270216648589196,-3.78810366875133,0.00015180151091228,0.00321135282143273,2.49331197721654
"LOC100350215",264.319433971333,3.35100409244443,0.885099327439796,3.78602038048929,0.000153079125186449,0.00323452546777892,2.49018942499271
"TIFAB",257.30679670811,1.72132256476375,0.454692553999035,3.78568452380551,0.000153286040402879,0.00323504629145148,2.49011950047346
"TREML1",104.787870067513,1.91023869235226,0.506121794189528,3.77426681538422,0.000160478934396293,0.00337081728591694,2.47226478763584
"SDPR",2250.7890489114,-1.13338750706365,0.300426236747505,-3.77259829012941,0.000161556289438391,0.00338943567522696,2.46987260372505
"BCL3",1180.53026837295,1.01464800436329,0.269943445711204,3.75874287923553,0.000170769217378377,0.00352850155907895,2.45240968633549
"COL3A1",17333.5536209896,-1.89870767263381,0.505436623108095,-3.75656924296073,0.000172258624953361,0.00355513759802,2.44914358567842
"FGF14",17.8364815104298,-3.92408598018893,1.04513863409605,-3.75460809903261,0.000173612906152583,0.00357063206408134,2.44725489939327
"FAM65C",238.19120523408,1.17315142109546,0.31259129333338,3.75298815454941,0.000174739115066019,0.00358134474977688,2.44595387063313
"CAMKV",18.1845295025022,-1.5447395506448,0.411795249266542,-3.75123208292512,0.000175967720481917,0.00359407488013065,2.44441287889962
"MEP1A",88.880865185264,2.13578814426396,0.569702795897524,3.7489514877651,0.000177575427581302,0.00362046829411445,2.44123525145684
"PCP4L1",37.5405417345805,-1.60875734977753,0.430192360674574,-3.73962324029854,0.00018429627571741,0.00373410342204144,2.42781365773137
"LOC100342609",381.629835881345,-1.99087480015658,0.53246537299671,-3.73897515429399,0.000184771985667859,0.00373947317402374,2.42718957794135
"PKP2",4828.50835438559,1.26381053563335,0.338110102931771,3.73786682111768,0.000185588203583313,0.00375171415193648,2.42577025850348
"SYT9",36.1474600724854,-2.73061199009887,0.731055019571389,-3.73516618721776,0.000187591264753494,0.00378358790694292,2.42209617128893
"LOC100341333",99.9382524460972,3.8572814074493,1.03379666680413,3.73117996150411,0.000190585014617154,0.00383960661116897,2.41571326921329
"LOC103347295",41.5046727503144,1.60583765595376,0.430453520007897,3.73057155142859,0.000191045875530666,0.00384452748842834,2.41515702953701
"LOC103347529",65.468977532972,-1.03573397575326,0.277956545401596,-3.72624423813015,0.000194354088454081,0.00390667125251583,2.40819313324037
"SLC15A3",3844.68534488456,1.02410598952662,0.275126543325191,3.72230893155284,0.000197409282109218,0.00396031038460661,2.40227077542816
"DRAM1",3994.85489097991,1.44280581984454,0.387768551044431,3.72079121929415,0.000198599577835577,0.00397849199436079,2.40028151150222
"CCL5",4948.72619647523,2.54199341199397,0.683596538159172,3.71855805302817,0.000200363248642476,0.00400478299567039,2.39742101174859
"PPBP",150.719758981514,1.7492479854431,0.470626853555854,3.7168469504588,0.000201724558660783,0.00402745690851546,2.39496909758635
"TUB",3805.6331494206,-1.24956319035339,0.33664376954899,-3.71182627864302,0.000205769199987088,0.00408980686514091,2.38829720039951
"LOC100358765",615.528653483541,1.89071104554638,0.509458178080753,3.7112193441847,0.00020626327341292,0.0040950412078366,2.38774172363592
"CD84",3536.4372173552,1.36076055897028,0.366691563138999,3.71091319178911,0.000206512918574589,0.00409541652712892,2.38770192144098
"ACE",9490.59057417667,1.67062338353403,0.450243856557149,3.71048568282238,0.000206861996133564,0.00409776068010561,2.38745340912285
"ATP1A4",126.389877911679,1.97634587277044,0.534397687069834,3.69826801385871,0.000217075618095205,0.00428097238396865,2.36845757373745
"SNCA",493.361437948833,-1.47412782639173,0.398831639233264,-3.69611555699461,0.000218923357114945,0.00430289037934741,2.36623971788466
"GREM2",138.3775888128,-2.35669020564886,0.637860708509038,-3.69467843717398,0.000220165237311194,0.00430839338151752,2.36568464993705
"LUM",1994.93990517651,-1.87510924119645,0.507464924779467,-3.69505191321614,0.000219841865258328,0.00430839338151752,2.36568464993705
"ARMC12",103.351551998793,1.54786114466122,0.418940030596054,3.69470814822583,0.000220139495829722,0.00430839338151752,2.36568464993705
"SALL2",66.5372738271712,-1.67988039447766,0.4549541921635,-3.69241656283924,0.000222133229589712,0.0043373406952561,2.36277646296574
"NPHS1",24.3992575397361,-2.44478034733076,0.662406524746373,-3.6907552326222,0.000223589211863961,0.00435618542412014,2.36089364247038
"DPCR1",3068.29324327212,-2.78437467858461,0.754481211974925,-3.69044932384234,0.000223858283685885,0.00435664547932103,2.36084777920561
"PHF24",23.5068295300361,-1.82028944615203,0.493728791830113,-3.68682053036594,0.000227073379783257,0.00439617297452427,2.35692522789471
"NALCN",16.1960669435216,-2.43460717721108,0.663074911769203,-3.67169249506834,0.000240949493055024,0.00461992727574792,2.33536486080534
"APOBEC1",1390.22395528679,1.87355919127135,0.51028322575761,3.67160646617318,0.000241030630308331,0.00461992727574792,2.33536486080534
"KCNMA1",322.819624832086,-1.79873368655669,0.49027806989059,-3.66880306712085,0.000243688697193089,0.00465448612016674,2.33212826043889
"MAGEE2",14.8263756704953,-1.52172645807217,0.414797629532997,-3.66859969712319,0.000243882590103953,0.00465448612016674,2.33212826043889
"RASSF6",390.344963335334,1.38886392572949,0.378626170186611,3.66816674358503,0.000244295850014356,0.0046573652437216,2.33185970213323
"C19H17orf105",20.4191010905004,3.40364605723723,0.928653610068564,3.66514060822521,0.000247202730277958,0.00470268087856749,2.32765449124744
"C3AR1",914.310360073418,1.89898921823189,0.518119730578403,3.66515518741575,0.000247188648176694,0.00470268087856749,2.32765449124744
"MPEG1",25489.1345739029,1.2610732331078,0.344227148657345,3.66349149980356,0.000248800476546384,0.0047179056177583,2.32625075147432
"CDH6",69.5137742114705,-1.358373770742,0.371265549774921,-3.65876600068472,0.000253432606489778,0.00476604550034785,2.32184181585954
"ZMYND15",115.720240122774,1.27767995682722,0.349584149283995,3.65485666167679,0.000257325705717042,0.00482798514880738,2.31623407449037
"SNTB1",854.726337483947,-1.38445214351898,0.378907422708925,-3.65380053423368,0.000258387026986304,0.00484001828542857,2.31515299760234
"PLD5",15.3000426602227,-2.01432096828665,0.551459270979147,-3.65271031659347,0.000259486910505259,0.00485314349268476,2.31397686772863
"SAT1",12551.442660106,1.0148744400167,0.277909369798977,3.65181800365635,0.000260390400002515,0.00486491495752068,2.312924747133
"ITIH2",23067.1720317951,-2.28529093246668,0.625849215236873,-3.65150403136918,0.000260709005804497,0.00486574568246479,2.3128505940465
"KY",110.755801376167,-3.00044069613355,0.821943043617663,-3.65042410107584,0.000261807666309337,0.00487599608533517,2.31193665172429
"ASB9",288.557649895149,-1.55077028066947,0.425041237752465,-3.64851723298576,0.000263758213357436,0.00490717455857562,2.30916849297124
"WNK4",287.496502862322,1.1423331083127,0.313213572606169,3.64713795384933,0.000265177568756154,0.00492841535900835,2.30729269765294
"LOC103346238",16.1216473045725,2.6577925907261,0.729412602045834,3.64374372374648,0.000268700971926987,0.00498867526227206,2.30201476553234
"C13H1orf105",33.0306661215133,-1.16023760153737,0.318696756181788,-3.64056922146882,0.000272035956481742,0.00504004821669565,2.29756530876386
"PANX1",1233.81043233249,1.42024857876876,0.390384504928227,3.63807620650792,0.000274682157397432,0.00508376810390722,2.29381426800993
"LOC103351740",463.318124601278,-1.27693927729096,0.352406470974233,-3.62348419358147,0.000290660974190384,0.00530209828458903,2.27555222604482
"LOC108176875",49.0295565155946,-2.09751593806701,0.57895422285783,-3.62293918112087,0.000291274327584165,0.00530783166354348,2.27508285912212
"FOXR1",26.3509574928445,-1.06516566954899,0.294043793711831,-3.62247288440605,0.000291800057017367,0.00531195816615512,2.27474535387338
"ADRA1A",224.36220554357,-2.13593983935963,0.590451009292549,-3.61747173896581,0.000297494801598176,0.00541007708357174,2.26679654695787
"LGI2",30.1069458764808,-1.79311246928808,0.495791131330239,-3.61666910918121,0.000298418382677621,0.00541577492243875,2.26633939306258
"PLS1",3889.44169752409,-1.34942662589587,0.373172377059762,-3.61609462235134,0.000299081089282336,0.00542225766462939,2.26581984867588
"AGRN",237.378005795964,1.13631471196994,0.314466894079616,3.61346371704951,0.000302133651141006,0.00546643238950226,2.2622960190122
"VIT",54.6573214711599,-2.03886982550178,0.564515195631202,-3.61171823412487,0.000304174957434163,0.00549776101781971,2.25981414242961
"LOC100337703",266.80230420832,-2.45334057366493,0.67937646749792,-3.61116507714839,0.000304824553341472,0.00550389725051657,2.25932968232164
"LIPA",15710.8364873782,1.26575847361606,0.35069970744552,3.60923732396524,0.000307098562917367,0.00553932153782556,2.25654342487852
"TMEM35A",51.8776918970138,-1.45861857158206,0.404240859649178,-3.60829079190047,0.000308220913174522,0.00554828903441642,2.25584092272808
"LOC100347041",369.467649256677,1.6039348915272,0.445006591841625,3.6042946799719,0.000313001771690577,0.0056229437709879,2.25003625938083
"BEX3",592.262457135398,-1.10579723488317,0.307147777246598,-3.60021239546644,0.000317957349274434,0.0056889364841451,2.24496891501748
"ZBED2",13.5237455701297,-2.61868704478671,0.728385852406236,-3.59519207592491,0.000324152329764199,0.00576526270712778,2.23918089831612
"METTL24",20.1978897963642,-1.81490947435075,0.50477153074855,-3.59550680613729,0.000323760663160477,0.00576526270712778,2.23918089831612
"TACSTD2",338.267936049277,1.1351483632506,0.315734211006097,3.59526564965327,0.000324060731103407,0.00576526270712778,2.23918089831612
"C17H15orf48",4054.9277797223,1.65541655925795,0.460982742097112,3.59105972541856,0.000329336148056221,0.00583954774410576,2.23362078642268
"NR2E1",43.6564557972161,1.64985993376016,0.459747240710834,3.58862389518476,0.000332428006692179,0.0058826168402587,2.23042943812972
"HBB2",101621.302119424,-1.47326122329009,0.410521709367769,-3.58875350480005,0.000332262808219593,0.0058826168402587,2.23042943812972
"LOC108175404",100.603331583437,1.87988568413068,0.523932720126778,3.58802879055883,0.000333187505203607,0.00588432341279484,2.2303034656977
"LOC108175833",1069.78013374877,-2.80741724320467,0.783009271617471,-3.58542017951506,0.000336535926356604,0.00592365162367571,2.22741049072547
"SCG5",77.1689646266397,-1.60158495978991,0.446752988605286,-3.58494515009263,0.000337149054165672,0.00592481045780842,2.22732553872623
"SSPN",174.965968709667,-1.21795150499136,0.341014164188711,-3.57155694071807,0.000354865373862301,0.00618713705371511,2.20851026364495
"OAS2",11481.5938785143,1.51331351100891,0.423814762478889,3.57069560804715,0.000356034455346258,0.00619600317005517,2.2078883687151
"FNDC1",536.215308897824,-1.26347446163562,0.353848211074371,-3.57066793639963,0.000356072073550976,0.00619600317005517,2.2078883687151
"STOX1",98.1950252554362,-1.68716568351322,0.47274373233853,-3.56888006778489,0.000358510484239062,0.00622327987257174,2.20598066753869
"LOC103349335",26.8801993677013,-2.68058586031756,0.752767363180011,-3.56097513180382,0.000369480079602177,0.00635455613649132,2.19691477936721
"LOC103350560",60.053679917286,-1.74673182493809,0.490722607616484,-3.55950958408507,0.000371547974618584,0.00637776112331261,2.19533175112787
"LOC103351791",143.415592685291,1.28524888136319,0.361154339758829,3.55872473309182,0.000372659846922674,0.00638749026085117,2.19466974903521
"PKD1L1",9.97447816517383,2.40500493744786,0.676394067118601,3.55562689615691,0.000377078888359227,0.0064465728947934,2.19067110217588
"PRTG",76.4052607220234,-1.71080766759095,0.481334918302688,-3.55429785485688,0.000378989730187006,0.00645555539451935,2.19006638788263
"NEURL1B",227.615783267014,-1.45762963782102,0.410422544271502,-3.55153404257629,0.000382992444639795,0.00651389960484885,2.1861589392615
"TPBGL",15.8366943276785,-2.436113135779,0.687268698109892,-3.54462984052487,0.00039316480659955,0.00664598300222421,2.17744077380809
"E2F7",280.288138790806,-2.20229704964212,0.621533078315681,-3.5433303978128,0.000395107358821218,0.00666097155201047,2.17646242114441
"LOC103345342",42.120709994082,-1.03653576068803,0.292535358246502,-3.54328367996664,0.000395177364598965,0.00666097155201047,2.17646242114441
"LOC103348788",26.3417313485328,-1.82046478581918,0.513932480457974,-3.54222559390863,0.000396765992878825,0.0066750707181102,2.17554412886641
"CENPQ",130.421763432777,-1.33206380562759,0.376325584887548,-3.53965783651312,0.000400646112138234,0.0067212361477708,2.17255084557942
"HIF3A",127.747006207111,1.54026775659435,0.435199376802496,3.53922325879928,0.000401306296484579,0.00672595416081661,2.17224609684479
"HLF",1036.6578975542,-1.81833245416356,0.513960915535396,-3.53788079832761,0.000403352106210697,0.00675386465389969,2.17044764678818
"ABI3BP",349.875999296918,-1.21455143426854,0.343339616396653,-3.53746371308749,0.000403989694097417,0.0067581650146419,2.17017120822944
"LOC100359168",359.088370712493,1.47301535960137,0.416524199200955,3.53644605145906,0.000405549321545941,0.00677149097659352,2.16931569592124
"TRPM2",550.176022797632,1.10180888438262,0.311636230583887,3.53556094013284,0.000406910379209304,0.00678783112837024,2.16826897085189
"CDH13",261.624227641688,-1.38059799724502,0.390819429902482,-3.53257256833292,0.000411537260160688,0.00683290442524982,2.16539465389708
"GXYLT2",14.9961869431006,-2.38648534574769,0.676111107201315,-3.52972362135312,0.000415993983489514,0.00689199664665753,2.16165494253255
"GAS2",838.875999042326,-1.2305530243802,0.348667042206281,-3.52930697605817,0.000416649524021834,0.00689199664665753,2.16165494253255
"LOC100357462",3834.83418731406,1.52100065946539,0.431308346663289,3.52648093001733,0.000421121491391862,0.00694506236663166,2.15832384994618
"LOC100345136",172.485705286676,1.8746418860243,0.531916153430294,3.52431839855747,0.000424573734735953,0.0069736570936254,2.15653941142056
"DBH",54.8473237370726,-2.87465997555183,0.816343338258936,-3.52138596694228,0.000429297263999796,0.00704214153302438,2.15229525072369
"CAPSL",676.061147554786,-1.53518605617036,0.436127780134337,-3.52003730580402,0.000431486104447384,0.00707151141997842,2.15048775293522
"COL16A1",710.501440416894,-1.10284411941797,0.313476962032931,-3.518102613557,0.000434644257183719,0.00709705696481494,2.14892170887489
"IL27",45.8191408457144,1.60131087424049,0.455215126757791,3.51770136824233,0.000435301938039076,0.00710126295795548,2.14866440523964
"SLC44A4",749.013735813045,1.10575683737343,0.314381981942061,3.51723985752218,0.00043605954865445,0.00710708992568212,2.14830818941469
"SYPL2",13.6046194672306,-2.32299269805444,0.660672550529586,-3.51610294115044,0.000437931151749064,0.00711798535933529,2.14764290961209
"LOC103346792",141.226400370538,1.81067974952018,0.515053697743284,3.51551645479627,0.000438899560802851,0.00712719881490375,2.14708112628635
"PLCH1",163.777502218592,-1.12353540242189,0.319770473450278,-3.51356831135502,0.000442130711988395,0.00716655525760916,2.14468954615964
"MRAP",184.951986796346,2.89385236219482,0.823837592555526,3.51264908077108,0.000443663027028339,0.00717828173812761,2.14397950018041
"LOC100357720",3038.07993509963,-3.04483637614148,0.867556208796845,-3.50967043433895,0.000448662415866265,0.00719187162052474,2.14315807363791
"KPNA7",16.9252772256523,-2.59631505262889,0.739728431479262,-3.50982190509691,0.00044840692224624,0.00719187162052474,2.14315807363791
"SGCD",67.9608953553424,-1.46150476405879,0.416268425548671,-3.51096714129213,0.00044647958267659,0.00719187162052474,2.14315807363791
"LOC103350967",15.0233255214719,1.45488223089208,0.414556121839484,3.50949402082502,0.000448960152996868,0.00719187162052474,2.14315807363791
"SPIN4",40.3039123990596,-1.26217319209467,0.359858163759525,-3.50741853098021,0.00045247687895709,0.00723178882781069,2.14075426398396
"SGIP1",114.20240051754,-1.21894624122081,0.34754523392714,-3.50730242347777,0.000452674369693936,0.00723178882781069,2.14075426398396
"LOC100352927",783.765301096644,-1.27835013446641,0.36456010883505,-3.50655517015116,0.000453947321385333,0.00723909344768039,2.1403158171345
"CSF2RB",4578.78014657186,1.37706671999292,0.393010036466837,3.50389708205103,0.000458502520560635,0.00729255704593246,2.13712016493002
"RPRM",20.1036634639994,3.05795129480775,0.873717141332912,3.49993281594847,0.00046537543257693,0.00738641534072956,2.13156627546714
"SRGN",24011.2221311322,1.11952313276776,0.32022331460566,3.49607002896215,0.000472164766746287,0.00747587194021396,2.12633814658357
"CAV3",18.3462101529261,-2.4830764469585,0.710619068384327,-3.49424404358309,0.000475406226940464,0.00751629126437685,2.12399639886679
"FGF10",78.6445359120299,-1.46983053018257,0.420739820020633,-3.49344288380046,0.000476834974572558,0.00751629126437685,2.12399639886679
"NWD2",155.6871364047,-1.31695281341568,0.376940396218156,-3.49379590680296,0.000476204918409827,0.00751629126437685,2.12399639886679
"APOBR",1646.65848829123,1.30768213077509,0.374497704680233,3.49182949436675,0.000479724373713184,0.00754842899737173,2.12214342569088
"OVGP1",57.522845102764,2.77258812415385,0.794756162049061,3.48860223619468,0.00048555309882514,0.0076131465998652,2.11843580728806
"C3H8orf88",6.99789444876858,-2.6156324257258,0.750080583774824,-3.487135225608,0.00048822443156459,0.00763479774082811,2.11720246367708
"ROS1",2138.60811456354,-3.5742497414873,1.02536440648053,-3.48583364011589,0.000490606004089273,0.00766528694241242,2.11547158312222
"LOC100345907",230.310941738382,3.60110102153431,1.03327035133982,3.48514889337999,0.00049186326216724,0.0076714244641532,2.11512398683561
"LOC100341088",2324.64245769997,1.67888010631587,0.483012907384775,3.47584936271372,0.000509238234796291,0.00790075999073372,2.10233113099983
"ZNF575",78.6104525825727,-1.01359189473791,0.291608935881184,-3.47586020186605,0.000509217654266215,0.00790075999073372,2.10233113099983
"CHRM4",21.7526422749689,2.20188130093075,0.633580279449967,3.47529961450549,0.000510283071014483,0.00791005609383062,2.10182043671032
"ALPK3",689.721126134005,1.16816895800048,0.336280273995578,3.47379566490968,0.000513151656456998,0.00794065279028357,2.10014379334564
"LOC103347389",544.748130677596,1.26517911511642,0.364351523744159,3.47241340482167,0.000515801384889462,0.00796776221096872,2.09866363542837
"PARPBP",197.892524424662,-1.64452454926986,0.473733511807148,-3.47141274214801,0.000517727560805696,0.00798602881435772,2.09766912716272
"FSD1L",47.253205420725,-1.16289554617912,0.334999831110601,-3.47133173865746,0.000517883777414262,0.00798602881435772,2.09766912716272
"JPH4",87.5615530439467,-1.61202307566254,0.464503730226677,-3.47042008656395,0.000519644946198166,0.00800623103304796,2.09657188176399
"CPM",449.626715961181,1.37266308399488,0.395832544144287,3.46778733659282,0.00052476239354011,0.00807806394010704,2.09269271359166
"LOC103346587",33.388625135077,1.31552232938031,0.380095111653202,3.46103459120672,0.000538103664532537,0.00821626437144768,2.08532559506636
"LOC100347922",326.729233804778,-1.33876250892213,0.387247351639189,-3.45712502165669,0.000545971489345256,0.00831612463085231,2.08007901067224
"BMPR1B",35.5630518040895,-1.70481635890231,0.494990342154461,-3.4441406502641,0.000572877601859865,0.00864626237704995,2.06317158962402
"FAM20A",1355.4785180237,-1.17941465735005,0.342494408154495,-3.44360266699021,0.000574018607767015,0.00864877442211948,2.06304543004051
"LOC100347810",55.2705714475048,-1.06335547079215,0.308787614009062,-3.44364677386621,0.000573924982152223,0.00864877442211948,2.06304543004051
"CEP68",665.74726195511,-1.02984378952542,0.299274518871579,-3.44113422488645,0.000579281094334848,0.00872066169919357,2.05945056077779
"CLDN11",48.8963728748848,-1.86314169354295,0.541768128430149,-3.43900203015204,0.000583862855502298,0.00877475175470812,2.05676516125364
"LOC108178854",46.3348833943033,-1.20899297979589,0.35225395215216,-3.43216299606952,0.000598787560352051,0.00896867545037008,2.04727169152347
"SERPING1",25426.6501563186,1.1824640402951,0.344844925412705,3.42897329540213,0.000605869137670184,0.00906043176403318,2.04285110604624
"LOC108175393",4993.62961422272,-3.0695617221006,0.896731037791907,-3.42305729671076,0.000619210237779355,0.00919695607560316,2.03635588768812
"LOC100350907",539.780312157783,2.01216222783761,0.588808316471059,3.41734681992474,0.000632346676128021,0.00936854854306866,2.02832768857475
"LOC100009451",6354.89640033539,1.79594486526374,0.525635489463229,3.41671158295975,0.000633823897168813,0.00938260246109197,2.027676684251
"TPCN3",111.367948970507,-1.00215754754025,0.293404071198869,-3.41562250123309,0.000636363990214426,0.00940270951497634,2.02674698067245
"LOC103347017",175.611291156615,1.23928880077484,0.363573843856345,3.40863024586693,0.0006528990931637,0.00960887728404851,2.01732735300021
"GGH",3631.15647612635,1.1420314604893,0.335296085488565,3.4060387517654,0.000659128226952574,0.0096684850414721,2.01464157035056
"LOC108178418",7.65996909912376,-2.27118873933689,0.667125159548636,-3.40444174054766,0.00066299441251721,0.00970914837274584,2.01281886208349
"LOC108176036",31.3499225570734,1.42119916002966,0.417443545873694,3.40453020313236,0.000662779704025757,0.00970914837274584,2.01281886208349
"LOC100339612",7.22113961395145,1.76410665362456,0.518369387694946,3.40318447713335,0.000666052929796191,0.00972985469214205,2.01189364553556
"LOC103347240",3765.00297640115,1.16008066515011,0.340945658063512,3.40253831575121,0.00066762993132883,0.00974487142364753,2.01122388670221
"AKAP6",79.9629967534121,-1.73803941009912,0.511341351333698,-3.39898075046329,0.000676374765974118,0.00984014403383166,2.006998544593
"NRIP3",129.656497057077,-1.14300875831985,0.336277748869023,-3.39900205161967,0.000676322090286375,0.00984014403383166,2.006998544593
"APOD",47648.0469433862,1.4341411857792,0.421984426460055,3.39856424989407,0.000677405498044692,0.00984706812841542,2.00669305733872
"NPY5R",10.1243387213546,-1.64539342588795,0.484521851988804,-3.39591169961509,0.000684004217674748,0.00992480501442009,2.0032780167556
"NPY1R",35.2405715288376,-1.92283610967184,0.566371191931886,-3.39501044026104,0.000686259835989282,0.00994320475834593,2.00247361715732
"PAX1",232.165883450174,1.47316044319534,0.43417732137384,3.39299261079301,0.000691335030981104,0.0100004119518204,1.99998210952826
"LOC100350239",26.7360077184988,1.11080297323863,0.327777107876357,3.38889735294645,0.000701742742349635,0.0101179788253157,1.99490623380847
"THRSP",10791.9124449002,-2.51149248741947,0.741258999905061,-3.38814434326078,0.000703672221732053,0.0101211331146857,1.99477086319707
"LOC108176363",40.4812088111858,1.75470898871738,0.518285131398421,3.38560549476478,0.000710214048901977,0.0101822312094423,1.99215704559716
"RAP1GAP2",398.073179930926,1.08801983084327,0.321366421476727,3.38560520991477,0.000710214786032431,0.0101822312094423,1.99215704559716
"TCEAL2",30.7227251799893,-2.33831602422551,0.691098423069354,-3.38347758607293,0.000715740494401442,0.0102395271057292,1.98972010001201
"AQP5",2537.0129487708,-2.1163529061324,0.625766058137218,-3.38201933232423,0.000719550805884415,0.0102498453078993,1.98928268899191
"SLC26A9",75.7713691357582,-1.70366759431996,0.50370935138541,-3.38224333067109,0.000718964291937247,0.0102498453078993,1.98928268899191
"DSC2",4853.60614124999,-1.49227473408943,0.441236371581693,-3.38203020013989,0.000719522339500013,0.0102498453078993,1.98928268899191
"LOC108176171",207.232478120734,1.43415477214813,0.423971461589398,3.38266817953201,0.00071785309390394,0.0102498453078993,1.98928268899191
"MMP12",2845.47422091094,2.30440819114306,0.681863097591078,3.37957604581358,0.000725977203128211,0.0103122188418098,1.98664787913197
"MYBL1",132.000707864332,-1.77056601670872,0.524643981256648,-3.37479525156809,0.000738706282312897,0.0104555803865802,1.9806518546021
"LOC100345639",588.612774523156,-3.2241336244263,0.956962273874442,-3.36913346789815,0.000754049061225328,0.0106251798608073,1.97366370956989
"CA5A",1869.23153389659,1.15820643878544,0.344300003526903,3.36394547464748,0.000768367218549671,0.0108064578146102,1.96631663756054
"CILP",70.5643491530536,-1.92416516270338,0.572170438414551,-3.36292306193784,0.000771218545757066,0.0108208363388476,1.96573917145591
"HMCN2",136.406181474558,-1.77888503292783,0.529688573585638,-3.35836021699689,0.000784063654048773,0.0109670124119455,1.9599116650159
"NGFR",555.436793536803,-1.06080515278894,0.315956547057709,-3.35744001087335,0.00078667812068782,0.0109942913103056,1.95883275993149
"GJB6",111.11677622761,-1.89629614446072,0.566105569283344,-3.34972176101591,0.000808927733706492,0.0112356522426025,1.94940171121628
"PTGDR2",68.3861246595514,-1.23019464623636,0.367255969027464,-3.34969272111236,0.000809012539638629,0.0112356522426025,1.94940171121628
"CNDP1",75.1135410730001,-1.71420720072133,0.512232735224029,-3.3465397325136,0.000818269518938563,0.0113464575715942,1.94513970650978
"LOC100349247",4467.43457136653,1.15454711075866,0.345188955955071,3.34468148774996,0.000823771138872469,0.0113960358097018,1.94324619474921
"PBK",501.342667623644,-1.53133457157751,0.457932810570165,-3.34401583863551,0.000825750229621174,0.0114145177769052,1.94254243119546
"FGF1",510.380751030625,-2.2684704447066,0.678606759631383,-3.34283502560279,0.000829271848947095,0.0114341330185759,1.9417967597431
"ZNF683",34.4335768646815,-2.09913240021124,0.628147339978672,-3.34178347437166,0.000832419685066628,0.0114443198994946,1.94141001099929
"LOC100342015",40.4640584016365,-1.31293462720708,0.392879193279079,-3.34182784343697,0.00083228664186555,0.0114443198994946,1.94141001099929
"TMEM40",108.940124937639,1.31574567547111,0.393811607556756,3.34105356526722,0.000834611193354366,0.0114567007508481,1.9409404305356
"HAMP",6443.43604092888,1.26439818895113,0.37865935509193,3.33914419899692,0.000840369287769376,0.0115090389572675,1.93896093987857
"FAM198B",624.282361685269,-1.1329138456116,0.339762964492649,-3.33442418394048,0.000854761985167796,0.0116881128464894,1.93225560402353
"IFNB1",9.20816064184716,4.53068401161293,1.35900287126826,3.3338296094877,0.00085659113933981,0.0117016547481555,1.93175271969162
"LOC100351642",587.300287966407,-1.35141729343222,0.405383774790027,-3.33367386036158,0.000857070886957136,0.0117016547481555,1.93175271969162
"USH2A",64.0245037533783,-2.55993167272558,0.768272897900699,-3.33206036516527,0.000862055551871832,0.0117336073544273,1.93056844881601
"LOC103345692",68.0309417302876,1.69115657549842,0.507706500877353,3.33097286045379,0.000865430394753455,0.0117705165337004,1.9292044782939
"COL8A1",94.8627772916015,-1.74212808061181,0.52309157831926,-3.33044566729486,0.00086707083339574,0.0117837980259885,1.92871470989849
"LOC108176811",24.0421018026378,1.75935977254742,0.528505445988406,3.32893404581116,0.000871790463936257,0.011838874479269,1.92668958398788
"LOC100354724",183.784175137736,4.46532132161169,1.34171419420688,3.32807191046469,0.000874492904276641,0.0118574289977128,1.92600946722375
"PLP1",289.005323133942,-2.43917142681781,0.733043666942891,-3.32745719909185,0.000876424512988396,0.0118745486114741,1.92538289027336
"LOC103351752",20.8948543441513,-1.22766394792634,0.369024528558585,-3.32678142756964,0.000878552555206062,0.0118943015273474,1.92466105608365
"LOC103347896",6.15537044567232,-2.55180314162094,0.767417893490687,-3.32518066527452,0.000883612572951562,0.0119354943358579,1.92315958898321
"LOC103346901",22448.6137072635,1.11032295707219,0.33389497499261,3.3253658791863,0.000883025731777937,0.0119354943358579,1.92315958898321
"LOC108176599",63.7368512490679,2.24808027698651,0.676284047264766,3.32416576448739,0.000886834659757371,0.0119517299742092,1.92256922744598
"GADD45G",561.433028380381,1.20887416433363,0.363862129374754,3.32234125714294,0.000892654474169146,0.0120210351001731,1.92005813475104
"ELAVL2",51.8309236164918,-1.41342319522218,0.4261698755334,-3.31657227872599,0.000911290120507341,0.012196912203074,1.91375010234974
"CLEC4F",531.641337982261,1.5704913673022,0.473787493635328,3.31475901833533,0.000917221593000305,0.0122404256046334,1.91220348133014
"LOC103349550",18.1738809931134,-1.37220915010238,0.414015228449637,-3.31439293970149,0.000918423428413941,0.0122472557707882,1.91196121228858
"LRRC4B",58.6278780404131,-1.5088915838237,0.455306883593743,-3.31401004068728,0.000919682046338277,0.0122548323126562,1.91169262698117
"TMEM150A",3672.17070003656,1.40480585367033,0.4239262332312,3.31379788168047,0.000920380116934766,0.0122549337550451,1.91168903201665
"LOC103351645",6.95522232922566,2.67428725110977,0.807390323630712,3.31226071559033,0.000925452566559846,0.01230401318642,1.90995321210162
"LOC103350105",71.9773189678498,-1.07868024019221,0.325660552545244,-3.31228400787764,0.000925375512125112,0.01230401318642,1.90995321210162
"PDE1A",496.347078170388,-1.60587170650104,0.484878641136507,-3.3119044030008,0.00092663204420438,0.0123104731681015,1.90972525410798
"LOC108176170",762.370782852546,1.71602875693787,0.518422659698285,3.31009597060549,0.000932639879834019,0.0123625281756341,1.90789270558619
"HAO2",1497.13704721472,-1.66360507216369,0.502745662436874,-3.30903913541486,0.000936167503523487,0.0123921122020938,1.90685466299178
"LOC108176386",37.2773375040221,1.44935869197958,0.438003846128272,3.30900905275414,0.000936268097527058,0.0123921122020938,1.90685466299178
"PTCHD1",62.270440209613,-2.56470707068841,0.775824426871533,-3.30578283160075,0.000947114633982393,0.0124705768831999,1.90411345579207
"OLFML1",460.293713590214,-1.47221807677733,0.445602754931892,-3.30388010505534,0.000953566038020389,0.0125369211917214,1.90180910414454
"LOC100328911",47192.324567905,-3.05036455346956,0.923391587828073,-3.30343550198934,0.000955079369025979,0.0125475231094316,1.90144199578224
"BRINP2",56.1247657671275,-1.9755176296501,0.598395633637634,-3.30135702635558,0.000962183595771923,0.0126035399567202,1.8995074574422
"FOXJ1",9.25012963264926,1.93958158510273,0.587664239474693,3.30049278961827,0.000965151936336028,0.0126237890331821,1.8988102719365
"LOC103351044",19.1543207121452,1.14133995421591,0.345998842439218,3.29868142381549,0.000971400857833867,0.0126909894425863,1.89650451717212
"LOC108177460",45.2398253579413,1.92275372457356,0.582952132146781,3.29830464380125,0.000972705386838052,0.0126945205227857,1.89638369796008
"TMEM200A",38.6532192367631,-2.39865113410406,0.727817568283238,-3.29567633241109,0.000981850642253545,0.0127856691484653,1.89327653788549
"SLC25A45",221.920007454771,1.22814728203438,0.373042273540804,3.29224693592279,0.00099390301349759,0.0129141907661557,1.88893280256106
"ANK2",256.708844004393,-1.0518258967457,0.319625033285616,-3.29081200534688,0.000998986503890593,0.0129612656853466,1.88735258694363
"TCEA3",702.328091967104,-2.16023175142461,0.656534057686008,-3.29035748585302,0.00100060173096711,0.0129727393155115,1.88696830888145
"GRID2",9.66089926996845,-2.26184361271534,0.688220879813672,-3.28650826944936,0.00101437795466182,0.0131225906102717,1.88198041978633
"PHOX2A",5.75835986065563,-3.50289138813194,1.06605451033517,-3.28584641232899,0.00101676433513275,0.0131438821444073,1.88127634368917
"SYT1",62.6319067102767,-3.27032305225318,0.996051408572593,-3.28328741278501,0.00102603998872862,0.0132444972799595,1.87796452152553
"RPE65",8.66306917481394,-3.37372837562484,1.0276789244352,-3.28286227868202,0.00102758854514898,0.013245220833587,1.87794079644499
"TPD52L1",330.777985865135,-1.18359484355394,0.360516503460069,-3.28305315344608,0.0010268930140076,0.013245220833587,1.87794079644499
"CHST13",51.7271083167437,1.01345367470232,0.309033816262039,3.27942646199918,0.00104018315825347,0.0133619563635254,1.87412995086634
"LRRTM3",12.5209894509267,-2.62136162198738,0.80040607785123,-3.27503962616662,0.00105647153424462,0.0135156039869517,1.86916454172707
"LOC100353409",18.7289845847222,-1.58345412498448,0.483797095075159,-3.27297154344941,0.00106423191444719,0.013569721443623,1.8674290673542
"LOC100353536",3773.61605230121,1.29560539562975,0.395997977976976,3.27174750297608,0.00106884987587266,0.0136090505357703,1.86617217321397
"LUZP2",125.886305268949,-2.21023634956158,0.675697218137349,-3.27104550711988,0.00107150666633484,0.0136233322498403,1.86571665154844
"CLEC4A",536.782489543298,2.31761287229055,0.708668280425947,3.27037760304093,0.00107404010201577,0.013645767910292,1.86500201955301
"KCNA5",18.7275332598826,-2.71820169081743,0.832102089595679,-3.26666850715183,0.00108821023087426,0.0137863264723677,1.86055144124376
"DOK5",19.378984234293,-1.66907842026541,0.511157069163519,-3.26529460503554,0.00109350278989402,0.0138292984801637,1.85919984981991
"LOC108176515",193.993314478289,-1.45560451441047,0.445826177852143,-3.26495972359259,0.00109479642680248,0.0138302788464892,1.85916906354429
"DKK3",220.728015507666,-1.11221210960891,0.340705409109421,-3.26443924831177,0.00109680981663478,0.0138458587734357,1.85868010246822
"LOC103346857",1117.9690347512,1.05424897010407,0.323028775984698,3.26363794337014,0.00109991625392553,0.0138741420948707,1.85779386189773
"OPCML",10.6098723670866,-2.03821613749116,0.624680559274469,-3.26281346078455,0.00110312103554273,0.013895880241198,1.857113937423
"DGKI",11.4181314093425,-1.34732417322687,0.413009006418283,-3.26221499359347,0.00110545269669601,0.013915375825289,1.85650505978304
"HPSE",619.199519978671,1.13908372743151,0.349201124322318,3.261970389248,0.00110640700002459,0.0139175179613298,1.85643820953951
"LOC100355685",11.6119828183438,2.86510481537165,0.87873891873347,3.26047333774763,0.00111226423890586,0.0139812875186544,1.85445283313255
"TMCC2",498.416452219006,1.26033734373437,0.386914981303326,3.2574012499824,0.00112437372295335,0.0140935799496462,1.85097867652183
"KIF26B",82.943514380165,-1.14032887929937,0.350197968809937,-3.25624070058001,0.00112897998433886,0.0141313580691329,1.84981609904397
"AQP8",327.778981724535,-1.91932909168465,0.589698100831903,-3.25476559781522,0.00113485989799659,0.0141726842128127,1.84854788945514
"KCNQ4",130.066600550392,-1.09222374997256,0.336082662979232,-3.24986638790128,0.00115459241326027,0.0142952124095878,1.84480938716668
"LOC103350039",3735.84417767044,1.02878628896515,0.316530010001763,3.25020142311126,0.00115323295792691,0.0142952124095878,1.84480938716668
"COL4A4",289.685332905282,-1.15405185494977,0.355258380158782,-3.24848594545178,0.00116020940289097,0.0143502137225867,1.84314163078721
"TSPAN11",130.998194191295,-1.65974264770477,0.510968861615875,-3.24822659928052,0.00116126749054189,0.0143512358753816,1.8431106974842
"GCA",518.847148764616,1.10491121197775,0.340473633646991,3.24521813963233,0.00117360683205808,0.0144554806816092,1.83996746235378
"GDF7",12.1415467824886,-2.72919133801426,0.841137774919735,-3.24464245857308,0.00117598178173045,0.0144746883799819,1.83939077725932
"LOC103347026",32.8114803828329,-1.30240958350935,0.401610757809695,-3.24296488125078,0.00118292791125171,0.014519908365703,1.83803612443449
"LTF",1211.96222916329,1.66321466708245,0.513344748356326,3.23995652513809,0.00119547925277063,0.0146334905223626,1.83465206937767
"TPMT",1442.62623360288,-1.64091643355643,0.506647743730365,-3.23877181703135,0.00120045572267873,0.0146741657175102,1.83344658068214
"LOC108178470",6.62308598793642,3.38106775130333,1.04526818817086,3.23464139592724,0.00121795597323511,0.0148471844566964,1.82835589589918
"LOC108176804",135.061502568884,1.10029608255784,0.340142564414479,3.23480857049422,0.00121724311707825,0.0148471844566964,1.82835589589918
"GAD1",48.1400513420474,-1.14630337243364,0.355011886660475,-3.22891546876551,0.00124260618265747,0.0150751996828349,1.82173692657892
"NANOS1",6.36951921272907,1.83280078635137,0.567837684949505,3.22768431002313,0.00124796616256433,0.0151195572828358,1.82046092526579
"LOC103350461",31.1662615830776,-2.10897562216639,0.653783608344085,-3.22580070110359,0.00125620798339295,0.0151986608706486,1.81819467535181
"GULP1",235.981378245731,-1.34487893099446,0.416892018645892,-3.22596468832087,0.00125548845726605,0.0151986608706486,1.81819467535181
"CFAP70",17.0625315992418,-1.41879708975054,0.440108220493638,-3.22374594175763,0.00126525597514304,0.0152872895185934,1.8156695094515
"CHIT1",1433.07440530504,2.11242119694178,0.655390947850125,3.2231467399285,0.00126790582800986,0.0153088847220048,1.81505644723263
"LOC103350491",52.534133149102,1.46989554500274,0.456852163330703,3.2174424529073,0.00129338970526467,0.0155953626893632,1.80700452073643
"LOC103350737",7.5291162620233,-3.2736487495683,1.01789468461596,-3.21609769561124,0.00129946586772909,0.015630997130139,1.80601331665104
"LOC103348488",9.66960436831193,-2.70224261531595,0.840175375625504,-3.21628399702164,0.00129862251270916,0.015630997130139,1.80601331665104
"PFKFB3",4614.37794330657,1.42048789243042,0.44169276463366,3.21600896860644,0.00129986769756523,0.015630997130139,1.80601331665104
"LOC103349621",41.7944165562441,1.02798438658908,0.319668567064263,3.21578188318535,0.00130089665204997,0.0156327790638016,1.80596380990222
"C1R",39844.466601896,1.02886485139266,0.320081146809154,3.21438754406273,0.00130723108551607,0.0156876568876435,1.80444191790176
"LOC100341246",31405.2899839397,-2.3590800792518,0.734287202590796,-3.21274845990537,0.00131471378008754,0.0157137069917668,1.80372134925942
"BARX1",10.4739691202323,-2.62914726778719,0.818438194329639,-3.2123956164346,0.00131632973115321,0.01572243364619,1.80348022946024
"COL6A6",103.612730277921,-2.24138795629706,0.697907813054486,-3.21158169370154,0.00132006432392883,0.015743909913621,1.8028874039311
"PRKAA2",380.648991413849,-1.61977245587415,0.504382496859266,-3.21139703689222,0.00132091296046407,0.015743909913621,1.8028874039311
"PRRT2",28.2399962837182,-1.12744604950102,0.351140875802229,-3.21080833134342,0.00132362186601981,0.015756515425879,1.80253982102399
"BPI",2141.47971830562,1.85723047057791,0.578510292264209,3.21036720592984,0.0013256550459435,0.0157701416960129,1.80216440448213
"STMN2",222.392956456952,-3.13435424831234,0.97681945879933,-3.20873444941911,0.0013332056411781,0.0158493415440523,1.79998877570015
"TMEM37",2053.52865194997,1.15553528233443,0.360189502820787,3.20813147880484,0.00133600406463791,0.0158641171061219,1.79958409290545
"LOC100353077",96.0034296728681,-1.13459054516054,0.353666368854518,-3.20808152846237,0.00133623613012859,0.0158641171061219,1.79958409290545
"DEPDC1",273.657910230887,-2.00173977058284,0.624200928493607,-3.20688367992925,0.00134181239521027,0.0159196712584138,1.79806590469703
"DACT3",67.7964458300529,-1.59986390083068,0.498948402370438,-3.20647163760808,0.00134373550580163,0.0159318380043241,1.79773411816692
"LOC103351305",4.5658339032487,2.93790966219486,0.916872700791935,3.20427215212895,0.00135404417038696,0.0160219533201321,1.79528453791212
"USP35",138.764363919538,1.29312158389108,0.404088358562104,3.20009610891164,0.00137381768204981,0.016211577627165,1.79017471979471
"LOC108176307",3072.43796126165,-1.73531917194575,0.542354504203977,-3.19960313502459,0.00137616940009597,0.0162186703272289,1.78998475389911
"DDX43",47.9001030546038,1.29822547880739,0.40581807541701,3.1990331566019,0.00137889309390887,0.0162186703272289,1.78998475389911
"ARNTL",1665.90859066245,1.1462395811191,0.358266157699476,3.19940791639213,0.00137710171091793,0.0162186703272289,1.78998475389911
"GLT8D2",74.31237246298,-1.20116205489164,0.375664532252332,-3.19743268732334,0.00138656768401047,0.0162765805710991,1.78843682764599
"LOC108178548",48.5648105227189,-1.85947549989254,0.581818482640228,-3.19597186300175,0.00139360701339856,0.0163376029595846,1.78681166247866
"CADM2",37.5985189996049,-3.71740192431909,1.16416593146009,-3.19318906683408,0.00140710784064489,0.0164524091328104,1.78377049914386
"SIGLEC5",2204.24324856028,1.21945967888867,0.381967572562266,3.19257383737694,0.00141010887828238,0.0164709420395518,1.7832815610683
"LOC108178239",57.9125072711381,1.22404826175458,0.383513899265604,3.19166597116435,0.00141454815404278,0.0164759916465548,1.78314843690596
"TET1",303.750180360419,-1.27008617507568,0.398645548219062,-3.18600365851257,0.00144252773076073,0.0167342645054066,1.77639337074348
"PER2",451.664420070264,-1.62299535750331,0.509640437008491,-3.18458905464809,0.00144959700475759,0.0167724232317096,1.77540418723693
"CCL7",274.141085475459,1.98984912590217,0.624928391466401,3.1841234180975,0.00145193093070435,0.0167884834456492,1.77498853322069
"CASP4",3794.84898428832,1.19450373027279,0.375341518048714,3.18244498099398,0.00146037259023199,0.0168750996771013,1.7727536532177
"LOC103348945",17.0575522320925,-1.30413023999571,0.410261688679695,-3.178776561352,0.00147898051500844,0.0170457306239511,1.76838437905522
"CCNE2",541.778913847498,-1.77425263999583,0.558285075742843,-3.17804060521418,0.00148273983772735,0.0170475419647429,1.76833823180963
"CACNA1G",26.628709341216,-1.3156880903151,0.414311668303279,-3.17559989488882,0.00149527028978698,0.0171554960397086,1.76559672009141
"NKG7",346.708822369683,1.49957494515361,0.47235550935206,3.17467440405344,0.0015000471584581,0.0171837199328691,1.76488281422779
"NLGN1",9.59375473576309,-1.44402663746812,0.454874469309779,-3.17456075224285,0.00150063473412289,0.0171837199328691,1.76488281422779
"KCNT2",131.64100065651,-1.3563398909026,0.4275496282723,-3.17235661362513,0.00151207206380584,0.0172788002759675,1.76248641530708
"GLT1D1",16.837016435098,-1.61648868510334,0.510481774155243,-3.16659431725714,0.00154235320597474,0.0175820340737608,1.75493088262354
"SMIM17",8.21193008070012,-1.50129545711365,0.474510590290232,-3.16388187710498,0.00155679966363745,0.0177239494739584,1.75143949669122
"NR1D2",5153.69316118772,-1.28476499291411,0.4065398497825,-3.16024368484777,0.00157637235505115,0.0179123130152387,1.74684833012559
"CLEC4E",765.982617684662,2.06317272336109,0.652913445067261,3.15994828862583,0.00157797142621441,0.0179190114164297,1.74668595383865
"FABP5",5789.37162202342,1.58151627456174,0.501606611103181,3.15290157576575,0.0016165630225626,0.0182289562182107,1.73923819813873
"PCDH20",13.3223436614106,-2.33385362549972,0.741618487920614,-3.14697336098443,0.00164969990989461,0.0185202553451736,1.7323530298444
"XAF1",3383.69816699996,1.20457891684598,0.382764619936247,3.14704874511811,0.00164927464108225,0.0185202553451736,1.7323530298444
"IFIT2",5372.62116753297,2.00317596588217,0.6374648225894,3.14241020821387,0.00167563098887824,0.0187402485328291,1.72722465380467
"FPR2",471.840599707645,1.9648138461471,0.625203868737428,3.14267704407357,0.00167410437494963,0.0187402485328291,1.72722465380467
"CYBB",2331.1988727425,1.24434165388029,0.396588021235652,3.13761784837395,0.0017032678742058,0.0190253628063429,1.72066705264988
"CAMK1D",2140.63775031445,-1.2657090596039,0.403978567014182,-3.13310943439103,0.00172964940694712,0.0192715300212834,1.7150838041083
"MAGI2",26.6770404484029,-1.25468684361698,0.400501334051909,-3.13279067243847,0.0017315288307839,0.0192726668408908,1.71505818601153
"TEAD4",365.757379984804,1.08272328491662,0.345709070596412,3.13189145731329,0.00173684073813494,0.0193031848848823,1.71437102965458
"TIGD4",24.3797494535809,-1.02339414000697,0.326971270778777,-3.12992067336516,0.00174853514126853,0.0194209951329006,1.71172852058379
"ST18",32.5040270539569,-1.67916950498771,0.536732021942274,-3.12850628682689,0.00175697252311235,0.0195025048860044,1.70990960462186
"LOC100009259",161506.377478838,2.26032775129464,0.722578546188711,3.1281412425222,0.00175915622737259,0.0195145399247726,1.7096416831984
"LOC108177642",74.1279004757142,-1.08515738777051,0.34700015704868,-3.1272533044366,0.00176447831605484,0.0195613526743644,1.70860111689503
"LOC108178653",53.4690332703573,2.41803572427585,0.7733388909726,3.12674786242132,0.00176751442195574,0.0195827799471239,1.7081256562511
"FAXC",70.3919083772067,-1.25818018532525,0.402682027625024,-3.12450047186328,0.00178107236185261,0.0197083873756371,1.7053489100947
"LOC103351908",11.9208030607194,-1.86126509406743,0.595878460014827,-3.12356498676109,0.0017867440337439,0.0197465254389293,1.70450931094644
"CD207",219.03967821584,1.71589672544195,0.550022269124685,3.11968591412245,0.00181043971478193,0.019946303226359,1.70013758304297
"LOC100349505",27.238850394832,-3.0488939985186,0.977436579853526,-3.11927552268966,0.00181296345029592,0.0199617172948526,1.69980209934141
"SLC13A4",38.3614846196109,-1.99651667845406,0.641159565491202,-3.11391545242642,0.00184622385774432,0.0202776158732078,1.69298310821329
"LRRC3B",8.73508744743498,-2.93909108122912,0.944507351729322,-3.11177152390383,0.0018596836676874,0.0203800837346532,1.69079403596143
"ITGB8",186.363383518618,-1.8580453737609,0.597048755406342,-3.11204965580464,0.00185793245172862,0.0203800837346532,1.69079403596143
"UNC5CL",1120.20128391312,2.45786977002721,0.790167953763143,3.110566251544,0.00186729002277701,0.0204079622009046,1.69020035878644
"SDS",12623.7578779247,2.07877217515999,0.668486055968019,3.10967170758673,0.00187295386752927,0.0204195689157107,1.68995343068712
"TRPM3",43.8505423140717,-1.13392871598606,0.364774607202678,-3.10857360571707,0.00187992812335927,0.0204704566021495,1.68887247010826
"IDO1",1526.55343023262,1.58346775340106,0.509831284942322,3.10586619567727,0.00189722543835815,0.0206082339690446,1.68595922366771
"ASPHD2",376.790183431879,1.8912336518266,0.609790334607547,3.10144904648869,0.001925760116885,0.0208110306583367,1.68170641098759
"ZNF367",555.357664074573,-1.41649740389071,0.456736728354439,-3.10134332527659,0.0019264478771563,0.0208110306583367,1.68170641098759
"LOC100354804",184.962025508928,2.1100686460499,0.680525523858351,3.1006458568762,0.001930990853155,0.0208220878813172,1.68147572487965
"GRIP1",208.31326422574,-1.34573356448246,0.433979198545712,-3.10091720753458,0.0019292222367561,0.0208220878813172,1.68147572487965
"AIFM2",1880.85536837484,1.23543598083657,0.398438641555117,3.10069318581809,0.00193068226419202,0.0208220878813172,1.68147572487965
"TDRD1",9.56093234724686,-1.77715190959926,0.573437499636173,-3.09912049827018,0.00194096061241838,0.0209041929064405,1.67976659553982
"PTGR1",28455.6627898791,-1.61853356142686,0.522337395101713,-3.09863620067196,0.0019441358574641,0.0209130105055335,1.67958344437838
"TNFRSF8",70.3871890826247,1.37053664959647,0.442300986856073,3.09865157511496,0.0019440349833303,0.0209130105055335,1.67958344437838
"LOC103346244",86.2322647138657,1.85054631984279,0.597629279503689,3.09647867550869,0.00195833947032812,0.0210530389211712,1.67668520664836
"LOC100345312",337.956683773051,2.23827211439196,0.723093148343039,3.09541325280283,0.0019653885372264,0.0210904964614458,1.67591319703013
"MRC1",1771.78993487422,1.10963761670304,0.358458256205198,3.09558392781958,0.00196425774987879,0.0210904964614458,1.67591319703013
"LOC108178115",65.2433628446383,1.20214273235961,0.388425325877144,3.09491336499473,0.00196870392460054,0.0211133087357916,1.67544370164759
"LOC108176039",32.5757708089754,1.37848697032641,0.445651999370328,3.09319148634832,0.00198016321408876,0.0212105714465066,1.67344763074221
"LOC100345779",7444.89512130413,1.34868671347574,0.436207184687774,3.09184892138146,0.00198914057453822,0.0212810464481488,1.67200702038626
"HERC5",2513.45951498171,1.28104232284403,0.414417683777631,3.09118643578783,0.00199358418333113,0.0213029052799182,1.67156116365071
"TINAGL1",5059.16583713271,1.40596133708062,0.454899700160151,3.09070622949551,0.00199681085092879,0.0213245462052558,1.67112020201977
"LOC108177608",65.9436504824117,-1.14686114920952,0.371259014936013,-3.08911326882443,0.00200754884224316,0.0214263285634238,1.66905223965564
"SLC34A2",1021.52549491225,-2.85534263396488,0.924608732926933,-3.08816316813927,0.00201397858100608,0.0214597333987942,1.66837567771731
"EMCN",511.784998142319,-1.13203231358331,0.366609193849744,-3.0878448565239,0.00201613695491624,0.0214597333987942,1.66837567771731
"APELA",1197.36703544347,-2.82224184066587,0.915068684739128,-3.084185796906,0.00204110082448567,0.0216931128944887,1.66367812360144
"PEG10",694.314239486425,-1.00286681855333,0.325811139959174,-3.07806178351974,0.00208351713442709,0.0220668963149815,1.65625874559068
"NAP1L3",17.6086945190997,-1.59966394944681,0.519975600547284,-3.07642117776897,0.0020950168562405,0.0221467862902994,1.65468928513612
"TRHDE",19.1773297534329,-2.37067418594493,0.771412117553444,-3.07316171473115,0.0021180367530202,0.022350198768939,1.65071861016652
"LOC100342543",53.4700486642593,5.71728616203743,1.86075056561455,3.0725698907146,0.00212224129754972,0.0223546948309852,1.65063125440806
"CX3CR1",368.429676906352,-1.91499282996511,0.623332941491003,-3.07218294188732,0.00212499446688415,0.022370419212768,1.65032587732107
"LOC103347347",204.3865366616,1.1600581027461,0.377701604976368,3.07136132720082,0.00213085117912614,0.022392230656193,1.64990264097116
"LOC103347748",327.159075648734,1.32441819886987,0.43144883425725,3.06969933329381,0.00214274364015347,0.0224871756537102,1.64806508769619
"LOC108178848",12.6406770485037,-1.66665609644797,0.543189969019292,-3.06827480532649,0.00215298530644556,0.022518942319155,1.64745201150017
"PMCH",184.511498953225,-1.39349830741124,0.4541649767803,-3.06826457048744,0.00215305905209342,0.022518942319155,1.64745201150017
"PELI2",316.556677565208,-1.01445753111314,0.330598655264458,-3.06854705837092,0.00215102447656077,0.022518942319155,1.64745201150017
"GCH1",859.788122245141,1.10089972464431,0.358974417602748,3.06679158920622,0.0021636965878551,0.0226035613524662,1.6458231292653
"LOC108178445",3075.33499438877,1.7675617541941,0.576438565805787,3.06634888615282,0.00216690309247893,0.022623742934358,1.64543554259077
"ZBTB16",1250.63089251462,1.48452864117905,0.484393156887348,3.06471844218124,0.00217875002394857,0.022707360055821,1.64383335366372
"LOC108175690",72.0762500453012,1.31615301352584,0.429516403290623,3.06426716987404,0.00218203947791096,0.0227282973553061,1.64343309735429
"LOC100357329",51.5741680837039,2.05860606691819,0.672311390233641,3.06198302873135,0.00219875918598485,0.0228273178617891,1.64154511375087
"MFAP4",2714.41980625916,-1.84111652321727,0.601289052809343,-3.06194918170422,0.00219900782370125,0.0228273178617891,1.64154511375087
"GPM6A",390.483066954491,-1.59735541949063,0.521685182497158,-3.06191448996988,0.00219926269331564,0.0228273178617891,1.64154511375087
"CACNA1D",159.678347080975,-1.7259651374221,0.564627145982408,-3.05682280723336,0.00223696469036251,0.0231239873554131,1.63593727677642
"KCNS3",155.005507612697,-1.05512255933091,0.345345403711509,-3.05526741630627,0.00224859931830114,0.0232037147096086,1.63444248283573
"SEC14L3",998.974167379312,-2.19291707119087,0.718602766245498,-3.05164017479123,0.00227594752326702,0.023390731088863,1.63095620388999
"UBE2QL1",383.559479937506,2.35609026431077,0.772338473344122,3.05059290146355,0.00228390011752524,0.0234315567017745,1.6301988576031
"ECEL1",7.67700181928888,2.00950106997302,0.658836569684853,3.05007518167098,0.00228784087915799,0.0234315567017745,1.6301988576031
"NRAP",602.875982060001,-1.46018031968392,0.478710518306283,-3.05023654974232,0.00228661191561413,0.0234315567017745,1.6301988576031
"CADPS",116.937565150246,-1.45502039980761,0.476950292343567,-3.05067513987285,0.00228327471065892,0.0234315567017745,1.6301988576031
"ERC2",43.5690095942904,-2.69024303100371,0.884800235293458,-3.04050894619332,0.00236178675056158,0.0240777444202858,1.618384199794
"SPAG6",8.85901328593994,2.41311489807636,0.794349346245879,3.0378509272788,0.00238271793412292,0.0242700766159694,1.61492885268165
"LOC103346717",849.407876853016,1.44888400646612,0.477297182300515,3.03560142442634,0.00240056469384588,0.0243890227539042,1.61280560112496
"SYT12",53.7522755994501,1.81512512775854,0.598163111712112,3.03449860450796,0.00240935870121696,0.0244503759793596,1.61171445823747
"TRPM1",422.56801253747,1.02870313379204,0.339042808502932,3.03413937117367,0.00241222962819103,0.0244601935747736,1.61154011033639
"CORIN",28.7674879277675,-2.27328614504792,0.749446072120676,-3.03328849081201,0.00241904220422152,0.0245055004965774,1.61073642309699
"ATP6V0D2",232.333896432704,2.36815361594836,0.781315304127075,3.03098327069657,0.00243758753240868,0.0246382352578142,1.60839040223977
"FAM107A",1297.15695288115,1.46624297587964,0.483858507071583,3.03031352027614,0.00244299996743003,0.02465178973364,1.60815154522131
"LOC103349155",254.588344624088,1.07849005238247,0.355922029250394,3.0301300952174,0.00244448419241683,0.02465178973364,1.60815154522131
"INHBC",1086.02038756232,-1.17161763396735,0.387804096212703,-3.0211584802981,0.00251809525282304,0.0252649364852211,1.59748178921885
"SRCIN1",187.073835860286,-1.41283241640355,0.467848225103009,-3.0198520387514,0.00252898199306602,0.02535983129657,1.59585363987597
"TMEM171",767.904301265905,1.64025092049789,0.543484675593499,3.01802607167662,0.00254427014728825,0.0254843402055413,1.5937266058972
"LOC103346698",47.5992735243792,-2.03881604381418,0.676697478391728,-3.01289144546501,0.00258771464039339,0.0257885201227143,1.58857357918736
"ISX",127.48600933596,-1.74524851007002,0.579616082324846,-3.01104224553226,0.00260352627464346,0.0259229319718176,1.58631587983967
"LOC108176330",125.045158634815,-2.0669503056173,0.68721401715972,-3.00772431004838,0.00263211797598223,0.02611372943304,1.58313109996841
"RAD9B",28.035519208971,1.52013345802468,0.505562897322394,3.00681372402078,0.00264001482509528,0.0261588205321424,1.58238184169066
"IFIT3",18894.7768210624,1.92863292190128,0.641642569845298,3.00577457378846,0.00264905307289332,0.0262231137706545,1.58131574082582
"ERBB4",5.28509323322268,-2.72538153533693,0.906985415209251,-3.00487911893066,0.00265686417445676,0.0262717876542981,1.58051037479738
"LOC100346939",42.4789076908722,2.48882448642822,0.828669181775251,3.0033993554538,0.00266981838200215,0.0263551760078733,1.57913407908883
"EDIL3",313.541422486927,-2.26345204939195,0.753596366457709,-3.00353365559781,0.00266864030870581,0.0263551760078733,1.57913407908883
"GNAZ",308.891757438548,-1.07777979316247,0.358845283526207,-3.00346651507196,0.00266922920221633,0.0263551760078733,1.57913407908883
"LOC103346912",418.819015461618,-1.59302430506337,0.530652611221937,-3.00200973551248,0.00268203598235313,0.0264463648059921,1.57763401562111
"FCRL1",325.941430092238,-2.13796020232568,0.713011239461982,-2.99849439111075,0.00271317150347451,0.0266792692604814,1.57382606982621
"LOC100349694",1274.79592834015,-1.99427508238224,0.665342985562748,-2.9973639546158,0.00272325377438229,0.0267339774565881,1.57293642250264
"KERA",22.5540875065095,-1.88712036854877,0.62959009024971,-2.99737940252569,0.00272311576534808,0.0267339774565881,1.57293642250264
"FANCI",522.465998502017,-1.06396655515323,0.355824025554448,-2.99014815960037,0.00278842160238461,0.0272564084784989,1.56453137083185
"SLC7A8",3145.16324594372,1.20990945846837,0.40508878694456,2.98677597964211,0.00281936235966025,0.0274949794074779,1.56074660124932
"SLC5A4",2090.95368923819,-8.75421505423204,2.93296403135578,-2.98476727318928,0.00283794151206257,0.0276154736280694,1.55884750386913
"GLYAT",2422.29615612824,-1.97197254420352,0.660672339721379,-2.98479658620967,0.00283766958492829,0.0276154736280694,1.55884750386913
"ARHGAP28",319.317280741889,-1.02252307691783,0.342931631391984,-2.98171117306191,0.00286642283407152,0.0278616808722205,1.5549926864939
"CLDN10",1099.86398834357,-2.46031044405104,0.825244634054768,-2.98131044119913,0.00287017674378036,0.0278637928146293,1.55495976779895
"LOC103349252",77.6558876400376,-1.97893992082198,0.663846086128681,-2.9810222010383,0.00287287964678414,0.0278637928146293,1.55495976779895
"LOC108178049",411.331289080831,1.29199229766408,0.433622948838048,2.97952933793321,0.00288691583195722,0.0279541020738727,1.55355445334719
"SHANK2",334.582234413577,-1.0469979827419,0.351388686206987,-2.97960072090986,0.0028862432530328,0.0279541020738727,1.55355445334719
"SPSB4",15.1451844895916,-1.95217685559475,0.655590104679217,-2.97773996535528,0.00290382232625146,0.0280478294625766,1.55210074185521
"NTRK2",124.361200178884,-1.91015096877711,0.641481388547842,-2.97771845431281,0.00290402611720065,0.0280478294625766,1.55210074185521
"LOC103347176",145.866909236354,1.51396298455737,0.508359305492873,2.97813567726381,0.0029000757654196,0.0280478294625766,1.55210074185521
"LOC108178660",5.53632069746143,-2.44367718731299,0.82088816816152,-2.97686978822695,0.00291207661998497,0.0281012306373502,1.55127466061779
"CRYM",383.767400014212,1.40589265582713,0.472497985261546,2.97544687952249,0.00292562014446603,0.0281751665459184,1.55013350812091
"LOC103348620",46.0192329156924,1.65868047944337,0.557743468379974,2.97391287120078,0.00294028551022741,0.028285705973456,1.54843297737787
"SOCS3",1781.12001023978,1.01863380447712,0.342633550004414,2.97295406262464,0.002949485911538,0.028343030497752,1.54755371590624
"SERPINA3",29573.816598091,2.82964534750749,0.952296707206799,2.97139045645467,0.00296454611233032,0.0284266498907352,1.54627431933512
"LOC103348559",71.1869883128868,-1.9672849047667,0.662334390217445,-2.97022913776353,0.00297577696959611,0.0285189338193096,1.54486671462122
"LOC100358382",1632.01011566031,1.73034117453583,0.583137445750199,2.96729559582607,0.00300431970003632,0.028699499653361,1.54212567468338
"DCSTAMP",176.891880029067,2.58855519542853,0.872730591729512,2.96604154816978,0.00301659733945367,0.0287867243183607,1.54080775128718
"ADM",658.624642178268,1.12051047829894,0.378097731082153,2.96354721593259,0.00304115402485285,0.028926818213887,1.53869933365743
"E2F8",427.347674957234,-1.56184130231167,0.527061138801191,-2.96330195366727,0.00304357844926557,0.0289343727348765,1.53858592822128
"LOC103347694",30.7864958732424,1.84140447620559,0.621978531016528,2.96055954406673,0.00307080755409717,0.0291152581611489,1.53587935470707
"ARL11",131.011246619016,1.34043153164512,0.452814249152149,2.96022383163725,0.00307415602615591,0.0291164812939234,1.53586111036748
"LOC100359229",1149.7611614825,-4.43077805940771,1.49731211885975,-2.95915461018367,0.00308484288588358,0.029170418956605,1.53505733333164
"LOC108175463",69.1124884719082,-2.98781101146205,1.00991649722903,-2.95847331899212,0.00309167004447108,0.0292194098079431,1.53432856046682
"SNAI1",31.0777321689476,1.11586070851201,0.377196676289538,2.95829941951945,0.00309341488138323,0.0292203409950351,1.53431472024984
"ATAD3A",9.57904332839948,1.41981582013762,0.480178526226763,2.95684988517607,0.00310799389476265,0.0293112559182477,1.5329655726677
"MTUS2",57.6745889540588,-2.18294443934664,0.738649304378869,-2.95531915674419,0.0031234575207515,0.0293946169330956,1.5317321951084
"LOC100342636",238.361880270363,1.7140287238398,0.580102454248107,2.95470000391813,0.00312973218573814,0.0294380585928279,1.53109083462746
"INHBA",124.087556040945,-1.22134545828463,0.413426668740263,-2.9542009517822,0.00313479807901925,0.0294700906273902,1.53061852859137
"ICAM1",4240.25367839224,1.01890377356703,0.344981974809351,2.95349858244074,0.00314194051559977,0.0295215999001484,1.5298601099595
"FGF23",74.5508445179321,3.2920616056311,1.11488044037751,2.95283824740559,0.00314866902934758,0.0295691675142276,1.52916090236149
"CXCR2",167.882260560336,1.09149579506685,0.369864131777435,2.95107230274401,0.00316672778639139,0.0297073210785734,1.52713650986747
"POSTN",2479.71236058276,-1.46960013655838,0.498233665772246,-2.94962030371943,0.003181646765876,0.0298157594759943,1.52555412369766
"UNC13C",24.9632436472029,-1.26343485927077,0.428380799540083,-2.94932653523972,0.00318467295442193,0.029828369534583,1.52537048520603
"LOC100351205",1997.66501223777,-2.72398828177439,0.924295989207059,-2.94709520930764,0.00320774421807671,0.0300127844631753,1.52269371064331
"CHRM3",110.28864810564,-1.77188214035564,0.601272871642802,-2.94688522286811,0.00320992323963503,0.0300173485670612,1.52262767163802
"CCR5",464.258903679653,1.73057583691401,0.587863194054787,2.94384110863849,0.00324166378084009,0.0302504155868195,1.51926865453804
"TRIM63",818.746942245518,1.54283863407293,0.524193499941239,2.94326166624707,0.00324773784309709,0.0302752620678205,1.5189120888417
"BATF2",1478.78617756975,1.24709571067142,0.42377015507513,2.94285875429412,0.00325196751767256,0.030298777675155,1.51857489161793
"LOC108178874",136.645322496564,-1.20686992128195,0.410257038368008,-2.94174092925462,0.00326372847111058,0.030340517264325,1.51797701935921
"C1QC",60347.3391186549,1.37731731107346,0.468497384585993,2.9398612593976,0.00328359240395709,0.0304573977835663,1.51630720462816
"MEOX1",53.7849689852751,-1.2332640735309,0.41948916410669,-2.93991878468936,0.00328298285945258,0.0304573977835663,1.51630720462816
"DGKB",22.73913978382,-3.03668249162398,1.03378176978877,-2.93745022437808,0.00330923290350773,0.030607386557769,1.51417375148711
"LOC100342321",7719.97195806333,1.48460405874862,0.506442814456084,2.93143473729226,0.00337400250559716,0.0309484085125809,1.50936167917941
"ACSM3",1628.80622014508,-1.09110164791862,0.372392602746413,-2.9299766962923,0.00338987424851542,0.0310458607001549,1.50799629548473
"PLIN2",8885.72916829925,1.43123951623795,0.488608049851211,2.9292180443482,0.00339815953768989,0.0310896565126072,1.50738407613961
"ABCA6",5424.8406891359,1.42152682084074,0.485609124189584,2.9273066547361,0.00341911575578241,0.0312330857176439,1.50538510690191
"LRRTM4",8.78771880570306,-1.37437951115841,0.469463575240138,-2.92755302784757,0.00341640796517368,0.0312330857176439,1.50538510690191
"SYT4",43.1341580203831,-2.92259783586935,0.998837836139703,-2.9259983253784,0.00343352785519824,0.0312906375297,1.50458558825009
"GSG1",20.0161844696701,1.56029944588877,0.533234560476802,2.92610337277014,0.00343236865131332,0.0312906375297,1.50458558825009
"LOC103349044",147.68808197561,2.09311978528014,0.716287299805066,2.92217911144002,0.00347591587306141,0.0315570490183974,1.50090361556867
"DSG2",5030.92997631444,-1.26758138146765,0.433993516146598,-2.92073806245409,0.00349203289136997,0.0316871634912707,1.49911663538287
"ACKR1",346.238267063427,1.41595130811028,0.484950494777903,2.91978526335714,0.00350272652859194,0.0317679576678479,1.49801070465962
"CCNA1",5.41532275535295,-2.20351039058242,0.754822578824225,-2.91924281599365,0.00350882793120035,0.0317965194692644,1.49762041643129
"GPRC5B",414.402459619226,-1.29964616327729,0.44520829142083,-2.91918679036641,0.00350945865346154,0.0317965194692644,1.49762041643129
"IL6",76.0373153882697,2.45438482038972,0.841036863096648,2.91828447489545,0.00351963091196857,0.031872412783944,1.49658505861319
"LOC100357403",27.2342780716476,-1.72650046107383,0.592208625873919,-2.91535851664781,0.00355280154106101,0.0320582992131632,1.49405952196726
"NECAB3",183.988977477055,-1.39244466628793,0.477675615442989,-2.91504238707391,0.00355640236976615,0.0320720270631901,1.49387359028868
"FBXO43",35.5583778622988,-1.7588109353042,0.603740232285532,-2.9131915371053,0.00357755091537153,0.0322078104379353,1.49203879852848
"FAM150B",67.9424800779729,-2.59158350793521,0.889776045879562,-2.91262449684558,0.00358405299777887,0.0322276037081529,1.49177198536622
"NR3C2",490.6867108824,-1.23323114252868,0.423476703632524,-2.91215817056805,0.00358940827585205,0.0322410969069322,1.49159019104424
"PLXDC1",104.296127390242,-1.19081182223323,0.409002244237561,-2.91150437194563,0.00359692873724614,0.0322811566407681,1.49105091280672
"BDKRB1",11.4218430995195,2.16512151813857,0.743805736840357,2.9108696140687,0.00360424388730948,0.0323099087685043,1.49066426827115
"ARHGEF4",242.242818985799,-2.2940470654394,0.788335047834989,-2.90998994874015,0.00361440379806956,0.0323510100917482,1.49011215485853
"SAA3",12097.360879123,1.89989920962123,0.652959311886503,2.90967473016369,0.00361805082701328,0.0323673307100094,1.48989311479926
"LIF",432.009230626924,1.26676993313889,0.435432105778704,2.9092249200905,0.00362326085382485,0.0323976105262152,1.48948701984114
"LOC108176854",11.9435046377564,-2.71975831954433,0.935654657270616,-2.90679718035936,0.00365149867613798,0.0325353664672555,1.48764429715786
"LOC103347344",28.2383209297625,1.70299967378307,0.585921538227426,2.90653195466259,0.00365459569615579,0.0325466226849318,1.48749407085605
"ASGR1",8022.10896566797,1.6383984053362,0.563745379435743,2.9062737631235,0.00365761287304123,0.032557156912542,1.48735352734258
"LOC103346344",678.070125865397,1.07496583392509,0.369900180080467,2.90609708189718,0.00365967884114019,0.0325592179204999,1.48732603550552
"GDF10",33.5189072956123,-2.38981218689137,0.823018220044205,-2.90371723090531,0.00368761049982303,0.0327748616731893,1.48445913258059
"PPP1R3G",371.04380857915,-2.19396847151866,0.755826672822964,-2.90274020540229,0.00369913359390804,0.0328443832707722,1.48353888860259
"B3GAT1",7.65659569248846,-2.68347106500126,0.924819384394534,-2.90161636994459,0.00371242865023038,0.0328966031517419,1.48284894425722
"SCN5A",70.3682582590254,-1.98621558040772,0.684772135275071,-2.90054965453562,0.00372508814074261,0.0329758550673519,1.4818039343345
"ADGRB2",96.8200774096753,-1.26405563588134,0.436267091733232,-2.89743521763104,0.0037622743031369,0.03314929646571,1.4795256842819
"LOC100009591",93.4862703308454,-1.90836966003639,0.65876467844889,-2.89689129133303,0.00376880324594835,0.0331740003883482,1.47920215459359
"DDIT4L",28.7105235090347,-2.58467576430896,0.893233883539506,-2.89361589605959,0.00380833716827564,0.0334321630180849,1.47583552420225
"SLC28A1",1018.34889455065,1.21476091203934,0.419894702315474,2.89301318959405,0.00381565273514165,0.0334321630180849,1.47583552420225
"UBA7",6729.00656386241,1.00623698815964,0.3478215663929,2.89296893977814,0.00381619033605499,0.0334321630180849,1.47583552420225
"LOC100352119",1320.13493405549,-1.09923375499227,0.38007409379294,-2.89215648460144,0.00382607327640283,0.0334973884278952,1.47498905074124
"LOC103350775",179.949640211994,1.15627387140829,0.399853513533515,2.89174368180555,0.00383110363385124,0.0335131879730043,1.47478425753536
"SLC8A3",41.5523658278283,-1.04868759409297,0.363131997702706,-2.88789641432679,0.00387827568853005,0.0338757456671849,1.47011113639563
"CLIC6",141.242616514354,-1.80046972694994,0.62372586555936,-2.88663630349092,0.00389384046713911,0.033968877751624,1.46891880091708
"ARHGAP11A",1361.77951214127,-1.30872498556904,0.453898643547148,-2.88329785553347,0.00393535135777186,0.0342730869720769,1.46504677696609
"KCNK3",199.074115515865,-1.04212613262041,0.361665683834706,-2.88146257496936,0.00395834239525041,0.034372122883219,1.46379364423763
"C12H6orf25",82.6864970799736,1.22125174267567,0.424326250269892,2.87809613922989,0.00400083191018104,0.0346563033547112,1.46021776355718
"ADAMTS19",54.0606844806969,-1.64413292447162,0.571524072956343,-2.87675183298397,0.00401791447179065,0.0347678830778978,1.45882175152485
"SPDYA",9.69596115095803,-1.48541119111222,0.51644395201893,-2.87622923127538,0.00402457320636004,0.0347770933980937,1.45870671830567
"MYO1F",3410.47196514785,1.11560231252204,0.388177548156594,2.8739485779636,0.00405374958229573,0.0349924555376572,1.45602558055121
"SLAMF1",2322.46440875833,1.12181495320122,0.390387018158686,2.87359697177537,0.0040582647190253,0.0350000682691837,1.45593110853827
"MPPED2",37.5137918043058,-2.05480250409004,0.715363084824589,-2.8723910244738,0.00407378554152948,0.0351168623490077,1.45448429474163
"LOC100347004",10950.6066992372,-2.16124324574622,0.752631514089147,-2.8715821823669,0.00408422569254181,0.0351624937653478,1.45392033183137
"LOC100350727",17.6891756632388,-1.20812376804466,0.420726145761137,-2.871520537092,0.00408502237557874,0.0351624937653478,1.45392033183137
"PIK3C2G",1401.62192235896,-2.00653396433479,0.698855508187289,-2.87117142360285,0.00408953686397239,0.035167243119499,1.45386167617887
"WAP",9.73569649005464,1.47483618625857,0.513657145522775,2.87124631500561,0.00408856804009002,0.035167243119499,1.45386167617887
"LOC100358696",559.420320499933,1.27557123124891,0.444367632188281,2.87053137729086,0.00409782525136206,0.0351873731913039,1.45361315291765
"LOC100349504",492.34869279883,1.97323387547807,0.687516236785959,2.87009058099145,0.00410354227890572,0.0352073459668637,1.45336671208941
"RGN",10883.3497666282,-1.97381936639123,0.688156975658628,-2.8682690668101,0.0041272437381608,0.0353374091213777,1.4517652953934
"KRT17",1708.00847745255,-1.30750590245662,0.455840170160412,-2.86834287113509,0.00412628099015985,0.0353374091213777,1.4517652953934
"FBN2",173.122934243967,-1.09849018715835,0.382968419903835,-2.86835710222316,0.0041260953747256,0.0353374091213777,1.4517652953934
"SPDYC",7.8599687182742,-2.38107249812361,0.831014355792604,-2.86526036707585,0.00416666497516047,0.0356062285238917,1.44847402514646
"DNASE2B",102.746817616324,-1.39821238943136,0.488109449823998,-2.86454685508655,0.00417606367805805,0.0356675635414215,1.44772655639352
"MAT1A",15085.9233575376,1.68383078086902,0.590006370630168,2.85391966034294,0.00431834504252211,0.0366701464775866,1.43568735526218
"CXCL12",9497.6439483384,-1.00793839747026,0.35316282167307,-2.85403314169725,0.00431680277068749,0.0366701464775866,1.43568735526218
"LOC103350359",82.4618870111035,-3.42600988656574,1.20115542739605,-2.85226192083476,0.00434093162753494,0.0368118468500323,1.43401239345642
"RPL34",10033.5548107433,-1.67090927489285,0.585935527269286,-2.85169476355191,0.00434868366083962,0.0368599743535064,1.43344497129097
"LOC103346250",725.500231115126,1.29245865680482,0.453333853401869,2.85100847224636,0.00435808082486273,0.0369219935849587,1.4327148574952
"MFAP3L",737.134609137721,-1.00005678832136,0.35085006006453,-2.85038226340171,0.00436667135677932,0.0369771230493684,1.43206688150536
"LOC103352385",70.9460674349093,1.3250907811396,0.465048383367655,2.8493611171034,0.00438071269527431,0.0370480136861161,1.43123507157895
"PLCB1",611.55788654227,-1.31103869342364,0.460123664949445,-2.84931811444144,0.0043813049032147,0.0370480136861161,1.43123507157895
"MSX2",45.1332917921782,-1.18168449188983,0.414757214546992,-2.84909930543462,0.00438431933924926,0.037055849501112,1.43114322613176
"LGI1",35.2008471311165,-1.82608090734132,0.641028361684954,-2.84867412502847,0.00439018224009967,0.0370700973261318,1.43097627374528
"LOC103345057",48.035960915465,2.25268435333719,0.791145795622171,2.84736943026492,0.00440821733404654,0.0372046835292401,1.42940238530972
"TMEFF2",15.4029164287699,-2.32179065403857,0.815624562645806,-2.84664140877135,0.00441831010526641,0.037272141662725,1.42861565190458
"PPP1R1C",63.6614345764745,-3.24833286369465,1.14118525467123,-2.84645534140773,0.00442089296861841,0.0372762134441844,1.42856821015436
"CP",48176.1873152769,1.03662069832893,0.364392167995277,2.84479412395703,0.00444401360157445,0.0374000936056638,1.42712731083769
"CYP4A5",2127.74005702347,2.28414603425012,0.803175013220203,2.84389578442213,0.00445656218612781,0.037470166860058,1.42631437292592
"LOC103351005",9.6901010387596,-1.6169343280178,0.568981400035396,-2.8418052469153,0.0044858885499882,0.0376098421699294,1.42469848909482
"LOC103352316",20.9871448725306,-1.2839194986999,0.452145544363656,-2.83961550590279,0.00451679394903784,0.0377797246943792,1.42274121116134
"LOC103347245",16.985251964414,-1.25466105683485,0.441832522793362,-2.83967565108745,0.00451594250667806,0.0377797246943792,1.42274121116134
"HHIP",2738.09840561759,-1.08600738344398,0.382495285146528,-2.83926998741421,0.00452168808272418,0.0378028458691811,1.42247550442843
"CRTAM",150.807778354393,-1.70510448637152,0.600833992979458,-2.83789616815142,0.0045411952544906,0.0379301997985664,1.42101486963081
"PSMB11",431.836942713405,-2.1047878840376,0.741732617283197,-2.83766391688014,0.004544500566023,0.0379399532202927,1.4209032089292
"LOC100343865",8.61582967141404,-1.660933354923,0.585423221949219,-2.83714976217167,0.00455182557329704,0.0379400664200314,1.42090191314615
"LOC100349257",18431.2378175204,1.58371310548788,0.558205419825707,2.8371510724177,0.0045518068930322,0.0379400664200314,1.42090191314615
"TNFAIP6",83.6489808611469,1.85177802921635,0.65344443243096,2.83387222740168,0.0045987715412306,0.0381775472803096,1.41819197633113
"SOX5",152.853441289661,-1.29377508613615,0.456852807867073,-2.83192981165301,0.00462680036405327,0.0383385059111025,1.41636481600692
"CLEC5A",386.596938893248,1.50971834095338,0.533410990805169,2.83030977422214,0.00465029552086891,0.0384972458954768,1.41457033893774
"SPATA25",7.57955507798725,-2.12900402806237,0.75236132375525,-2.82976272283097,0.00465825368948254,0.0385451490604315,1.41403027050144
"KCNMB2",5.77115618994242,-3.05640566358134,1.08051464950909,-2.82865731155977,0.00467437217978689,0.0386252880783208,1.41312826846398
"TMEM173",1350.82799397966,1.15792862971949,0.409418662009214,2.82822630516396,0.00468067054493463,0.0386405681404859,1.41295649668553
"DPP10",27.8501980804566,-2.66203621248645,0.941915459392413,-2.82619441685734,0.00471046646511995,0.0388323591683298,1.41080622411622
"CDK15",237.891091032452,-1.89954257012487,0.672093723247659,-2.8263060707456,0.00470882470775223,0.0388323591683298,1.41080622411622
"DNAH12",281.823571717882,-1.1542700493332,0.408540631318819,-2.82534945326509,0.00472290760708576,0.0389168463872633,1.40986235987595
"SKA1",276.165073557596,-1.64753151069172,0.583201770666424,-2.82497686659813,0.00472840297160042,0.0389378835029851,1.40962765856728
"PLA2G2E",14.9040341176375,1.8881928037273,0.669220134268942,2.82148235989637,0.00478022664033448,0.0391660184501159,1.40709057583618
"UGT8",1706.98322859138,-1.90897024962576,0.676789966194334,-2.82062433691226,0.00479302950247518,0.0392207756946375,1.40648382126055
"MIS18BP1",592.960572670903,-1.04393818588,0.370127510407457,-2.82048255405489,0.00479514807917986,0.0392207756946375,1.40648382126055
"MS4A4A",542.082617520765,1.31720387158986,0.467466932393363,2.81774769574817,0.00483617960422734,0.0394654491013476,1.40378295072945
"SHH",32.3717840595942,-2.28822642949808,0.812489680136404,-2.81631445351272,0.00485780939696172,0.0395988802888697,1.40231709415631
"PPP1R15A",784.658879380737,1.0477753163461,0.372144951883978,2.81550323614965,0.0048700906451671,0.0396328467955391,1.40194473152173
"ABCG8",1406.762584038,-3.66099639072018,1.30139410113964,-2.81313430536854,0.00490611550240163,0.0398711740165415,1.39934097624132
"LOC103352376",1409.56186888729,1.52110145958897,0.540905913402875,2.81213686502264,0.00492135578067729,0.0399645078498681,1.39832553085881
"ACTL6B",71.6658233865759,1.05491179572555,0.375273656903101,2.81104675566913,0.00493806094695893,0.0400222472425292,1.3976985294522
"FERMT1",559.479735207271,-1.6808199105474,0.598391384587464,-2.80889724324185,0.00497115107440663,0.0401972484827532,1.39580367352384
"LOC108177689",36.6506317144765,-1.3807496476161,0.491748639806665,-2.80783623145141,0.00498755835796738,0.0402796033009826,1.39491481530418
"PPP1R1B",527.899701295881,-1.07871616420831,0.384234197754677,-2.80744444537194,0.00499362923166456,0.0402903368841352,1.39479910128104
"LOC100351528",196.317935021211,-1.56516740108344,0.557626803508759,-2.80683674320339,0.00500305902803643,0.040326655171943,1.39440779833976
"LOC103346716",126.227281724463,-2.13052429307107,0.759237452828623,-2.80613698011547,0.00501393728874436,0.0403713768165288,1.39392643925392
"RASGRF2",117.169431665781,-1.14180641159228,0.407199965826986,-2.80404348579297,0.00504660980253649,0.04058553574319,1.3916287168208
"LOC103350040",31.9372727258451,-1.02379783484965,0.365260548870003,-2.80292475608697,0.005064148268546,0.0407081375083437,1.39031876714535
"GPR84",632.450202450841,1.60309365871093,0.572800768500227,2.79869327499041,0.005130985182686,0.0410819007083491,1.38634947140261
"ASIC1",18.316594348099,-1.51644654345879,0.541846906348949,-2.79866236328052,0.00513147635756437,0.0410819007083491,1.38634947140261
"LBP",22125.4560560569,1.99429372997931,0.712670156989371,2.79834045304222,0.00513659391035771,0.0410858068115994,1.38630818026429
"CHGA",1972.27105160833,-4.30625129348286,1.53971650512679,-2.79678192650683,0.00516143579581534,0.0412473318054599,1.38460413971149
"LOC108176881",305.787127985958,-2.08200750093,0.744524816348314,-2.79642458547139,0.00516714685444121,0.0412590812432492,1.38448044711977
"PGER8",1692.7591240226,-1.0669115326871,0.381530502081819,-2.79639904769214,0.00516755522022328,0.0412590812432492,1.38448044711977
"RERGL",13.4791338823237,-1.37238588981463,0.491304272289491,-2.7933522405968,0.00521648547029504,0.0415749441456069,1.38116832556655
"SGCG",315.503951458669,1.19126385257353,0.426496477870093,2.793138781644,0.00521992915823666,0.041583717517748,1.38107668803785
"ZCCHC12",124.956623756135,-1.170628799793,0.419189131572857,-2.79260293653282,0.00522858288491975,0.0416152993831573,1.38074697667718
"OTOGL",31.8286446907488,-2.35573565787962,0.843657588657069,-2.79228882612135,0.00523366169109049,0.0416366567887964,1.38052414939367
"LOC100351810",59.6382778147943,1.20925825814988,0.433302196157339,2.79079651308939,0.00525785162530894,0.0416614323650038,1.38026580261863
"LRP2",1061.9525198768,1.47702875482515,0.529485965004308,2.78955223074351,0.00527809822343967,0.0417659230351452,1.37917791615827
"LRRC10B",15.2962749673575,-1.35752796972632,0.486627835455464,-2.78966362139093,0.00527628284159321,0.0417659230351452,1.37917791615827
"SMC2",2860.15968203704,-1.02892337395306,0.368937774077464,-2.78888052741658,0.00528905722890748,0.0418237954109569,1.37857655852834
"LOC100343111",9.5590769788187,2.05085009877851,0.735781919319594,2.78730700623225,0.00531481012523295,0.0418798477059036,1.37799490628178
"BHLHA15",398.902274164672,1.29207692921337,0.463628442063048,2.78688020834938,0.00532181477282001,0.0418798477059036,1.37799490628178
"LOC100342354",62.0377507800129,-1.06617925513017,0.382550580645057,-2.78702819724486,0.00531938502122064,0.0418798477059036,1.37799490628178
"MS4A6A",557.020054283699,1.11126388714608,0.398796326968537,2.78654494035436,0.00532732306920966,0.0418939553191858,1.37784863481175
"C17H14orf105",46.3511514953988,-1.6775008372365,0.603555873914924,-2.7793629550078,0.00544656303004114,0.0426901011613287,1.36967281606148
"COBL",1132.20948282596,-1.35912590153215,0.489019289223425,-2.77928893907329,0.00544780433435177,0.0426901011613287,1.36967281606148
"SLCO1C1",83.6411043546872,-1.78564940402881,0.642643501860117,-2.77860026415935,0.00545936619224145,0.042748967778312,1.3690743673357
"TEKT2",16.2090596589541,-1.03010859715946,0.370754534209271,-2.77841132639533,0.00546254205426851,0.042748967778312,1.3690743673357
"LOC103344989",9.08364414681217,-1.45201884182942,0.52283728315939,-2.77719070272722,0.00548309978448628,0.0428550793031687,1.36799769690047
"LOC100359023",1103.19564293772,-1.89152800608029,0.681387233951594,-2.77599566271691,0.00550329426127404,0.0429920641916166,1.36661170246366
"PDCD1LG2",164.56451264895,2.05641466320131,0.74099548779611,2.77520537853417,0.00551668578973369,0.0430777193497506,1.36574729748263
"NRN1",95.327037291548,-1.81032094055325,0.652494833720311,-2.77446019033039,0.00552934009026792,0.0431314613541306,1.36520582710136
"SULT3A1",2390.12519690985,-2.40694683174006,0.867670582061007,-2.77403300457964,0.00553660608739661,0.043138376402635,1.36513620445011
"STMN1",9047.99894825024,-1.00827122407019,0.363893639115695,-2.77078551447179,0.00559212494483816,0.0433818318344566,1.36269211348366
"CDKL2",63.9660452332075,-1.01094475075198,0.365105848866622,-2.76890867097913,0.00562443988993003,0.04355505392948,1.36096144418474
"B3GALT1",16.9634956057944,-2.41163706905968,0.871275907335555,-2.76793728456775,0.00564123101300807,0.0436181057520569,1.36033319889698
"EPHA7",179.148215580179,-1.33214252521638,0.481261635331467,-2.76802144076761,0.00563977452455801,0.0436181057520569,1.36033319889698
"CHRND",7.08531206754697,1.51738386601818,0.548366708344376,2.76709698624749,0.00565579264709671,0.0436834915984855,1.35968265598666
"PILRA",1341.88032650551,1.0598901272172,0.383224550395666,2.76571562579405,0.00567980411101767,0.0437927207499794,1.35859807216351
"CA1",206.973240660597,-1.66472680110083,0.602069133546212,-2.76500937906503,0.00569211591593584,0.0438685911384912,1.35784631295325
"SLC6A19",33.5178890574225,1.85782909728201,0.672170360979849,2.76392594070018,0.00571104999048631,0.0439572533743025,1.35696945186389
"CCL28",181.321860132541,-1.30842315741163,0.473581186762826,-2.7628275657557,0.00573030305963028,0.0440481372911987,1.35607245232023
"IL34",277.660864048283,1.022873545128,0.37028621396576,2.7623862475814,0.00573805525703887,0.0440886332282177,1.35567336433185
"ENO4",35.7043033240045,-1.41221418300569,0.511631818390466,-2.76021571029017,0.00577632074587511,0.0442838227683614,1.35375489602401
"S100A1",64.6967743585936,-1.20155830675028,0.435331990216692,-2.76009650968262,0.00577842884283763,0.0442838227683614,1.35375489602401
"TRIM46",68.9903733660133,1.07269090136243,0.388690641870185,2.75975489453817,0.00578447424816666,0.0443110200391498,1.35348825239955
"GRIA3",8.2312807239518,-1.91000869328409,0.692251777579803,-2.75912428850918,0.00579564877317889,0.0443516578035773,1.35309014220227
"TENM3",696.173713188414,-1.01822826790301,0.36909775205162,-2.75869539232686,0.00580326005681083,0.0443783122569303,1.35282921835998
"SELE",72.2222223227679,1.62073447813922,0.587700711323163,2.75775483492314,0.00581998295090459,0.0444678766231621,1.35195360796641
"LOC103352122",64.4515582070876,1.2911832184856,0.468270778334983,2.7573431403869,0.00582731644540512,0.0444856084255894,1.35178046524927
"LOC108175651",52.0611895639914,-1.84178365061327,0.668428263650851,-2.75539463360471,0.0058621382436125,0.0446745777955682,1.34993954317422
"PRIM1",403.588370638538,-1.24108141388699,0.450584971816462,-2.75437817840166,0.00588037767733655,0.0447405111628147,1.34929905837257
"CR2",1710.62959987885,-1.24466280602452,0.45245705404193,-2.75089711809239,0.00594323058325826,0.0450812255728827,1.34600428578687
"FAM198A",57.5706069405634,-1.6280931541419,0.592217602915598,-2.74914684421147,0.00597506113562135,0.0452244605953703,1.34462660438747
"LOC103347481",489.61723029874,1.28165092212933,0.466283169628264,2.74865361996896,0.00598405863232328,0.0452732551854672,1.34415827824031
"GRIN2B",36.1283866596289,-1.74540612258356,0.635209938750554,-2.747762615328,0.00600034347163341,0.0452823409892885,1.34407112924801
"CPXM2",53.2574239632191,-1.36484836104549,0.496690005429789,-2.74788770888289,0.0059980547372647,0.0452823409892885,1.34407112924801
"ADAM23",137.542228308367,-1.31913812584432,0.479991210158929,-2.74825475534758,0.00599134372779268,0.0452823409892885,1.34407112924801
"DDO",770.549456078311,-2.2597468688357,0.823042529449186,-2.74560157948097,0.00604000658388057,0.0455025793112463,1.34196398468592
"DCT",14.3306965344658,-1.57006077322139,0.572365986982704,-2.74310634965952,0.00608609709596009,0.0458303510208722,1.33884681642216
"MCOLN2",757.454010558786,1.48273679534124,0.540608823814721,2.74271660029251,0.0060933248684262,0.0458653193764617,1.33851557799958
"LOC108176508",21.4833319650502,-1.46701915059124,0.534974491413681,-2.7422226183432,0.00610249670834231,0.0459148851531868,1.33804649764557
"CTNND2",58.6608754511714,-1.10670051388146,0.403659535997306,-2.74166820101791,0.00611280546931852,0.045934032292521,1.33786542861811
"HAS1",12.3869685140548,1.93647603943746,0.70635816585608,2.74149310228547,0.00611606448894192,0.0459385012644609,1.3378231776911
"LOC100347394",15.4466513426928,-1.53203608195606,0.558907499199583,-2.74112636554368,0.00612289543665301,0.0459385012644609,1.3378231776911
"LOC108177687",16.1573626000219,1.50252496247268,0.548169204647952,2.74098754496367,0.00612548294230947,0.0459385012644609,1.3378231776911
"DIRAS2",28.0096504232934,-1.23809367061595,0.451681861058271,-2.74107458669062,0.00612386043833157,0.0459385012644609,1.3378231776911
"VWC2",6.82240816670064,-2.25251955350796,0.822213748673779,-2.73957904150989,0.00615179207057303,0.0460369168082003,1.33689376970824
"EVA1C",185.40838725336,1.35378049346539,0.494749681242913,2.73629381642939,0.00621355195722382,0.0464159653572246,1.33333261267903
"TNXB",970.845889752043,-1.03359647591151,0.37771698000467,-2.7364310598341,0.00621096074713559,0.0464159653572246,1.33333261267903
"RHBG",259.656639783639,-2.55312291001503,0.933860505102618,-2.73394462670255,0.00625805676886544,0.0466306673344218,1.33132836928531
"PGER2",14557.2617311527,-3.46365616086808,1.26706152291318,-2.73361324468648,0.00626435775959273,0.046642105828031,1.33122184999758
"G6PD",2798.60771152558,1.25223030860893,0.459161835014008,2.72720904290908,0.00638725600662653,0.0473745954290073,1.32445448580909
"KAZALD1",2465.19838606055,-1.37320579959885,0.503654937157828,-2.72648136310939,0.00640135675010005,0.0474568051111495,1.32370150272429
"USP18",4649.8207397252,1.55566737501767,0.570768645535602,2.7255655810558,0.00641914228161492,0.0474920201568917,1.32337935654284
"TDRD10",14.4782372235517,1.68690251462251,0.619881067201348,2.72133253276886,0.00650193198541405,0.047984528402958,1.31889876913154
"LOC100352190",63.6971941706328,-1.40696367663018,0.517010549463183,-2.72134423193307,0.00650170185641084,0.047984528402958,1.31889876913154
"CA4",46.123090832681,1.36776127464645,0.502940142309344,2.71953093337532,0.00653745799906968,0.0481466149483352,1.31743424147688
"ORM1",85812.8793090026,2.37948585199477,0.875224380311899,2.71871522951269,0.00655360032939223,0.0482054920208797,1.31690348004978
"CENPF",2559.00008488189,-1.37369408838238,0.505624815094012,-2.71682490133908,0.0065911467580141,0.0484415171047587,1.31478226396194
"KNSTRN",841.243041727385,-1.13775413650725,0.418958631942279,-2.71567178657391,0.00661414524703797,0.0484989835674498,1.3142673631642
"LOC103345555",6.20800152662843,-1.35708890475746,0.499787974037653,-2.71532925010961,0.00662099090969576,0.0485202178596986,1.31407725778377
"GABRB2",99.0749059016976,-2.43522884519993,0.898481520860686,-2.71038278323982,0.00672055983134302,0.0491281781081167,1.30866934114225
"LOC100357801",12993.4403004279,1.28185249301416,0.473138753004464,2.70925280348376,0.00674349353822883,0.049255780777532,1.30754279232465
"OLIG1",7.05446017638749,-1.89513112667406,0.699693157731637,-2.70851744901717,0.00675845581463237,0.0493239441833511,1.30694220238093
"LOC103347747",297.647694513261,1.50584221784132,0.55602926207497,2.70820678074006,0.00676478595056334,0.0493295751177275,1.3068926251586
"LOC108176538",47.1063181536225,-1.5096988054603,0.5577361708354,-2.70683323837328,0.00679283697617072,0.0494325803567257,1.30598671898615
"HR",117.884037748036,-1.58443618320699,0.585572969114273,-2.70578777842765,0.00681425778571915,0.0495289509376745,1.30514087062049
"TRNAA-UGC_7",18.3868583096265,1.27843049970162,0.472504482554453,2.70564734706891,0.00681713975462179,0.0495289509376745,1.30514087062049
"BSP1",7951.06373476821,1.54845188593617,0.573135514370687,2.70172035602505,0.00689817533248806,0.0498719812530878,1.3021433783188
