"Gene","baseMean","log2FoldChange","lfcSE","stat","pvalue","padj","negLogPadj"
"LOC100358069",321.91405336616,5.51333554655564,0.247936818352305,22.2368568863439,1.51182623629974e-109,2.70238939738579e-105,104.56825207169
"LOC100352749",239.623596037658,-6.96493791837773,0.314357798053536,-22.1560844410533,9.11394735830637e-109,8.14559045148632e-105,104.0890774294
"LOC100351756",135.647416832807,-4.47131240215179,0.257334155343809,-17.3755108262949,1.26475012899157e-67,7.53580285190812e-64,63.1228704718723
"TMEM86A",700.195528384943,-1.51323482144374,0.108719971320741,-13.9186462529452,4.88060750860308e-44,2.181021480407e-40,39.6613400571282
"FPR1",1287.94170889562,-3.74745636087027,0.271192260060295,-13.8184488009986,1.97275159152825e-43,7.0525869397135e-40,39.1516515514392
"FCGR2A",1378.83994269873,-4.42585146196385,0.326609442935339,-13.5508986580038,7.82660529288671e-42,2.3316761601725e-38,37.6323317676421
"IL1R2",7996.26688666095,-4.06216164638666,0.311782421944221,-13.0288347272939,8.38788567031375e-39,1.87416820446073e-35,34.7271914342642
"CLEC1A",247.938661332069,-1.86775841006958,0.143258268415111,-13.0377005860318,7.4675346238546e-39,1.87416820446073e-35,34.7271914342642
"LOC100342544",598.366653034118,-4.04706194216012,0.322322322457706,-12.5559468277012,3.68743724286211e-36,7.32366007957335e-33,32.1352718212507
"LOC103345926",10250.3972030448,-3.99316225240271,0.329883670631855,-12.1047587616394,9.96619381177886e-34,1.78145714385547e-30,29.7492246209195
"NREP",844.382020487941,1.74934336111555,0.146346556344894,11.9534303013791,6.22996181618259e-33,1.01236879512967e-29,28.9946612498353
"LOC103348590",67.7960823494847,8.4387618296529,0.720821571438468,11.7071438536621,1.17160076874405e-31,1.74519697844165e-28,27.7581555476032
"MYO7A",1092.41444185482,-2.2690496406333,0.195528957274559,-11.6046731505203,3.90175556696363e-31,5.36491390457499e-28,27.2704372431422
"FCER1G",5047.210261935,-2.42554781421507,0.211712600692382,-11.4567947598895,2.17412595795766e-30,2.77589296417808e-27,26.5565972838811
"RTP4",4346.73339070242,-2.51242578883681,0.224157804444761,-11.2082904945473,3.71295138383356e-29,4.42460039906833e-26,25.3541259458285
"ESAM",795.44998250976,-2.0284808055849,0.182656947813375,-11.1054127963281,1.18070505222725e-28,1.31906892553513e-25,24.8797325105966
"LOC100353852",4141.85966151411,-2.33655039462757,0.220015837622922,-10.619919092516,2.407697127677e-26,2.53162271513096e-23,22.5966010162477
"XAF1",1659.00049315363,-3.51404689601801,0.332201475483736,-10.5780592662962,3.76679548159256e-26,3.63056501329596e-23,22.440025781834
"LOC100337909",3170.96156281344,-3.07181089268259,0.290456839024146,-10.5757912363262,3.85906211203486e-26,3.63056501329596e-23,22.440025781834
"LOC100338196",50.3740023964363,5.46482778787596,0.518187186750203,10.5460496276422,5.29779535183001e-26,4.73490459569807e-23,22.3246887672371
"OAS1",2409.55858507494,-4.00835523788223,0.381481752977813,-10.5073314951328,7.99230404463421e-26,6.80297308561126e-23,22.1673012472217
"LOC100356242",12049.630098852,-6.40779847543396,0.630106587062347,-10.1693881749564,2.71609334173154e-24,2.20682584015687e-21,20.6562319394452
"S100A9",4413.81540744601,-5.05067426408009,0.498967573375444,-10.1222494879036,4.40180686392918e-24,3.42096946490148e-21,20.4658508022499
"MX1",21677.5946047256,-3.26175874803455,0.325827166991527,-10.0107022325716,1.36778179276079e-23,1.01871248106663e-20,19.9919483729178
"VSIG4",5958.66855793444,-4.3294001053604,0.436579825354914,-9.91662888187938,3.52459706096576e-23,2.52008689859052e-20,19.5985844834535
"TTC39B",698.293917977011,1.49139240541603,0.150919751853714,9.88202264513153,4.98170596774322e-23,3.42492285282346e-20,19.4653492066447
"OAS2",5997.48579882192,-3.5472145074308,0.359224480126756,-9.87464580971522,5.36220588210253e-23,3.54997889416973e-20,19.4497742289654
"CX3CL1",1093.89177849456,-4.98954127698302,0.50572046999017,-9.86620390722962,5.83304494691638e-23,3.72377422950465e-20,19.4290166579411
"LOC100338913",1411.49831168081,-4.18225597289775,0.424092483935588,-9.86166020695844,6.10317743237604e-23,3.76187229668006e-20,19.4245959514195
"MOV10",1916.62141118152,-1.43273992973889,0.14573202394964,-9.83133213214684,8.25199013675623e-23,4.91681078981725e-20,19.3083165040384
"NLRP3",264.618079449807,-3.14899358971243,0.320927277608714,-9.81217182028321,9.97971507141365e-23,5.75443248069416e-20,19.2399975013402
"IGSF6",1133.69655998761,-2.81810507948286,0.288926750416547,-9.75370080970345,1.77863397077672e-22,9.93533819613557e-20,19.0028173450398
"LOC100342826",7197.87671719261,-4.7615893099357,0.490034461288925,-9.71684582633517,2.55575766348189e-22,1.38436873438602e-19,18.858748217697
"LOC108176037",335.695182813059,-3.05074316039989,0.314331286996938,-9.70550271831393,2.85664573176024e-22,1.50183948397689e-19,18.8233764820777
"LOC100353536",2000.54566818697,-3.24590388928934,0.3384328671165,-9.59098304176227,8.72497036342519e-22,4.45596700703501e-19,18.3510580334348
"LOC100358731",1991.96783494886,-3.06301091208153,0.322451676643436,-9.49913160311637,2.11647870627465e-21,1.05089046874054e-18,17.9784425468647
"SLC37A2",1503.62688209289,-2.56078061466198,0.269969331320667,-9.48545007736569,2.41339319655432e-21,1.16592982130834e-18,17.9333275894876
"ZNFX1",9840.01846397024,-1.89147436026426,0.200200596319592,-9.44789573575891,3.45710467372934e-21,1.62620384323452e-18,17.7888250168949
"LGALS9",9720.10076490278,-4.17322947392345,0.443200670227596,-9.4161172449951,4.68077541835819e-21,2.14535540008084e-18,17.6685007521932
"UBE2L6",3529.5658843785,-2.22322250725075,0.236898097293327,-9.3847208257564,6.30833352996667e-21,2.81903654620386e-18,17.5498992938653
"CD163",2010.72656932477,-5.88578282796434,0.631929876787391,-9.31398094023743,1.2312880351314e-20,5.36811551901799e-18,17.27017814695
"OASL",1780.08700162426,-2.56099176413921,0.276672491966221,-9.25640184153863,2.11437400786993e-20,8.99867509301784e-18,17.0458214285772
"CSF2RA",1768.3359570649,-2.55394201011348,0.276035293262702,-9.25222995917012,2.19857088550747e-20,9.13940804149909e-18,17.0390819325633
"PTX3",157.035845193119,-3.96523967110146,0.430362268048674,-9.21372519268578,3.14998913509185e-20,1.27968308613106e-17,16.8928975701847
"LOC103351679",3330.66924156488,-2.26143998120792,0.246661873714484,-9.16817806965005,4.81080838010329e-20,1.91095999542992e-17,16.7187484044918
"GPNMB",7987.98773956292,-4.2184737281018,0.462989572674957,-9.11137955813834,8.1340977290986e-20,3.16080428060082e-17,16.5002023951717
"CD68",3564.77902640399,-2.64341622311922,0.29104807024383,-9.08240422588839,1.06202523489574e-19,4.03908533484284e-17,16.3937169712767
"LOC103347102",326.366626494517,-3.7421326827699,0.412505519952486,-9.0717154117136,1.17157765559806e-19,4.36290637371154e-17,16.3602241067053
"NRP1",2138.52982854344,-1.25844284918815,0.139290714975133,-9.03464993637813,1.64528179727786e-19,6.00192084211055e-17,16.2217097366788
"C13H1orf162",3131.42164498181,-2.55427979237245,0.284150874058799,-8.98916746546375,2.49110211601263e-19,8.90569006474514e-17,16.0503324232305
"CXCR1",383.828994107037,-3.16649395288496,0.35523895774291,-8.91370128153731,4.93566841049357e-19,1.72990338897201e-16,15.7619781505174
"CSF1R",4984.75717446004,-2.17203212576609,0.245669526135971,-8.84127616448421,9.46314319627562e-19,3.25295547371974e-16,15.4877218812771
"LOC100345779",3757.17558542929,-3.43091191931517,0.388795921246145,-8.82445450641205,1.09994636685497e-18,3.70972477500615e-16,15.4306583095574
"IFIT2",3131.64100550989,-3.34418380490214,0.381903709858325,-8.75661513249697,2.01201203292817e-18,6.61107089694429e-16,15.1797281854519
"HEXA",11367.453664065,-1.25787620427616,0.143668950173582,-8.75537966106374,2.03417566059824e-18,6.61107089694429e-16,15.1797281854519
"ADM",349.14143375286,-2.25688784100935,0.258581161446598,-8.72796698871445,2.59291306703316e-18,8.27648590593173e-16,15.0821540201728
"UBA7",3589.10875190185,-2.6191056960457,0.301090903980765,-8.69872075648298,3.35646335743833e-18,1.05257513182825e-15,14.977746894852
"RSAD2",4456.6422468129,-5.31264739609157,0.612262424040582,-8.67707569089597,4.06074866025749e-18,1.2514807293466e-15,14.9025758333933
"ACOD1",1755.895260669,-4.52894512750792,0.523396468188302,-8.65299137990847,5.01668151683057e-18,1.51988444259909e-15,14.8181894303772
"CTSK",17185.7223691284,-2.49973232199272,0.289255684171734,-8.64194710347888,5.52630156251882e-18,1.6463773405004e-15,14.7834706198432
"CMKLR1",576.480376521261,-2.40385768489089,0.278582772071993,-8.62888134471457,6.19549230607413e-18,1.815482376575e-15,14.7410079625558
"BPI",1123.17350272818,-3.97034114949102,0.46070154535975,-8.61803306170958,6.81140165307527e-18,1.96377104110839e-15,14.7069091486161
"FPR2",265.340222069736,-4.42917522676588,0.515590035640356,-8.59049811012136,8.6593094612547e-18,2.45690724793536e-15,14.6096112385017
"S100A8",3870.15651704064,-4.1406039655045,0.491360486258161,-8.42681510073447,3.55200450009597e-17,9.92063756862743e-15,14.0034604161887
"LOC100338778",499.936860725183,-2.52325148962332,0.29960096020774,-8.4220407300221,3.69982386347158e-17,1.00251854352317e-14,13.9989075855155
"APLNR",1858.40201503231,1.38567402496297,0.164530587608953,8.4219842954452,3.70160692993171e-17,1.00251854352317e-14,13.9989075855155
"LOC108176663",64.906736252577,-3.73718462880874,0.449068333146199,-8.32208453138034,8.64296337520978e-17,2.30586522883395e-14,13.6371660795583
"LOC100354804",109.986225740255,-2.80884681350313,0.337700423476622,-8.31756971041398,8.97852883204529e-17,2.36016474812955e-14,13.6270576806289
"PARP9",3280.83070190665,-1.69511856881175,0.204245925921821,-8.29939966323042,1.04638799602606e-16,2.71075151144433e-14,13.5669102914032
"SLC11A1",1026.37669718756,-5.30583534007266,0.640132165202441,-8.2886560440135,1.1453522925345e-16,2.88354538437382e-14,13.5400732088003
"CDH5",2077.79707406225,-1.25879899982555,0.151869680423345,-8.28867879563964,1.14513326379318e-16,2.88354538437382e-14,13.5400732088003
"MMP14",1494.35449574316,-2.3456228559485,0.283595652868855,-8.27101132270601,1.32827433660589e-16,3.29762552317088e-14,13.4817986641719
"C3",46467.5138241052,-1.75007211101661,0.212122265593311,-8.25029897791075,1.57998741072771e-16,3.86880478996682e-14,13.412423183119
"SPIC",385.090845363116,-2.03836151196797,0.247220322392045,-8.24512116255361,1.64992949456834e-16,3.9854715831634e-14,13.3995202830889
"LOC100359306",1968.86381518617,-2.41556772507116,0.293039418433206,-8.24314946428189,1.67735827074812e-16,3.99770387861634e-14,13.3981893784635
"CD14",2812.63967172702,-2.52044326109392,0.307087797710758,-8.20756565348094,2.25718043576493e-16,5.30882898543397e-14,13.2750012644646
"USP18",2339.14486003749,-3.38815902113462,0.41373795983855,-8.18914228333499,2.63094363607749e-16,6.10754772660846e-14,13.2141331306056
"SAMD9L",8028.60304719615,-2.74424756646185,0.336390969337592,-8.15791093282235,3.40868720172245e-16,7.81157483728061e-14,13.1072614022055
"CAPN3",122.338544022753,-2.39674096355642,0.296014160061207,-8.0967105190537,5.64652221375322e-16,1.26164480713548e-13,12.8990628954986
"GBA",1732.98456868888,-1.72905406524316,0.213541518191388,-8.09703930124487,5.63128837799879e-16,1.26164480713548e-13,12.8990628954986
"CCL2",520.576522809909,-4.25753621541783,0.526821683519158,-8.08155083324889,6.39482609800078e-16,1.41120390742918e-13,12.850410229709
"PTAFR",1977.9878359264,-2.11318472205984,0.26158613555516,-8.07835139112044,6.5648210982232e-16,1.43105094061878e-13,12.8443449065366
"LOC103346068",100.671985512189,-3.28308251808881,0.40749266387952,-8.05678926052887,7.83245115735752e-16,1.68680800527428e-13,12.7729343465722
"SLC15A3",2344.98789403039,-1.85356164803086,0.23196843880842,-7.99057689723772,1.34308759777755e-15,2.85805842979448e-13,12.5439288967914
"GPX3",26243.2311705341,-3.38314251607447,0.424385762559493,-7.97185677405989,1.56307897486203e-15,3.2870631383128e-13,12.4831919538565
"SERPING1",18109.5023744272,-1.88987557095681,0.237695968883216,-7.95081035591875,1.85295415840322e-15,3.8513436722625e-13,12.4143877256495
"C5AR1",1849.37780174444,-3.27335896457364,0.412413195633431,-7.93708591100255,2.06986686349708e-15,4.25274369942646e-13,12.3713307901707
"IFIT5",3926.82149674522,-2.37107455048115,0.299093117586354,-7.92754634280935,2.23518115815288e-15,4.54021172749804e-13,12.3429238938521
"PILRA",729.365657703552,-2.57520080655563,0.325868909841656,-7.90256673398809,2.73217971493901e-15,5.48738341623986e-13,12.2606346935784
"TIMP1",4161.89087513871,-3.19147362307214,0.404249762265615,-7.89480643151289,2.90766154843725e-15,5.77493890870176e-13,12.2384526056789
"PECAM1",3536.21146702539,-1.41728387927498,0.180341172778078,-7.85890352958412,3.87510529444688e-15,7.61181397123495e-13,12.118511834186
"IFIT3",9933.15963559489,-3.57447735527631,0.45501293575918,-7.85577084597027,3.97320909021557e-15,7.63667876210788e-13,12.1170954776674
"CLEC4E",460.902934515632,-3.54893434896214,0.451684281153942,-7.8571128043143,3.93088821278301e-15,7.63667876210788e-13,12.1170954776674
"IFI44",2567.19322582175,-2.5371452351552,0.323793949458095,-7.83567833618074,4.6631826983052e-15,8.81274671576028e-13,12.0548887116126
"ABCA1",4196.75143745985,-1.67709198961925,0.214047842472387,-7.83512681206118,4.68369755522924e-15,8.81274671576028e-13,12.0548887116126
"LOC100342321",3997.16022575603,-3.24362623145504,0.414120938540739,-7.83255790659799,4.78042899774098e-15,8.90105920152291e-13,12.0505583104331
"IL18BP",1970.51443736806,-2.95942546247798,0.379089078126356,-7.80667561593942,5.87161348543595e-15,1.08201124796049e-12,11.9657682245328
"LOC103345141",56.3826094264565,-5.82419809681195,0.749240634517797,-7.77346800011766,7.63659525958854e-15,1.39289939046067e-12,11.8560802516634
"IFI35",1726.84334354421,-2.02031673985464,0.261801718768164,-7.71697278902784,1.19125071051891e-14,2.15086933843692e-12,11.667385971444
"NIPA1",568.600398425523,-2.24183380198227,0.291219936514749,-7.69807805335033,1.38127993751091e-14,2.46903788830075e-12,11.6074722456073
"TRIM25",5568.25198475346,-1.39630043440269,0.181487731558944,-7.69363539016521,1.43012222601679e-14,2.53103314752971e-12,11.5967021670919
"C3AR1",506.507766708538,-3.44143769753853,0.447473588806058,-7.69081747756536,1.46197873862216e-14,2.56204607381088e-12,11.5914130645125
"IRF7",15233.872001994,-5.32697081716016,0.693917089650269,-7.676667568232,1.63280426680827e-14,2.8336287639998e-12,11.5476570476337
"WDR54",277.120444874201,-1.03638892521575,0.135571157029852,-7.64461223110711,2.09575943690755e-14,3.60208653218486e-12,11.443445858424
"SAMHD1",6149.70318098782,-1.5897030145742,0.208142417888642,-7.63757349751122,2.2135368598033e-14,3.76828298752229e-12,11.4238564903525
"LOC100339446",298.584479311173,2.76890665359291,0.362644902705919,7.63531110718054,2.25275771309023e-14,3.79887208693282e-12,11.4203453294709
"RGS2",4912.2344257089,-2.46447864761118,0.3232130222809,-7.62493611866088,2.44155263321668e-14,4.07876199240637e-12,11.3894716362863
"CHI3L1",929.115565733605,-4.37241715227032,0.574302544288404,-7.61343858869373,2.66898170886455e-14,4.41741185610683e-12,11.3548321075345
"ETV7",433.23603608111,-3.65496159125338,0.481218125281749,-7.59522844056099,3.07249922904039e-14,5.03861685496302e-12,11.2976886648833
"FGF23",41.5732764473163,-4.75228030810413,0.626761233469754,-7.58228182332764,3.39529745523358e-14,5.51735836475457e-12,11.2582688067291
"NEURL3",455.372109651623,-4.46072545596231,0.588795969164704,-7.57601221742486,3.56338267516503e-14,5.73833020888063e-12,11.2412144641471
"SLC7A7",3256.70638809996,-1.61619010022598,0.214611789759275,-7.5307610175509,5.04454417598888e-14,8.05100242373226e-12,11.0941500426145
"PLPP1",5172.36354303216,-1.33963029555707,0.178122188480487,-7.52085019269694,5.44211783471851e-14,8.60865984916755e-12,11.0650644519624
"VCAM1",6726.04205870541,-1.73304319571748,0.232159971022324,-7.4648665232252,8.33840949083791e-14,1.3074479793748e-11,10.8835755817876
"LOC100340255",4921.42186537867,-2.3305374976396,0.312704909476336,-7.45283309284265,9.13568314332227e-14,1.42000292336422e-11,10.8477107615327
"ZNF366",465.962911600436,-1.21702384687596,0.163426773955407,-7.44690614285787,9.55545476392874e-14,1.4724461543554e-11,10.831960577895
"CMPK2",1400.54290291108,-2.81570817311717,0.378905013246211,-7.4311715989029,1.07639959879325e-13,1.64449938704525e-11,10.783966284056
"KLHL38",43.584760518775,-2.69061211010427,0.362380142428506,-7.42483319332294,1.12922134654045e-13,1.71057894656022e-11,10.7668568774776
"SP100",2692.67636655758,-1.06190288100501,0.143146826464471,-7.41827749334402,1.18653304331954e-13,1.78229228145687e-11,10.7490210736914
"CCRL2",157.067472270427,-2.63370870705294,0.355402468505423,-7.41049638211152,1.25827554485359e-13,1.87430628035482e-11,10.7271594395959
"HERC5",1547.13693244116,-1.90397691749416,0.256969637667844,-7.40934584635725,1.26923913808231e-13,1.87501236307613e-11,10.726995864364
"ISG15",7501.92182430435,-5.44908717753562,0.735897633568279,-7.40468093519155,1.31466169369221e-13,1.92619489956953e-11,10.715299771456
"LOC103345165",67.867609491849,-4.09117715792715,0.553499601112327,-7.39147264009842,1.45211446465152e-13,2.11028829720699e-11,10.6756582094733
"DDX4",6.70123587536948,5.98783422189982,0.811494603572536,7.37877269366782,1.59755306527664e-13,2.30292427756613e-11,10.6377203418342
"S100A12",2283.7813557617,-4.3126103886919,0.585423044179216,-7.36665635487296,1.74960715923262e-13,2.50193823770265e-11,10.6017234154084
"DTX3L",3389.78540647767,-1.63071907043912,0.222093650816962,-7.34248396764425,2.0966564563409e-13,2.97442334580107e-11,10.5265972188468
"HK3",964.019895019732,-2.54484006498361,0.347183599692626,-7.32995471916486,2.30230507627856e-13,3.240449073896e-11,10.4893947994229
"LOC100009451",3210.65882866816,-4.16060225193876,0.567873833615583,-7.32663138473684,2.36009810782846e-13,3.29584013104951e-11,10.4820338624746
"LOC103346277",37.835376658725,-3.94769860942321,0.539011878975395,-7.32395474646565,2.4076790810129e-13,3.33622198241128e-11,10.4767450603937
"UNC5CL",858.178346226734,-3.46900879931297,0.474580995496638,-7.30962434701527,2.67890247703922e-13,3.68349090592893e-11,10.4337403980257
"LOC100353428",890.699428638083,3.49034302909612,0.478263169153304,7.29795487968533,2.92174575483085e-13,3.98673323416804e-11,10.399382823481
"BCL2L14",458.768819748227,-2.18006342238865,0.299109503318648,-7.28851272928689,3.13395288207877e-13,4.24389452781501e-11,10.3722354180217
"LOC108176039",19.0691930289229,-2.10992594517769,0.290590096156826,-7.26083226194677,3.84715787695689e-13,5.17052233463191e-11,10.2864655815502
"HCK",1758.98527819935,-2.15407677622774,0.297771401891034,-7.23399481128142,4.68989699863753e-13,6.25611260079446e-11,10.2036954432181
"LOC100347711",977.257242293321,-2.87033359394261,0.39694155987693,-7.23112388340628,4.79013129407379e-13,6.342488657894e-11,10.197740300743
"ATP6V0D1",4898.61623647078,-1.10962420526473,0.153493534541236,-7.2291266767763,4.86109844553876e-13,6.3891275525004e-11,10.1945584415291
"LOC103349335",70.0611292265711,3.63553747032899,0.503898147098413,7.21482603431553,5.40029704112086e-13,6.99494997174169e-11,10.1552153872585
"TACSTD2",189.440063749542,-2.10905627416306,0.292385134476952,-7.21328147525678,5.4619346743053e-13,7.02389081318038e-11,10.1534222481842
"CFP",3507.38245244407,-2.41374854325141,0.334703561912245,-7.21160100436656,5.52978068486248e-13,7.06034498156548e-11,10.151174077995
"LOC100351437",1776.08350826765,-1.07015306735445,0.148508394253538,-7.20601062810938,5.76149081909634e-13,7.30401761640759e-11,10.1364381880067
"LOC108178049",250.364305021993,-1.92534260690398,0.267685101239752,-7.19256543598051,6.35850757483458e-13,7.94813446854323e-11,10.0997347939965
"LOC100349056",88.5777014499999,1.71611670212404,0.239247464476682,7.17297759404803,7.33838674057704e-13,9.10928215193157e-11,10.0405158458304
"LOC103347708",119.165147325434,-2.94623147744066,0.411104346079981,-7.16662692947417,7.68681306082573e-13,9.47598506636275e-11,10.0233756323732
"UPK3A",40.3443257344793,-5.18932139720462,0.72506814257149,-7.1570120000038,8.24544821816868e-13,1.00950264999839e-10,9.99589253667263
"SIGLEC1",5749.94764649206,-2.03426586672601,0.285141324343605,-7.13423728184222,9.73253127896425e-13,1.1834625619829e-10,9.92684547612223
"LOC100349940",410.094868863921,-2.51067387320246,0.352224086604211,-7.12805843975022,1.01794559874493e-12,1.22944443091659e-10,9.91029109595469
"GRO-A",348.71770374511,-2.29998595990367,0.322914053574162,-7.1225948033118,1.0591385237172e-12,1.27061081284865e-10,9.89598745315586
"CCR1",359.890890057634,-4.25286920701361,0.597186037157889,-7.12151480844018,1.06747262881377e-12,1.27207154933641e-10,9.8954884605366
"CD84",2150.61335078923,-2.39495893389615,0.336349586105412,-7.12044561025734,1.07578680112289e-12,1.27348934238885e-10,9.89500468522026
"FAM43A",585.51726477039,-1.23501886833663,0.173904305895728,-7.10171529092066,1.2321787245613e-12,1.43020744815151e-10,9.84460096459561
"ATP1A4",77.0166532006184,-3.38463730460697,0.47704989075456,-7.09493361219184,1.29413593927985e-12,1.49243096223402e-10,9.82610574958839
"IGF2BP2",236.670145073151,-2.31288857671799,0.326123507994205,-7.09206334417047,1.32127005381363e-12,1.51395526999479e-10,9.81988695593331
"LOC108176481",338.321285096769,-2.86115853200278,0.403847284608113,-7.0847536706337,1.39291842529596e-12,1.58588642370479e-10,9.79972791873627
"ASB9",388.379068237144,1.8468716493016,0.260851037515302,7.08017751009813,1.43969925862791e-12,1.62266397001847e-10,9.78977140689977
"CTSB",47371.192051557,-2.07654548866289,0.293435150652825,-7.07667600164143,1.47653195880887e-12,1.64956304773179e-10,9.78263108068927
"MILR1",841.194082919054,-2.96764377725539,0.420659498344599,-7.05474092213255,1.72922601594356e-12,1.90801944660439e-10,9.71941720326403
"SLC44A4",483.957360178921,-1.58919211005322,0.225242015834873,-7.05548697991707,1.71997288253674e-12,1.90801944660439e-10,9.71941720326403
"LOC100352436",2254.93137511444,-1.72865007967157,0.245499424090112,-7.0413610381304,1.90371016257656e-12,2.08765761693595e-10,9.68034072562572
"MPEG1",15102.0099427524,-2.33696373008994,0.331958234943814,-7.03993299182798,1.92332303258241e-12,2.09630482972016e-10,9.67854556508544
"CASP4",2068.10704485725,-2.80645065662861,0.399737604480905,-7.02073216322252,2.20708588969465e-12,2.37660604086095e-10,9.62404280332027
"MLANA",886.792719260436,-2.06966489537183,0.295748713757983,-6.99805205937592,2.59545658767991e-12,2.77807104819032e-10,9.55625665152769
"ZNF280B",310.027048643287,1.33837364596846,0.191339507689166,6.99475849045596,2.65716250340264e-12,2.82718927073346e-10,9.54864511599453
"TLR4",1892.36333498561,-1.87022256153861,0.267537380553241,-6.99050935488405,2.73890032071116e-12,2.89691380075219e-10,9.53806442727281
"GPR84",336.389509009351,-3.86759637389931,0.553386421498316,-6.98896146281948,2.76928468200772e-12,2.91182139358165e-10,9.53583526746368
"LOC100009259",95227.978584784,-5.60915631505289,0.802731042670846,-6.98759113188163,2.79645928906407e-12,2.92319940304212e-10,9.53414155868049
"CHIT1",814.798440462589,-4.51161391014116,0.647282686727429,-6.97008278245669,3.16754543146258e-12,3.29185317368568e-10,9.48255954383649
"PCP4L1",52.9902325965224,2.11602262734328,0.304087319969242,6.95860198168512,3.43665923875247e-12,3.55088346200581e-10,9.44966358076466
"LOC103346830",8.62353405722725,5.69263518809213,0.82167621988736,6.92807586529948,4.26602967887838e-12,4.38248738562937e-10,9.35827932528766
"C1QTNF9",56.0639342243978,-2.36637852620204,0.341920600441025,-6.92084221643789,4.48966332553583e-12,4.58587039679731e-10,9.33857822321077
"LOC100009168",31712.3612530096,-4.33045802673655,0.627406059976275,-6.90216161906422,5.12171156487545e-12,5.20173830807663e-10,9.2838515003172
"APOBEC1",890.917346486064,-3.08513731116916,0.448064250163403,-6.88547972761509,5.75931161842104e-12,5.81625396493085e-10,9.23535663840073
"IFI44L",2759.18045015819,-2.34708496697568,0.340929040207051,-6.88437971007181,5.80398731326411e-12,5.82844231598854e-10,9.23444749737838
"LOC100345698",651.237636125545,2.03676275868802,0.296207579977234,6.87613314569656,6.14990245122063e-12,6.14131320198708e-10,9.21173875338706
"LOC100358539",15877.560448371,-3.84783853469114,0.559946995446743,-6.87179066229513,6.34009488545064e-12,6.23021246969807e-10,9.20549714229043
"FKBP5",7553.84039988349,-2.74306111494063,0.399181482616653,-6.87171433143576,6.34348906005621e-12,6.23021246969807e-10,9.20549714229043
"HAVCR1",1904.90368101136,-2.19109836692527,0.31883111392757,-6.87228526706158,6.31814458003664e-12,6.23021246969807e-10,9.20549714229043
"DDX43",26.5142557600799,-2.60205088677089,0.379227895800978,-6.86144377980166,6.81680322432191e-12,6.65848948823793e-10,9.17662428153942
"ACTL6B",39.7875405832029,-3.3831214919214,0.493278880898705,-6.85843571035859,6.96186489502323e-12,6.72783066363825e-10,9.17212494806225
"LOC100343655",62.5980937173143,2.70641994449412,0.394613263738574,6.85841098916303,6.9630694980312e-12,6.72783066363825e-10,9.17212494806225
"MB21D1",217.814465055344,-2.75597864715337,0.405301908936194,-6.79981659693402,1.04752419861842e-11,1.00669328227442e-09,8.99710282945247
"LOC100347004",22326.5192581636,2.32993383372512,0.343171861863764,6.78940814398727,1.12594491800657e-11,1.07627087750628e-09,8.96807841101069
"SUGCT",464.437017672691,1.98560345927204,0.292930689492062,6.77840707887266,1.21508085103711e-11,1.15529628788768e-09,8.93730662209817
"MYH15",44.6052249323194,2.34609139493027,0.346153795063711,6.77759836346286,1.22189960837583e-11,1.15563256612264e-09,8.93718022808773
"LOC103347003",323.247825794388,-2.68011773566017,0.39669635031432,-6.75609375668971,1.41761703718892e-11,1.33367918630273e-09,8.87494862647238
"RNASE6",1449.97371187892,-2.15283572385584,0.319309437545322,-6.74216127279442,1.56047729728631e-11,1.46039432926664e-09,8.83552986209111
"TCN2",5495.87964794178,-2.06043829590035,0.305757817466676,-6.73879187447077,1.59708972210258e-11,1.48687389492623e-09,8.82772586339469
"MARCO",15167.0239398192,-1.61899631415578,0.240290461949321,-6.7376636634759,1.60953602322001e-11,1.49069722357811e-09,8.82661055740703
"LOC103345359",9.72850649148261,5.22251182856539,0.775608553242287,6.73343764291104,1.65700693643751e-11,1.52675252519693e-09,8.81623135302315
"GPR156",233.618686907066,2.91206930868354,0.434053526249255,6.70900967870788,1.95949673120815e-11,1.79620533694081e-09,8.74564401755573
"IL4I1",384.024242472819,-3.87762401769523,0.57806923631904,-6.70788856086981,1.97460630298744e-11,1.80082079928064e-09,8.74452950192544
"PDCD1LG2",97.5684621947754,-3.50868538166985,0.523278665019832,-6.70519479623131,2.01137868346485e-11,1.81827400108693e-09,8.74034067106255
"LOC108175404",56.6169948583506,-3.05263159202834,0.455436441368259,-6.7026511599673,2.04671670655953e-11,1.83134527920209e-09,8.73722976672214
"CTSA",11035.2450735222,-1.3613938865862,0.204034742002173,-6.67236311437444,2.51716804064272e-11,2.23852630480043e-09,8.6500377978798
"CCDC180",1588.27638112565,-2.12276816701706,0.318553178283456,-6.66377958762093,2.66873616569716e-11,2.36156727533845e-09,8.62679967791193
"EPB41L3",2316.5720682525,-1.778171827786,0.267000397234433,-6.65980967146173,2.74182417261157e-11,2.41429098943014e-09,8.61721038648074
"TEAD4",224.077423992987,-1.79941734131948,0.270286103157884,-6.6574541580052,2.78611262316589e-11,2.44126289897501e-09,8.61238544900307
"ADRB1",106.099252346296,-1.99815452301204,0.300444458572487,-6.65066193101364,2.91777784418869e-11,2.54415994950599e-09,8.59445558838362
"LOC108176894",221.979554000227,-2.80815054450893,0.423201133013306,-6.63549864461407,3.23407341075015e-11,2.80626515617276e-09,8.55187129609379
"LOC103347017",100.643888407078,-2.92744907996826,0.441273307571671,-6.6340950828819,3.26499320564338e-11,2.81940838410026e-09,8.54984201312605
"LOC100350735",349.82567939999,-4.89510479485668,0.738187590052361,-6.63124774897592,3.32860998247854e-11,2.84683748501454e-09,8.54563732434441
"LOC103346857",645.264751218751,-2.09325322168443,0.315660414505872,-6.63134534927723,3.32640939793268e-11,2.84683748501454e-09,8.54563732434441
"NFAM1",899.680870686061,-2.84495501858721,0.429290337226713,-6.62711170478723,3.42318592882864e-11,2.91378326084818e-09,8.53554275596973
"IL1RN",1921.46438107307,-1.88224761336015,0.28419908707372,-6.62298965398118,3.52005667649384e-11,2.98203853518139e-09,8.52548674870713
"DHX58",2420.20468662161,-2.58374876941682,0.390490215379732,-6.61667992603668,3.67355688761096e-11,3.09739761160594e-09,8.5090030408678
"LOC103347240",1986.86258829297,-2.81540635462971,0.42655885440519,-6.60027643443393,4.10391828631979e-11,3.44401593276837e-09,8.4629348480728
"CD207",126.396163952872,-3.02405605474173,0.458922499025878,-6.58947003287195,4.41399310843505e-11,3.66977334015239e-09,8.43536075868005
"SH2D1B",149.75698684806,-2.64439590881261,0.401305365488217,-6.58948555446177,4.41353170729343e-11,3.66977334015239e-09,8.43536075868005
"MSR1",812.357033264906,-4.24392871068286,0.64478719306725,-6.58190602467538,4.64455135018428e-11,3.82586891173014e-09,8.41726991457207
"SIGLEC5",1289.42849848514,-2.42186634129422,0.367920681927044,-6.58257733327006,4.62362170968899e-11,3.82586891173014e-09,8.41726991457207
"LOC103352261",818.412049089655,-2.62853411548481,0.399498623642119,-6.57958240637024,4.71771381821931e-11,3.86830892204909e-09,8.41247885057042
"CD63",13321.4196034986,-1.35350464416256,0.2064731665363,-6.55535373854306,5.55101326576045e-11,4.51019827843037e-09,8.34580436514303
"PDK1",2393.30391860982,1.4636549685357,0.224153992997131,6.52968501236755,6.59081520485348e-11,5.33080641569031e-09,8.27320708827301
"ARL11",75.2492862500206,-2.77398237234264,0.424918109623219,-6.52827523590927,6.65313558730348e-11,5.35697291094818e-09,8.27108054975472
"ZMYND15",65.6012397972169,-2.67639516759062,0.411260103498835,-6.50779189330774,7.62634668125815e-11,6.11304694742105e-09,8.21374226887117
"MYBPC1",604.002881645701,-1.78885427720468,0.275380978564641,-6.49592534142579,8.25245773697045e-11,6.58538759144406e-09,8.18141865899048
"C1QTNF3",227.182652078818,3.02953544514534,0.467219628527269,6.48417844664359,8.92165790630865e-11,7.08776155890076e-09,8.14949090108086
"LOC100349504",288.218243804764,-3.70687487226012,0.57285119451974,-6.47092108338509,9.74073010618757e-11,7.70422790478331e-09,8.11327087848921
"RALGPS2",2135.69865121289,1.21465191389075,0.188011273664742,6.4605270216758,1.04338959210228e-10,8.18008287667908e-09,8.08724229624285
"HSPB11",185.927366982415,1.23554005635443,0.191344945459443,6.45713453986329,1.06704030662049e-10,8.32897182569485e-09,8.07940860699503
"CEBPD",1972.84514119329,-2.59792208366018,0.402738448108969,-6.45064332908502,1.11376341334695e-10,8.65587870155509e-09,8.0626888381449
"PRAM1",547.641273856704,-3.13088276722209,0.485896355590424,-6.44351975724881,1.16734065571861e-10,9.03299316925111e-09,8.04416831818092
"CXCL11",1629.50986012989,-4.30976485408474,0.669225697495242,-6.43992732229979,1.19530724346994e-10,9.20953317975227e-09,8.03576238311431
"PARP12",4171.95043977258,-1.50920059710905,0.234627686952545,-6.43232099634643,1.25669989768067e-10,9.64099170430983e-09,8.01587829083187
"LOC100348199",404.702250982618,-2.87419112174468,0.447961574771951,-6.41615549996196,1.39758696160812e-10,1.06760115122843e-08,7.97159096657066
"PRM3",16.5146453077519,-4.84480893080764,0.755521535933375,-6.41253584495423,1.43118759806247e-10,1.08861609852624e-08,7.96312524759618
"IL13RA2",439.392771222451,1.71307205423905,0.267822843973225,6.39628804184571,1.59199561871651e-10,1.20580176629481e-08,7.91872408430254
"TGM2",16486.1189744223,-2.10936556330531,0.329997925882056,-6.39205703389548,1.63668823732165e-10,1.23442203553268e-08,7.90853633433244
"ROBO4",693.996132883572,-1.73573338175733,0.272092519627993,-6.37920286868023,1.78012099890856e-10,1.33696062418028e-08,7.87388138327881
"LOC108178445",2235.71732978019,-3.31803789661179,0.521205500532092,-6.36608380614641,1.93915505850211e-10,1.44426652794688e-08,7.84035265376401
"LOC100358241",281.481019956718,-2.36689950736723,0.372499898027656,-6.35409437666879,2.09658091757371e-10,1.54861090502604e-08,7.81005768684185
"ADRA1A",335.565925509736,2.43697774976321,0.383846752451583,6.34882992808595,2.1695872131035e-10,1.59594121128498e-08,7.79698311053214
"C4A",38787.5887363171,-1.68774146107461,0.266106490861677,-6.34235360291117,2.26281203528959e-10,1.65769529224596e-08,7.78049529589537
"HSPA6",82.9876074735991,-2.18537802895285,0.34471103316477,-6.33973914002414,2.30154514883118e-10,1.67918855246357e-08,7.77490053513245
"LOC100359168",215.434089857842,-2.5208457408192,0.397767340518646,-6.33748798363456,2.33541417593179e-10,1.69697269897483e-08,7.7703251445886
"LOC100346209",548.325487189853,-3.33798923220231,0.526919592008272,-6.33491197296362,2.37476816207517e-10,1.7185822225544e-08,7.76482968497137
"LOC100340786",50.9609696931223,4.19873694666325,0.664630056892825,6.31740455177807,2.65992619720305e-10,1.91718470866953e-08,7.71733604356869
"IL10RA",1583.47971085475,-1.8622519884037,0.295137663508402,-6.30977411105881,2.79443025048509e-10,2.00604179628197e-08,7.69766002260896
"SPHK1",299.138276635636,-4.97261994157657,0.789520093007036,-6.2982816848111,3.00963225130527e-10,2.15188705968327e-08,7.66718052605559
"PFKFB3",2823.62839789111,-2.14734966276559,0.341359019000927,-6.29059009206891,3.16261437532959e-10,2.25226023741101e-08,7.64738143036514
"LOC100345649",434.675797884246,-3.38860528570224,0.539143042510906,-6.28516927515335,3.27496649107573e-10,2.31431804336105e-08,7.63557695870084
"MT3",72.0891023257549,-2.44340581080156,0.388759365099387,-6.28513684854101,3.27565015368025e-10,2.31431804336105e-08,7.63557695870084
"SAMD5",34.4009531663227,1.79709301793793,0.285991556906101,6.28372752461346,3.30549848435672e-10,2.32621202393214e-08,7.6333507037833
"XDH",3006.70608677141,-2.77379452351241,0.442865337669616,-6.26329109003718,3.76936033068063e-10,2.64224768278103e-08,7.57802647429785
"SLC17A8",123.561326492414,2.14911307353269,0.343529365911786,6.25598067236137,3.95025670091494e-10,2.75823588003338e-08,7.55936859638481
"SLC43A2",4765.26953482787,-1.79821520982519,0.287546031424144,-6.25366033020549,4.0094254214918e-10,2.78865678634887e-08,7.55460493319431
"LOC100349257",11242.6709124618,-3.47206525479783,0.555457345151003,-6.2508224710827,4.08296774208167e-10,2.81787831620501e-08,7.55007776486105
"TIMP2",4495.39672865957,-1.60077006855906,0.2560754664988,-6.25116529297258,4.07401416372281e-10,2.81787831620501e-08,7.55007776486105
"MUC1",450.15402133949,-3.1225742843018,0.499760572140938,-6.24814052642233,4.15367891774313e-10,2.84471305190262e-08,7.54596153463282
"CCR5",270.794477248749,-3.58567812312266,0.574014812595137,-6.24666479757152,4.19309583205692e-10,2.86074763351212e-08,7.54352045264818
"CSF2RB",2640.62678920826,-2.63568629928689,0.422571206318172,-6.23725956685834,4.45302769819782e-10,3.02653498499187e-08,7.51905430152969
"SIRPA",7727.66456430386,-1.27856948840749,0.205118862887274,-6.2333101422766,4.56680755253709e-10,3.09210928036365e-08,7.50974516578209
"CFB",16642.8379689414,-3.08588342084018,0.495454498325896,-6.22838914828132,4.71255344339743e-10,3.16430286756668e-08,7.49972195519397
"CXCL16",3254.06353525584,-2.59200967858548,0.416191552400623,-6.2279247707806,4.72653910847723e-10,3.16430286756668e-08,7.49972195519397
"FAM167B",69.2461274014504,-1.85372611923429,0.297617994554293,-6.22854179906155,4.70796488414228e-10,3.16430286756668e-08,7.49972195519397
"LTF",583.693922182527,-3.82066286292989,0.614268607157358,-6.21985694598771,4.97608357327999e-10,3.31893633852164e-08,7.47900107783964
"RBMS2",817.148915984612,-1.1582157069105,0.186389775052188,-6.21394444296213,5.16708035138152e-10,3.43351528925445e-08,7.46426101437607
"LOC103348788",50.1972996174986,2.58368774303678,0.41623047167404,6.20734885806277,5.38858913419146e-10,3.56744558421009e-08,7.4476426426443
"ICAM2",685.129036773461,-1.7115158434696,0.276907987781114,-6.1808106627191,6.37732656305944e-10,4.20644694888146e-08,7.37608458397488
"SIRPB2",82.7177057197591,-2.87846200454019,0.465811229650315,-6.17946030777543,6.43211025593069e-10,4.22698422149857e-08,7.37396937330391
"DRAM1",2602.03131463148,-2.11436641675341,0.342470206159081,-6.17386966436217,6.66384819613345e-10,4.36323393794452e-08,7.36019150137606
"C1R",30348.4110950521,-1.40010133134319,0.22745579735172,-6.15548756129607,7.48468706153587e-10,4.88280223448736e-08,7.31133086535548
"APH1B",1582.31780881391,-1.7323551550744,0.281776056168281,-6.14798566858998,7.84731220267324e-10,5.0822719428545e-08,7.29394210037945
"CXCL10",9297.82660993509,-3.22671912429121,0.524953601190536,-6.14667490035953,7.91240675073493e-10,5.10593034907534e-08,7.29192511378139
"LAMB1",2440.89996127217,-1.1227023575534,0.182959864834581,-6.13633136736553,8.44489156341107e-10,5.42994376604219e-08,7.2652046680583
"LOC100349085",13825.1689159285,-2.49501679608551,0.407149954424956,-6.1280046060901,8.89880104115805e-10,5.70129278174553e-08,7.24402665585054
"MERTK",2308.11390304616,-1.69041207855417,0.275985866977011,-6.12499508424094,9.06864063062974e-10,5.78935540258952e-08,7.23736978872207
"ILDR2",2258.41292812123,1.65297728451675,0.270177833882373,6.11810843533672,9.46926260378226e-10,6.02359676308213e-08,7.22014410875786
"RASSF4",1007.43357807845,-1.73462452657068,0.283775983095752,-6.11265445245725,9.79873933468269e-10,6.21108034068983e-08,7.20683285309343
"GRINA",3866.49928972213,-1.49647855412095,0.245097434474671,-6.10564756554234,1.02384708568804e-09,6.46687867726988e-08,7.18930528661535
"CALML4",1608.66138191289,-1.40547419928336,0.230250801533218,-6.10410122320721,1.03380756078375e-09,6.5067993482428e-08,7.18663258550443
"CYBB",1399.50873883744,-2.43254149712275,0.400462127499396,-6.07433594860084,1.24501839885651e-09,7.78136499285321e-08,7.10894421318175
"LOC100345936",9.06293226169367,3.24981095231756,0.535473422627671,6.0690424864975,1.28675105212145e-09,8.01417249361355e-08,7.09614131423445
"SP110",332.151901472771,-1.70639322798262,0.28138440146341,-6.06427797386103,1.32547740912177e-09,8.22670440557347e-08,7.084774107086
"TBC1D19",113.628870771609,1.35839102474568,0.224763499990824,6.04364598700921,1.50669917557912e-09,9.31911687317538e-08,7.03062524164593
"LOC103350038",1094.03843150316,-2.05511902946785,0.340975690460438,-6.02717169277583,1.66853726210164e-09,1.02140765616667e-07,6.99080089112658
"TAPBP",3373.78839078924,-1.92487131648968,0.319492046284873,-6.02478634091997,1.69333166510876e-09,1.03304790149553e-07,6.9858795401717
"SDC4",8917.4339335781,-2.57835503825708,0.42822491546274,-6.02102994280682,1.73310690203896e-09,1.05371720659682e-07,6.9772759281116
"IDO1",887.617971498283,-2.52291392071294,0.419200271092816,-6.01839763637542,1.76152050577383e-09,1.06736200137991e-07,6.97168826235759
"SMIM15",2277.94678237752,1.07368935940576,0.178505009194745,6.01489764488562,1.80000396706257e-09,1.08699563889336e-07,6.96377219833169
"LOC103346239",144.604306935353,-2.34731935962747,0.390907159989243,-6.00480011594585,1.91567758942325e-09,1.15295410474547e-07,6.93818798017494
"LOC103346244",47.4533520761985,-3.5992515306095,0.600101562410243,-5.9977373099205,2.0008584361786e-09,1.20017934720445e-07,6.92075385088463
"C2",15110.3148032301,-2.05448937614582,0.343331179333951,-5.98398718150634,2.1774045771982e-09,1.30170925810762e-07,6.88548600632055
"TMEM40",69.3253205564604,-1.50843894976688,0.252315645595759,-5.97838055664446,2.25366763890481e-09,1.34281030151412e-07,6.87198533567427
"TLR2",861.737793387554,-1.79523790839439,0.300486618432259,-5.97443545992416,2.30888316196376e-09,1.37113908704658e-07,6.8629184885562
"CTSS",11502.9679393776,-1.30434618176848,0.218484418739619,-5.96997346214859,2.37292181007896e-09,1.40450256142919e-07,6.85247746442713
"CCL7",179.574564774678,-2.50399346830672,0.41988180220103,-5.96356749728311,2.46789439175688e-09,1.44616470537635e-07,6.83978224192214
"TYROBP",2673.55657289411,-2.33870992342305,0.392152813692919,-5.96377188116879,2.46480788114062e-09,1.44616470537635e-07,6.83978224192214
"PM20D2",335.243462905191,1.78082815682184,0.298607793172102,5.96376985980225,2.46483838846433e-09,1.44616470537635e-07,6.83978224192214
"GPM6A",380.26045157455,1.71453177710964,0.287574466955841,5.96204452801059,2.49101240134593e-09,1.45038588514849e-07,6.83851643535488
"IFIH1",3587.71144158645,-1.82414854616151,0.307622973516225,-5.92981897714248,3.0326883355249e-09,1.74868722572605e-07,6.75728786249875
"OAS3",2646.46712959826,-2.49972480721544,0.421618671774197,-5.92887595963538,3.05015378508046e-09,1.75310285878821e-07,6.75619260205017
"ZCWPW1",388.335010580555,-1.57919551778262,0.266940550852725,-5.91590716636338,3.300513390104e-09,1.88487785457217e-07,6.72471678805981
"ABCG1",1442.26970127923,-1.33756537560979,0.226084302193627,-5.91622400419576,3.29416504975702e-09,1.88487785457217e-07,6.72471678805981
"CCL5",3014.11885531769,-4.00831519477863,0.677611341086163,-5.91536025408545,3.31149966714641e-09,1.88512918949816e-07,6.72465888187006
"LOC103346717",520.420350077393,-3.53420300078645,0.599046099105784,-5.89971791162996,3.64123573834151e-09,2.06625678802713e-07,6.68481570668226
"LOC103349708",136.846961583761,-2.79332616149232,0.473849986649738,-5.89495882703718,3.74774817741581e-09,2.11996831238315e-07,6.67367063051464
"BCO1",1246.28874018124,2.87102094387532,0.487603548762652,5.88802306948105,3.90842572351425e-09,2.20388359015196e-07,6.65681134879022
"LOC103348190",83.2457402750899,3.08381818524759,0.524143311734648,5.88354008571,4.01582775651245e-09,2.25732456439183e-07,6.64640599236648
"CHST15",1746.14105639791,-1.25053818553247,0.212673772659331,-5.88007712420483,4.10075366297437e-09,2.29783610425288e-07,6.63868095108593
"LOC100009266",6492.15080490956,2.92877737009243,0.499477610888532,5.86368098638568,4.52716883343159e-09,2.52097018372554e-07,6.59843229082496
"CCL28",541.29876294358,1.7584129655569,0.300848515921133,5.84484507152386,5.07039942868903e-09,2.8059872999324e-07,6.55191429894621
"MUC13",7079.77007994802,-1.99423169420315,0.341432750605426,-5.8407744736467,5.19587037535469e-09,2.86654885677361e-07,6.54264065181487
"CXCR2",88.5200376970008,-2.17272672811922,0.372120304946115,-5.83877498550862,5.25860332168003e-09,2.89223182692402e-07,6.5387668990958
"ARL5A",5359.9840341857,1.11265478911887,0.19061531050119,5.83717428675241,5.3093549826882e-09,2.91118773974085e-07,6.53592978641815
"CSTB",2916.69739583032,-1.53616304796838,0.264251201593945,-5.81326797646461,6.12648679045264e-09,3.34895875777801e-07,6.47509020073715
"LOC100350907",335.155182641065,-3.58266564607624,0.616704767101855,-5.80936914581127,6.27086844998209e-09,3.41743212022652e-07,6.46630010297926
"CLEC5A",227.11927166265,-3.1041123710119,0.534815236629672,-5.80408365059597,6.47189623925620e-09,3.50497621195635e-07,6.45531492521548
"PABPC4L",45.2072181566045,1.79689436331706,0.309616828040482,5.80360691209626,6.49033357290939e-09,3.50497621195635e-07,6.45531492521548
"LOC108177586",121.882278524517,-2.83049582372123,0.487841349833552,-5.80208263339502,6.54962680885163e-09,3.52634274723563e-07,6.45267547819696
"LOC100344421",4171.49996748604,-4.69585842956477,0.809497823279225,-5.80095250972034,6.59392749780848e-09,3.53953315385365e-07,6.45105401539665
"ADAMTS4",120.945337270332,-2.97870535232473,0.513688634464564,-5.79865925090895,6.68472042417649e-09,3.57752627491481e-07,6.4464171679082
"LOC103351365",26.3611088769012,-3.20060003418897,0.552620286143956,-5.79168031727887,6.96856883356806e-09,3.71830351940385e-07,6.42965516232579
"LOC103346250",394.535925738331,-2.96453920949295,0.51196711925963,-5.79048750978393,7.01824174457393e-09,3.73366283286485e-07,6.42786490342972
"LOC100349198",65.9218156194163,1.2583982175092,0.217433672800929,5.7875038456501,7.1440052479632e-09,3.78929061742855e-07,6.42144208548629
"LOC100345657",6420.09990280865,-2.22811262411651,0.38611873516519,-5.77053745699045,7.90190977751224e-09,4.16656747118086e-07,6.38022158104719
"JUN",1997.35884216172,-1.07431220853579,0.186246907107312,-5.76821502821945,8.01155436893585e-09,4.21195689249201e-07,6.37551608227493
"TBC1D2",325.149348595953,-2.07993681087692,0.361548863153688,-5.75285119896166,8.77507192470155e-09,4.5998360895613e-07,6.33725764368089
"DDX58",9067.89197163169,-1.73597950048363,0.301837588983915,-5.75136949088255,8.8523404146524e-09,4.62677148865239e-07,6.33472194931532
"GPC6",296.081986988801,2.05233506382744,0.357011821089911,5.74864736288541,8.99602203116576e-09,4.68816016930285e-07,6.32899755922202
"SGCB",458.334328906465,-1.62047515524987,0.281971460973079,-5.74694740261173,9.08689802278787e-09,4.72175296968992e-07,6.32589673786443
"SEC14L3",2270.74268741904,3.74443886569134,0.65180016937271,5.74476510077464,9.20486786447985e-09,4.76918878485731e-07,6.32155548599577
"FAT2",160.383751982945,-2.99156384116324,0.520836822585695,-5.74376409546396,9.25947653873455e-09,4.78361685346474e-07,6.32024361269225
"CGA",17.7176171222762,-3.83916130830383,0.670605367165046,-5.72491885135622,1.03483193090793e-08,5.33072644523896e-07,6.27321360341979
"LOC100340772",5747.5533016552,4.26568387601669,0.746004525902829,5.71804021008354,1.07759646382828e-08,5.53506804337085e-07,6.25687703590922
"SKIDA1",60.7020430738181,1.74458676340697,0.305729092800777,5.70631583479627,1.15447691954054e-08,5.91297276125705e-07,6.22819412162038
"PRDM1",618.366820294535,-1.65268131413123,0.289657196811421,-5.7056456125521,1.15902923528633e-08,5.91932788021231e-07,6.22772760315653
"ZNF135",48.5282602234796,1.08232838156549,0.18974248555688,5.70419628681968,1.16893313972746e-08,5.95290024861206e-07,6.22527139476058
"TGFB1I1",644.651014259874,-1.58780925318711,0.278450048551938,-5.70231271800602,1.18192738222648e-08,6.00197498786885e-07,6.22170581875008
"LOC100349247",2601.94146594534,-2.53155115693166,0.444326384426559,-5.6975035596836,1.21574444274366e-08,6.15621300681103e-07,6.21068636186164
"SRGN",15049.8931986567,-1.72761974038396,0.303844957219072,-5.68585951268016,1.30156361665346e-08,6.56943243260504e-07,6.18247214977588
"NFKBIZ",329.078636037385,-1.29422998705924,0.227639033489612,-5.68544843658503,1.30469846913275e-08,6.56943243260504e-07,6.18247214977588
"ATF3",1661.59879083976,-2.24515494961108,0.395224246409904,-5.68071157072315,1.34135513144622e-08,6.73503454342731e-07,6.17166017247531
"NDUFAF2",121.274306514675,1.1329631688475,0.199664159478756,5.67434421783668,1.39220942137872e-08,6.97079647258955e-07,6.15671759724078
"NRSN1",166.942276854047,3.03838483424085,0.535614850192193,5.67270461816097,1.40560474062398e-08,7.01820802755687e-07,6.15377376295432
"WARS",7139.89457360838,-1.34681639762421,0.237918484633172,-5.66083127042763,1.50641487318095e-08,7.50060330309458e-07,6.12490380318599
"LYVE1",3329.67552469804,-2.49886630583465,0.441699753573498,-5.65738668771715,1.53695221568992e-08,7.63139468207149e-07,6.11739608493156
"ACP2",3637.61447148564,-1.07111771669974,0.189553575818413,-5.65073864776809,1.59759836607722e-08,7.91054592621341e-07,6.10179354373865
"LOC100358696",323.023435819947,-2.47974782876863,0.438914999668111,-5.64972222558744,1.60707308915312e-08,7.9354783062464e-07,6.100426891278
"TIFAB",153.421919776801,-3.03711595232629,0.538223346107659,-5.64285435459128,1.67253827664867e-08,8.22692883980889e-07,6.08476225918001
"PGER6",515.857020376407,1.60585255040028,0.284595936240419,5.64257020537248,1.67530187283381e-08,8.22692883980889e-07,6.08476225918001
"TRIM69",53.7505164366732,-2.2268761516559,0.394890011648779,-5.63923139599823,1.70810871360233e-08,8.36505294675116e-07,6.07753130581825
"LOC103345927",861.1867428902,-2.70857381082115,0.480738738432863,-5.63419086976578,1.75882140778113e-08,8.58987231259224e-07,6.06601329185546
"LOC100342015",47.659077994317,1.74582765120979,0.310290532170734,5.62642900831139,1.83978451908382e-08,8.88814818341172e-07,6.0511887134392
"LYN",4379.71965888273,-1.22233671238197,0.217238525270066,-5.6267032325983,1.83686342745654e-08,8.88814818341172e-07,6.0511887134392
"LOC100346553",113.621195573006,-1.43320387234935,0.255147087830904,-5.61716727607407,1.94113480521317e-08,9.32736146322187e-07,6.03024119269776
"ADRA2B",282.13359909828,1.31772485805919,0.234697825012012,5.61455930830098,1.97063831034691e-08,9.44374257304317e-07,6.02485585986423
"FAM171B",103.720651952488,1.43370127677179,0.255450233194721,5.61244849472865,1.99483595940237e-08,9.53414245302601e-07,6.02071836341161
"LOC100328967",131138.953491986,-2.54487359598269,0.453723579110307,-5.60886344274384,2.03659635800399e-08,9.70777597315237e-07,6.01288025446066
"LOC103347376",79.119960050782,1.80102165083474,0.321244035427893,5.60639716916705,2.06581615974574e-08,9.82086804666361e-07,6.00785012410562
"ANKRD29",451.926882699787,1.33167790200645,0.237797109034575,5.60005925813349,2.14278543212574e-08,1.01597585143893e-06,5.99311661460275
"DUOX2",154.765773055654,-3.42159673413122,0.611641117773001,-5.59412478119413,2.21737444741224e-08,1.04856000654746e-06,5.97940671086699
"DCSTAMP",104.368023771446,-3.78467624006253,0.67681870753449,-5.59186115562515,2.24648435100742e-08,1.05952263256616e-06,5.97488976184737
"SERPINF1",615.990113927506,1.29065682633582,0.231575556699535,5.57337244366608,2.49854612993746e-08,1.17530294927979e-06,5.92985017403715
"LOC100350165",38.5448854436345,-2.60172698174996,0.466918456289674,-5.5721228122451,2.516539114386e-08,1.1775690227657e-06,5.92901362744516
"LOC100344949",1426.04527361279,1.38966006964435,0.249394346535064,5.57213942076655,2.51629915187531e-08,1.1775690227657e-06,5.92901362744516
"LOC100338822",1041.14052118231,-2.58439317604574,0.464043377612413,-5.5692922272545,2.5577619218721e-08,1.193733534033e-06,5.92309260588185
"LOC103347481",268.034111581236,-3.01447105398598,0.541604955173326,-5.56581143727033,2.60935291510171e-08,1.21148528201151e-06,5.91668185761398
"TINAGL1",3183.41116045102,-2.13191248501791,0.383230604984064,-5.5630016425921,2.65173393377849e-08,1.22797264420442e-06,5.91081130795332
"CA4",24.7573659184511,-2.73656053956102,0.492314330497494,-5.5585636452948,2.7200377306487e-08,1.25634817662392e-06,5.90088998621054
"FADS3",2311.79760324302,-1.49956572345006,0.269946808963992,-5.55504148837738,2.77545831117348e-08,1.27535520082843e-06,5.89436884246458
"SLC28A1",770.29483418429,-1.81957396154102,0.328006798162924,-5.54736661475298,2.90004243537298e-08,1.32578666322997e-06,5.87752635408811
"GAS2",1585.82832768758,1.67803038636008,0.302945913319839,5.539042821114,3.04129281439326e-08,1.38681400656325e-06,5.85798178070008
"LOC100353365",28.9750729648123,3.69203479085986,0.666877858881534,5.53629835162322,3.08931142863459e-08,1.4051257452123e-06,5.85228480884915
"BCL2A1",1887.55509848055,-2.07059546521543,0.374107030621337,-5.53476758182404,3.11641323600198e-08,1.41385498968364e-06,5.84959513114003
"ATP6AP1",3395.58447086901,-1.33045812769652,0.240527055294508,-5.53142816332022,3.17633943626513e-08,1.43376432886968e-06,5.84352222878174
"C12H6orf222",683.340260038322,-2.75515524813955,0.498462853014023,-5.52730305072911,3.25190960908557e-08,1.46417844489684e-06,5.83440599096112
"LOC100009166",1779.75782262523,-2.40634514396696,0.435533828787487,-5.52504761952969,3.29396257465831e-08,1.47938645783963e-06,5.82991836110554
"FABP5",3782.31388575096,-1.90721758311985,0.345539178782878,-5.51954076477753,3.39886742195455e-08,1.52267556810621e-06,5.81739262062366
"LOC103348559",53.6862876009755,1.95812183643837,0.354905739755937,5.51730112278527,3.44245301751837e-08,1.53834619220352e-06,5.81294591912174
"PANX1",862.126718237854,-2.34488519902538,0.425236212336387,-5.51431211876762,3.50146728480744e-08,1.56081615251703e-06,5.80664824917945
"FSD1L",57.1872901891419,1.48773273479572,0.269824314530835,5.51370893828663,3.51349477598174e-08,1.56228157016601e-06,5.80624069046573
"LOC103350039",2262.83593546212,-2.00850833432621,0.364471658350878,-5.51073941774811,3.57329401876087e-08,1.57710198976174e-06,5.8021402203309
"PKIB",2096.77065409839,-1.96176451114481,0.356444281224352,-5.50370594923375,3.71889632488049e-08,1.63732196569554e-06,5.78586591180612
"FAM107A",870.244456143362,-2.65645968467367,0.482742041865744,-5.50285546791565,3.73688762226019e-08,1.64120064491157e-06,5.7848383210486
"LOC100341366",1410.69672737195,-1.25379930898904,0.228016356281224,-5.49872530829614,3.8254652037642e-08,1.67598506169816e-06,5.77572985661921
"PHLDB2",1616.39759342059,1.01797257084787,0.185183391277375,5.4971051335976,3.86076547620062e-08,1.68731498501433e-06,5.77280383650728
"MMP12",1828.28982792856,-3.41115968859024,0.620645944762745,-5.4961443273334,3.88184846110908e-08,1.6923912498128e-06,5.77149922877199
"FOSL2",2714.76853630588,-1.99326597537576,0.363109875635616,-5.48942925853116,4.03234572401128e-08,1.75372700283945e-06,5.7560380109631
"LOC103346861",235.275661737439,1.07777802063943,0.196529677694494,5.48404715910051,4.15703875431758e-08,1.79920260855755e-06,5.74491992791406
"C17H15orf48",4184.55290081315,-2.4555654163532,0.447857673278984,-5.48291469112231,4.18374797151631e-08,1.80638876789502e-06,5.7431887758489
"NR2E1",25.3442334514904,-2.73002182596321,0.498462317263024,-5.47688708136118,4.32873249700072e-08,1.86448417792501e-06,5.72944129772451
"ZNF704",235.134337807619,1.00135016282755,0.183141827925982,5.46762131932118,4.56115015978874e-08,1.95986920928422e-06,5.70777291006261
"C1H9orf153",157.161047846853,-1.05383371225551,0.193073680047388,-5.45819457109251,4.81000401096674e-08,2.0618422469072e-06,5.68574456597712
"SLITRK6",571.440053807639,1.61357970891431,0.295886358522919,5.45337648200273,4.94222791837976e-08,2.1134527282545e-06,5.67500746162148
"SPI1",813.014632789527,-2.02709964199416,0.37180950956726,-5.45198438940803,4.98108295935445e-08,2.12498467538093e-06,5.67264419757673
"PDK4",9299.29647297832,-2.95053428390894,0.541390574547115,-5.44991808617489,5.03930249334083e-08,2.14470314448732e-06,5.66863281146666
"TAP1",6044.64145798271,-1.84792055816807,0.339195694738031,-5.44794815156854,5.09542058841774e-08,2.16343570113936e-06,5.66485600781693
"TREML1",57.4087835789598,-2.85934952572517,0.525028363607239,-5.44608581921143,5.14903008205587e-08,2.18101688902248e-06,5.6613409713856
"RRAGD",842.798676946507,-1.05052071749263,0.193344169759137,-5.43342330312489,5.52830514059492e-08,2.33613367347835e-06,5.6315023105352
"ITGBL1",49.469675604565,2.96347026209939,0.545836185567761,5.42923012518286,5.65976666745835e-08,2.38604549954759e-06,5.62232127901687
"DEFB1",282.943543962449,-1.57202840970324,0.289963969766481,-5.42146119384851,5.9113830794095e-08,2.47461294015093e-06,5.60649272040808
"STAT1",15409.5987677085,-1.22613523003342,0.226695225900483,-5.40873864971324,6.3470170485112e-08,2.64462811019302e-06,5.57763539018695
"EGF",214.896750381663,1.6918518346133,0.313349266428886,5.39925257810446,6.69191045832723e-08,2.78181161494417e-06,5.55567228389121
"IL10",85.3471312127534,-1.94577476913062,0.361006969665638,-5.38985374972894,7.05150457568835e-08,2.92449290697051e-06,5.53394942763193
"LOC100345716",1116.70021937729,1.75131903811929,0.325159811628262,5.38602550342684,7.20327463556205e-08,2.97363820117025e-06,5.52671187266466
"LOC100342069",3316.97722793257,-2.59018521969549,0.48145234620495,-5.3799410058184,7.45102517408889e-08,3.06177183877791e-06,5.5140271757709
"PKHD1",273.760352821535,2.41412434686031,0.449446561793955,5.37132676513174,7.81594312536831e-08,3.20435741665043e-06,5.49425904832382
"LOC103345651",232.152484994886,1.01070245043113,0.188213841385154,5.36996877059038,7.87502781411058e-08,3.22119272716766e-06,5.49198329013174
"SAMD9",3711.20319449869,-2.16979895891396,0.404186357385264,-5.3683132032231,7.94764480079953e-08,3.24347376288337e-06,5.48898961081563
"AXL",4695.80265326772,-1.14571819222395,0.214041076838719,-5.35279587051999,8.66055310372925e-08,3.50242956400815e-06,5.45563058988092
"LOC108176006",14.6489247528726,-2.94800563895804,0.551439489700196,-5.34601836469999,8.99100898266898e-08,3.62786197664126e-06,5.44034924419279
"ELF3",2310.34184047252,-2.56881591080011,0.480859112830791,-5.34213835665427,9.1856500423942e-08,3.68247876789864e-06,5.43385974849376
"ASPN",763.884684401965,2.1013686012683,0.39336086431257,5.34208863136552,9.18817079990374e-08,3.68247876789864e-06,5.43385974849376
"LOC100339318",4546.3869194423,-1.85556984948173,0.347694260138316,-5.33678597036248,9.46086064390021e-08,3.78328599574309e-06,5.42213082717718
"TSLP",48.8893129661031,1.16913210745851,0.219364146508585,5.32964080988847,9.8407197864923e-08,3.91765848961136e-06,5.40697342503899
"TLR3",2397.28223105654,-1.328122940168,0.24965729242619,-5.31978428213011,1.03890360337119e-07,4.12675598005778e-06,5.38439121070765
"SELP",97.532756467166,-1.65051502858438,0.310921939758254,-5.30845468759033,1.10558562121035e-07,4.3721997741449e-06,5.35930000252595
"LOC108178665",32.7588132851009,-4.02143288992745,0.758695423129453,-5.30045755823848,1.1551281702755e-07,4.55803886173832e-06,5.34122197635473
"LOC100339305",923.102124040792,2.66818331441245,0.504932157605663,5.28424120789753,1.26226847489482e-07,4.95891186565822e-06,5.3046136103212
"CCNG2",2632.488135444,1.05517471369796,0.199719241824536,5.28329020307908,1.26884153272712e-07,4.97380315734591e-06,5.30331140631379
"LRRC66",866.254336795347,-3.12614762697899,0.591891718747712,-5.28162082347274,1.28045994798676e-07,5.00836358211453e-06,5.30030415104873
"CD36",17508.5375272775,-2.16976416659091,0.410901318937368,-5.28049939630796,1.2883224894346e-07,5.01716002149094e-06,5.29954204700051
"TGFBI",8169.65094738733,-1.14282007134825,0.21642188245662,-5.2805199658002,1.28817785316983e-07,5.01716002149094e-06,5.29954204700051
"IL10RB",1521.91324749607,-1.0220757062842,0.193633455560525,-5.27840451602498,1.30313540007313e-07,5.06381419050157e-06,5.29552223852
"AGRN",144.542600482197,-1.88773060736396,0.357813027672661,-5.27574588226262,1.32217199630851e-07,5.11554641428886e-06,5.29110797054688
"LOC103348850",76.5005224646489,1.03881484477259,0.196893979838857,5.27601120980328,1.32026015474473e-07,5.11554641428886e-06,5.29110797054688
"AOAH",3705.16443550068,-1.87911625763339,0.356280517206853,-5.27426049665914,1.3329246420978e-07,5.14601036231062e-06,5.28852934360375
"LOC100348455",281.477925910787,-1.93219810762847,0.367032068963681,-5.26438497073037,1.40659434238633e-07,5.40706964949585e-06,5.26703803615826
"OLFR651_1",20.5429965363629,-1.71520283235745,0.326712488197299,-5.24988451412256,1.52194595261547e-07,5.82543552526798e-06,5.23467160006162
"SLC7A8",2417.62417917738,-1.40001433694347,0.267171736076666,-5.24012890548323,1.60464467002922e-07,6.11578325730752e-06,5.21354791433612
"ACE",16043.3539228127,-2.4670619644066,0.471303053848055,-5.23455543999501,1.65382427576206e-07,6.28981041047804e-06,5.20136244500372
"MMRN2",1593.12488578813,-1.94201128172129,0.371598846146942,-5.22609610298241,1.73126399738598e-07,6.57034903466548e-06,5.18241155893293
"LOC108176307",4911.77277368461,2.03340545133105,0.38915442715308,5.22518904951627,1.73977262915564e-07,6.58865164113499e-06,5.18120345410556
"RRBP1",12264.1173713872,-1.20161357684412,0.230065426324369,-5.22292113179131,1.7612241650511e-07,6.65578899583266e-06,5.17680045465575
"HIP1",1000.51711011836,-1.28860151294318,0.246835885786379,-5.22047881667572,1.78461120272456e-07,6.72994203559103e-06,5.17198867630074
"LOC103347283",154.492895242451,-1.03231811266467,0.198402959463466,-5.20313868027132,1.959505307077e-07,7.34300992956003e-06,5.13412588451856
"ADAMTS6",170.704623118368,1.09569562428118,0.210637782727769,5.20180002890209,1.97367528106679e-07,7.38063716507717e-06,5.13190614422949
"LOC103348620",25.6984767295761,-3.7580066945492,0.722677228854058,-5.20011776281956,1.99162298864065e-07,7.43220478537612e-06,5.12888233239257
"ECSCR",317.846672626677,-1.12052655543026,0.215661427059933,-5.19576713697095,2.03877334985165e-07,7.59230700595796e-06,5.11962623889772
"LOC100344545",556.74129664772,1.36586563801623,0.263066001556114,5.19210247594417,2.07932495195726e-07,7.71118952619004e-06,5.11287862262184
"KEL",465.872053478559,1.11430798639625,0.214613725862987,5.1921561955811,2.0787249221127e-07,7.71118952619004e-06,5.11287862262184
"MYOM3",58.6303200489801,-2.32634341780581,0.4482672099806,-5.18963548082514,2.1070615109238e-07,7.78176126193449e-06,5.1089220971271
"SMIM14",3233.67790161233,1.23602688132756,0.238420592766276,5.1842287068686,2.16910627845802e-07,7.97793718671544e-06,5.09810938737567
"LOC108175630",101.772511007209,1.33190779510512,0.257567259777015,5.17110674803233,2.32711574952411e-07,8.52401516859496e-06,5.06935578612451
"APOD",33607.3678947686,-1.94608294511996,0.376780263855494,-5.16503419050191,2.40394976621888e-07,8.78180975367054e-06,5.05641597554705
"MKNK1",982.284536067155,-1.0978449328547,0.21256406373979,-5.16477203878932,2.40732127513206e-07,8.78180975367054e-06,5.05641597554705
"GAB2",572.643390544931,-1.64238709372448,0.318154369731852,-5.16223333694496,2.44020849246107e-07,8.86559487860601e-06,5.05229211806328
"GRN",12452.872211814,-2.38349535620887,0.462402942751156,-5.15458518068203,2.54192995111593e-07,9.21642958949234e-06,5.03543729043151
"LOC108177460",25.4520769145591,-3.1811158306843,0.617308386313076,-5.15320365187936,2.56073608746499e-07,9.26582136911673e-06,5.03311607658642
"NR1H3",4974.37515882597,-1.22853085486159,0.238664207607894,-5.14752868549089,2.63940651762208e-07,9.49283531237317e-06,5.02260405347271
"IL15RA",314.989051022578,-1.84088421118157,0.357654492208236,-5.14710216504078,2.645412652842e-07,9.49533156015076e-06,5.02248986586853
"MRAS",1505.77132322064,-1.01065346354931,0.196594612683599,-5.14079938281863,2.73572036078796e-07,9.78020028981695e-06,5.009652251156
"RHOB",5747.61249148364,-1.39363036839312,0.271134699893117,-5.13999266395078,2.7474919544296e-07,9.80267838032518e-06,5.00865524605545
"LOC108176408",205.276859456772,-2.31954976490167,0.451453098459174,-5.13796399408571,2.77731077812702e-07,9.88932871693636e-06,5.00483318711108
"LOC100357801",7767.6683011516,-2.4844952128491,0.484038585128413,-5.13284537469255,2.85394364937631e-07,1.01018302440795e-05,4.99559993385168
"AXIN2",335.585522360499,1.81281678991146,0.353276440117447,5.13143981327707,2.87534169065014e-07,1.01574570593619e-05,4.9932150049771
"C1QC",31554.9829167266,-2.09629270444349,0.40883151394409,-5.12752229939438,2.93580216102202e-07,1.03505845420648e-05,4.9850351230356
"SLCO1A2",1298.45086271656,4.27985521504549,0.835431603294008,5.1229271171578,3.00828651918134e-07,1.05852601437729e-05,4.97529846427501
"OVGP1",34.5258427773905,-3.74029535207818,0.73112792186901,-5.11578786721306,3.1243404479471e-07,1.09488298836357e-05,4.96063229198678
"NFKBIA",3533.07539599656,-1.15036412197729,0.224880466358886,-5.11544706662707,3.12998717232886e-07,1.09488298836357e-05,4.96063229198678
"SHISA5",2685.59546257948,-2.3940161318198,0.4680844334865,-5.11449636124002,3.14579154055063e-07,1.09826218334653e-05,4.95929397027906
"LOC103346587",20.1360408155727,-2.19545496349952,0.429647446402283,-5.10989878302196,3.22331449798434e-07,1.12094837843327e-05,4.95041438693918
"ATP10A",547.76662644897,-1.60508673438527,0.314434215674615,-5.10468216997815,3.31350941600146e-07,1.15007729730148e-05,4.93927296950435
"LOC100347810",48.9929016046866,1.2981036018536,0.254553013555002,5.09954128503419,3.40477603076688e-07,1.17491064768259e-05,4.92999516036581
"STOX1",104.924215044614,1.74907737602048,0.343059441481946,5.09846739231202,3.42414501394861e-07,1.17931776732816e-05,4.92836915843095
"SDC3",4084.57792487432,-1.5323763420732,0.300612437636619,-5.09751477390811,3.44141565188271e-07,1.18298663033468e-05,4.92702016357552
"LOC103350037",1366.92323016865,-1.86872832455374,0.367303936732749,-5.08768934299071,3.62452449505827e-07,1.24353887426423e-05,4.90534063370361
"IL6",44.6243877905197,-5.04930978854236,0.993276530178772,-5.083488469856,3.70565083651989e-07,1.26400940222669e-05,4.89824969557897
"APOBR",1027.95606510022,-2.54067782291623,0.499723565320226,-5.08416652572338,3.69243880139014e-07,1.26400940222669e-05,4.89824969557897
"SLC16A3",364.969580413776,-2.35288538979595,0.462880381560799,-5.08313915111759,3.71247516737908e-07,1.26400940222669e-05,4.89824969557897
"CAPN6",83.3702994223487,1.79549467224863,0.353178518111283,5.08381620108302,3.6992592505115e-07,1.26400940222669e-05,4.89824969557897
"TNFSF11",83.6653624844853,1.80596660515561,0.355532905588779,5.07960466321633,3.78221107869481e-07,1.2828657121759e-05,4.89181880232602
"ADCY4",657.194931020918,-1.0838609235027,0.213368365919507,-5.07976390423115,3.77904221931695e-07,1.2828657121759e-05,4.89181880232602
"CNTN2",42.1235780383322,2.06959398059316,0.40757488253563,5.07782512925643,3.81779829855981e-07,1.2924837989916e-05,4.88857489198848
"FA2H",539.328913500772,-2.63847024170412,0.520021686365231,-5.07376963477447,3.90011173539697e-07,1.31785439074142e-05,4.88013257213269
"TET1",233.779030625037,1.64396896205431,0.324388750186825,5.06789758001008,4.0223372336044e-07,1.3565901518996e-05,4.86755133999928
"PTGR1",41476.5707339824,1.83746560444526,0.362859521223978,5.06384839578474,4.10876439698288e-07,1.38312925792974e-05,4.85913723176162
"TMEM173",812.779425312451,-2.37279077523268,0.468799629652683,-5.06141776816376,4.16150222537195e-07,1.39562574631376e-05,4.85523102734455
"NEU1",2468.98417996334,-1.30425507172345,0.257828314883099,-5.05861845435714,4.22304884968736e-07,1.41361419828018e-05,4.8496691014443
"NUBPL",376.904349285428,1.08499361603237,0.214522640794498,5.05771144721148,4.24317829845816e-07,1.4176974221484e-05,4.84841645033309
"TNIP1",5523.90529987603,-1.03239410736866,0.204223116939068,-5.05522647407581,4.29880332921546e-07,1.43360278936057e-05,4.84357116267447
"VCAN",544.94600685412,-1.70605846979468,0.337507871234053,-5.0548701680844,4.30683652374416e-07,1.43360712964482e-05,4.84356984783422
"CNBD2",55.3859664983823,1.44828989353675,0.286563797594123,5.0539876484609,4.32679602026894e-07,1.43477153957602e-05,4.84321724666549
"LOC108176599",36.7272054838718,-3.18660727471392,0.630628942925175,-5.05306220157424,4.34782222601991e-07,1.43654939538089e-05,4.84267943631141
"ALPK3",449.203158301766,-1.7865145402836,0.354072414770454,-5.04561910433436,4.52055182929041e-07,1.48811904141006e-05,4.82736232620974
"SPTA1",215.921667199633,2.12625057711853,0.42168607055649,5.04225945692862,4.60066899137977e-07,1.50617139598743e-05,4.82212560443271
"LOC103346164",98.4009815754466,-2.72481846197848,0.540461709558312,-5.04164941528479,4.61536277253391e-07,1.50821955318179e-05,4.8215354331381
"LOC103347694",18.0991626469545,-3.18075496439662,0.631067480309577,-5.0402770918195,4.64858290910929e-07,1.51630327555344e-05,4.81921392685255
"GRAMD2",7.36439691372198,-2.71613288687309,0.538972688452759,-5.03946293581285,4.66840023930232e-07,1.51999370268723e-05,4.8181582113275
"LOC100350215",166.606148859807,-3.67985923279331,0.730367347147575,-5.03836767506772,4.6951885131311e-07,1.52040751217787e-05,4.81803999325906
"P2RY13",396.117490480084,-1.73103342769115,0.343567186106591,-5.03841314797188,4.69407337677757e-07,1.52040751217787e-05,4.81803999325906
"ANO6",1692.47799545472,-1.43902817122193,0.28560021613462,-5.03861023180611,4.68924322337808e-07,1.52040751217787e-05,4.81803999325906
"NOD1",1329.57294892513,-1.37310343159203,0.272992022645444,-5.02982987666047,4.90915216818137e-07,1.58681907787056e-05,4.79947258676853
"CTSH",6276.94839012876,-1.02311448550183,0.203522866225972,-5.02702474898257,4.98148084566754e-07,1.60439585795148e-05,4.79468846790152
"EPSTI1",2338.98527099756,-2.00444135281254,0.398814393032133,-5.02600053516886,5.0081448897896e-07,1.61008255224801e-05,4.79315185622488
"LOC100357197",49.9090414194967,1.66781161673156,0.331943164998243,5.02438909004313,5.05037556425674e-07,1.61783984249264e-05,4.79106447343103
"PKP2",3769.33432900659,-1.44184397600615,0.286961605688749,-5.02451877680821,5.04696423367413e-07,1.61783984249264e-05,4.79106447343103
"CLDN7",4458.1408480801,-1.15364094050285,0.229843257250475,-5.01925074637128,5.18734038096958e-07,1.65874256368213e-05,4.78022101111111
"TAP2",3389.83782663576,-1.84846933398887,0.36832336417205,-5.0186046115864,5.20481483498811e-07,1.66135830670379e-05,4.77953669274864
"WFIKKN2",35.9094957390339,-2.1473147379661,0.428044545448757,-5.01656839410225,5.26025560425623e-07,1.67606183468948e-05,4.77570996305117
"LOC103350560",85.9377294623513,2.24434080512145,0.447902490936079,5.01077991424196,5.42098841808485e-07,1.72420227710439e-05,4.76341178568239
"LOC100357024",11.212617236718,-2.64684258563164,0.528359754788108,-5.00954616933896,5.45585375606797e-07,1.73220934084751e-05,4.76139962381923
"FAM81A",459.535380443195,2.26160754974821,0.451569493043961,5.00832670183954,5.4905280280549e-07,1.74012745570003e-05,4.75941894063695
"LOC100347754",2167.82026638144,-2.34638516845906,0.468972316054361,-5.00324878065314,5.63721144717653e-07,1.77500706924161e-05,4.75079991296015
"RLA-A3",18582.3871827507,-1.51759310877744,0.303328633490303,-5.00313172322373,5.64063698109628e-07,1.77500706924161e-05,4.75079991296015
"TRIM21",302.406882471941,-1.21279092156141,0.242422224402855,-5.00280419647503,5.65023229313832e-07,1.77500706924161e-05,4.75079991296015
"HLTF",5053.16942220737,1.08536470186537,0.216935246551292,5.00317361572107,5.63941082095014e-07,1.77500706924161e-05,4.75079991296015
"RENBP",1218.72114008185,-1.68925867982636,0.338419092750245,-4.99161754172375,5.9875727178766e-07,1.86785100055924e-05,4.72865777061975
"ATP6V0A1",2617.50535636526,-1.08961824125259,0.218917421212968,-4.97730256100806,6.44764953595498e-07,2.00437800791644e-05,4.69802037099289
"LOC103346682",5.06631844017113,4.19093961625381,0.843399169166005,4.96910569688849,6.72623997425572e-07,2.08013044186542e-05,4.68190943022661
"LOC108176386",22.8410256894808,-2.1195601933872,0.427161703356279,-4.96196212519399,6.97846054255766e-07,2.15440383762035e-05,4.66667288599097
"LOC108175715",17.8115783437258,-2.30452085938419,0.465089750863967,-4.95500245942474,7.23293743353762e-07,2.225279804208e-05,4.6526153735444
"LOC103346374",66.7657772982461,-3.28051114131848,0.664253265290988,-4.93864511133625,7.86672281750334e-07,2.4037208609038e-05,4.61911596745461
"TMEM37",1573.09724260124,-1.10115691090639,0.22324318304396,-4.93254439348124,8.11653245799573e-07,2.47581941444836e-05,4.60628103581054
"LCN2",1650.9640038047,-2.13616881342903,0.43330254212967,-4.92997064575208,8.2241973410887e-07,2.50438718010154e-05,4.60129852802436
"S100A11",2434.38978239567,-1.44899597988249,0.293985985786739,-4.92879269739616,8.27393080661332e-07,2.51524682258866e-05,4.59941939095453
"LOC108176161",872.257733929969,-1.79482484371818,0.364309034113139,-4.92665477837363,8.3649354972316e-07,2.53429189852568e-05,4.59614336474143
"PARP3",845.777474551707,-2.26983160668158,0.460784083860095,-4.92601998677271,8.39214173193434e-07,2.53823237662143e-05,4.59546862051372
"MCP-1",3019.40996306876,-2.94177159776496,0.597566953702088,-4.9229154650201,8.52642911083649e-07,2.57449189790882e-05,4.58930847058719
"GRIN2B",139.096503086691,2.96695603553291,0.602997438485066,4.92034600177889,8.63913516851894e-07,2.59973974978579e-05,4.58507012544804
"LOC103347766",432.425167552763,-1.78271536903176,0.3627923103377,-4.91387308449935,8.92945655309431e-07,2.68258883842959e-05,4.57144588673353
"DES",2483.8697671461,-1.64236938028436,0.334791881250795,-4.90564279560306,9.31218629784972e-07,2.78819648365266e-05,4.55467662484971
"OSM",37.4452730704205,-2.40101116075192,0.489766045218083,-4.90236345331534,9.46904323855557e-07,2.83042053326389e-05,4.54814903383696
"LOC100346939",25.6796771915978,-4.01263028280039,0.818643913322585,-4.90155758504885,9.50797698781654e-07,2.83731366706545e-05,4.54709264998294
"LOC100357076",75.3303695875901,2.2245150103899,0.45393325498399,4.90053325233544,9.55768785654984e-07,2.84739450726381e-05,4.54555235706867
"SFTPD",56.613064392096,-1.6552965570803,0.337951730353264,-4.89802657719787,9.68039440350449e-07,2.87758827796929e-05,4.5409713443109
"LOC103351105",409.928248991715,1.74135367797692,0.355778762985039,4.8944846043274,9.85636919982864e-07,2.91693045441948e-05,4.53507392522243
"SPX",271.337609282424,1.66076783489126,0.339297452225382,4.89472533318076,9.84431224828753e-07,2.91693045441948e-05,4.53507392522243
"IL27",24.6446997227521,-3.23925828635549,0.6619549375727,-4.89347250468955,9.90721610477459e-07,2.92713203095613e-05,4.53355768787626
"THRSP",13102.0151938324,3.33910020985905,0.683178186487907,4.88759781254836,1.02073785587929e-06,3.01055439041923e-05,4.52135352217032
"LOC100352119",1785.68968377973,1.30155415421602,0.266313986615968,4.88729176696564,1.02232532306824e-06,3.01055439041923e-05,4.52135352217032
"LBP",14142.8321587463,-3.12400724377277,0.63963078798035,-4.8840789131444,1.03913455077247e-06,3.05401136949327e-05,4.51512935048228
"BDKRB1",6.35563334053314,-2.9953432957735,0.613359602167233,-4.88350273671401,1.04217702704802e-06,3.05401136949327e-05,4.51512935048228
"LOC100346096",22.2675292887806,2.65177200354579,0.543358565275924,4.88033533105196,1.05905610515167e-06,3.09830243528416e-05,4.50887619162385
"MSMO1",14463.3735681261,1.02728118215871,0.210586091911843,4.87820051567676,1.07058061397828e-06,3.1269000775918e-05,4.5048859967372
"TCN1",118.46131447374,-3.54089589904812,0.726000362984543,-4.8772646400502,1.0756707766931e-06,3.13664194671928e-05,4.50353505396373
"LOC108177747",45.4553024083726,-1.76457446711433,0.362580804920278,-4.86670679519924,1.13473182086786e-06,3.28741187974279e-05,4.48314587976587
"HBB2",124521.491626554,2.28830933443019,0.470734079726689,4.86115077064061,1.16705322219373e-06,3.36468973334079e-05,4.47305497700033
"IFNB1",5.45130007959143,-4.23389258923234,0.871753429424776,-4.85675472710909,1.19325248941811e-06,3.42916209780525e-05,4.46481198513339
"SNCA",564.00292754091,1.79695425150637,0.370287489489983,4.85286244474912,1.21692101093892e-06,3.49156710602459e-05,4.45697960663854
"L3MBTL3",2317.92007739463,1.30426435871804,0.268801925974892,4.85213918757363,1.22136853342891e-06,3.49871194471823e-05,4.45609181229535
"MYO1F",2117.60022504234,-2.06637120253279,0.425979721192747,-4.85086754070578,1.22922621096938e-06,3.51558696337243e-05,4.45400215466344
"LOC103349065",685.219785234155,1.11314974728082,0.229496997356348,4.85038915586504,1.23219478576035e-06,3.51844757116074e-05,4.45364891606624
"KATNAL1",119.607695967856,1.05934397915913,0.21876343833947,4.84241785190481,1.28268670804543e-06,3.65095937998601e-05,4.43759299891718
"SLC8B1",926.796753862246,-1.71482943443979,0.35426939638747,-4.84046731647195,1.29534159587691e-06,3.68111781022255e-05,4.43402028320239
"TMEM26",524.795587735691,-1.66359601134542,0.343920117329541,-4.8371581873804,1.31708607840258e-06,3.73697042086448e-05,4.4274803396955
"DMXL2",747.610423307305,-1.83639603691898,0.379769507966414,-4.83555419378583,1.32775193343462e-06,3.76126241048237e-05,4.4246663662721
"ACKR1",220.849649476782,-1.91740825992487,0.397272107329327,-4.8264356458718,1.38998280532404e-06,3.93132003879228e-05,4.40546159992861
"LOC100350727",22.1194968429153,1.89573224676853,0.393214703081726,4.82111231322528,1.42759947672898e-06,4.03133343547085e-05,4.39455127944649
"TAC4",19.813362406583,-3.3967401670377,0.704931355531627,-4.81854033074757,1.44612296270819e-06,4.07719999343988e-05,4.38963798515881
"MPO",166.914900892146,-3.1273833615375,0.6493107939023,-4.81646599888199,1.46123050222247e-06,4.11330633499633e-05,4.38580894557364
"LIF",384.744364009388,-2.33825521721248,0.48601550325978,-4.81107125498969,1.50123480515276e-06,4.20836689731599e-05,4.37588640418378
"ACVRL1",746.279254227332,-1.37160192449817,0.285099364577941,-4.81096100136415,1.50206326181125e-06,4.20836689731599e-05,4.37588640418378
"CTNNA2",199.742988053215,1.99940100378098,0.415773206018321,4.80887410453495,1.51782756324632e-06,4.24587913818905e-05,4.37203237247917
"NFE2",391.150182419695,-1.8022948720035,0.375179684917014,-4.80381786237214,1.55668445454692e-06,4.34098824103372e-05,4.36241139058634
"ATP6V1B2",6149.38686032612,-1.22241279926045,0.254760070664058,-4.79829039171686,1.6002565631733e-06,4.45554300104715e-05,4.35109936054115
"SCARB2",12187.4882968239,-1.00997383637484,0.210952584746362,-4.78768173231524,1.68718933972183e-06,4.66849991447799e-05,4.33082264481294
"SHISA2",484.31999231884,1.27150777546097,0.265697933314247,4.78553882448581,1.70529216691599e-06,4.71129791091549e-05,4.32685943302009
"ATP6V0D2",146.781578764017,-3.28225641282278,0.686508816092717,-4.78108414033753,1.74352364033475e-06,4.80948843688018e-05,4.31790111507216
"LOC108177650",307.300559909212,-1.94261658753738,0.40637169000701,-4.78039350502953,1.7495241500943e-06,4.81515851898267e-05,4.31738941097221
"SLCO5A1",108.963430249893,1.87630757961516,0.392514259721648,4.78022780865526,1.75096673417552e-06,4.81515851898267e-05,4.31738941097221
"LOC103350741",22.1710478689014,3.17059687256628,0.6636214857853,4.77771883593302,1.77295052324136e-06,4.86812451658055e-05,4.31263832194315
"MRAP",124.486165392241,-3.33551480933402,0.698541377581875,-4.77497098436816,1.79733166793058e-06,4.92170421110089e-05,4.30788449045986
"SPATS1",23.1984036384536,2.15697744448262,0.451732539156398,4.77489943166532,1.79797082509028e-06,4.92170421110089e-05,4.30788449045986
"BATF2",763.040966004507,-3.0434646424374,0.638460198209467,-4.76688233812015,1.87098499427008e-06,5.09149677522745e-05,4.29315452696295
"LOC100347041",240.559419033243,-2.31904355902373,0.486495098610558,-4.76683848541738,1.87139210144024e-06,5.09149677522745e-05,4.29315452696295
"ST8SIA1",842.270128527733,2.04060955784296,0.428046838502557,4.7672576323228,1.86750442386239e-06,5.09149677522745e-05,4.29315452696295
"DMBT1",81625.1235601272,-2.48034279010999,0.520400882746211,-4.76621557023684,1.87718414216752e-06,5.09175516559097e-05,4.29313248734148
"CP",30352.5280163278,-1.71269234920239,0.359560863032141,-4.76328912651792,1.90462635430939e-06,5.15055916539792e-05,4.28814561964535
"IL23R",27.0079163541214,-2.43799673371907,0.512055595016734,-4.76119538082461,1.92449617800175e-06,5.19353629276163e-05,4.28453682915511
"NRIP3",180.124154207659,1.75181266296618,0.367950321621872,4.7610032116413,1.92632982495158e-06,5.19353629276163e-05,4.28453682915511
"TXLNB",94.7207266409828,-1.44416932739692,0.303705858876293,-4.75515794374309,1.98291330367292e-06,5.33001132378247e-05,4.27327186829969
"SLC35D3",65.641094781724,-1.79702415097557,0.377936153502562,-4.75483526601375,1.98608295549666e-06,5.33051543986528e-05,4.27323079437567
"FAM213A",6549.54765302843,1.43644109665572,0.302146988064045,4.75411357187265,1.99318975723558e-06,5.34156925196192e-05,4.27233113672622
"LY96",564.738232068396,-1.23842783162672,0.260677606917924,-4.75080251913102,2.02610930097784e-06,5.41355810986231e-05,4.26651719708429
"LOC100349005",13422.1992925055,-2.64210767391582,0.556665010590517,-4.74631533085408,2.07155679300835e-06,5.51314801359835e-05,4.25860034769376
"GABRA4",8.68631793864026,2.55012916903736,0.537612529731766,4.74343328699893,2.10126164091489e-06,5.58098838504513e-05,4.25328888132066
"LOC103345668",111.5633307771,-1.82782290546851,0.385473189719889,-4.7417640298064,2.11865310325726e-06,5.61643123743813e-05,4.25053955386087
"LOC100354078",60.1749887118491,-2.05099013037963,0.432886460829335,-4.7379401204886,2.15901582854235e-06,5.70893608508794e-05,4.24344481914939
"ADAM8",476.788580165952,-2.07937670190194,0.439003801222118,-4.73658017564605,2.17354775631856e-06,5.73887239943786e-05,4.24117343143637
"LRP11",276.609314911312,1.29244882343734,0.272972744347702,4.73471747710851,2.1936044643396e-06,5.78328610620506e-05,4.23782532208815
"STC1",269.021615885578,-2.20655965045913,0.466576287205222,-4.72925802482667,2.25341849165298e-06,5.93223203804081e-05,4.22678186997173
"PLIN2",5941.31873726221,-2.03810341577235,0.431700104816875,-4.72110938364702,2.34561745417004e-06,6.13223161408399e-05,4.21238145022683
"TTC21B",1332.97063028009,1.18758545606052,0.251647300617539,4.71924575843333,2.3672069688244e-06,6.17269654638307e-05,4.20952507269605
"PLEKHF1",498.092514469592,-1.35120836751986,0.28644691455976,-4.7171336077979,2.39190621938224e-06,6.20541707858601e-05,4.20722902337701
"LMBR1",821.231410002583,1.00539454346992,0.213228849724734,4.71509622064663,2.41596550734446e-06,6.25875122373655e-05,4.203512310678
"USP13",258.081181571792,1.03825195534496,0.220265270670001,4.71364347264921,2.43326256621904e-06,6.2853422501684e-05,4.20167106908181
"LOC100341136",1632.76290233134,-2.68218495150984,0.569207240412311,-4.71214131002089,2.45127297174174e-06,6.3227279033021e-05,4.19909550751734
"NXT2",144.435448705436,1.00576399088674,0.213473673291878,4.71141933043694,2.45997472348473e-06,6.33602999744806e-05,4.19818277527978
"CD5L",5869.49294780622,-1.72124357382301,0.36559320823097,-4.70808410843229,2.50055928104867e-06,6.42205418803808e-05,4.1923260342621
"KCNS3",254.773239352573,1.33187806396498,0.283022476688505,4.70590915445508,2.52737054873856e-06,6.48159950626998e-05,4.18831780724248
"GCSH",826.745244739069,1.1942284456511,0.25408824514453,4.70005389258286,2.60092842211786e-06,6.66068704088207e-05,4.17648097162929
"SNX10",2712.82841821263,-1.03105459377831,0.219530914165426,-4.69662597497028,2.64494135076399e-06,6.74441178957294e-05,4.17105592111174
"DNASE2",1659.47654894598,-1.46442841725903,0.311833946489312,-4.69618023870029,2.65071665238581e-06,6.74950999450092e-05,4.17072775522955
"PLA2G2D",714.730692452262,-1.85001033500973,0.39406885273219,-4.69463730052018,2.67080174831622e-06,6.79097884084671e-05,4.16806762269447
"COL4A5",895.520462588873,1.34991328758634,0.287668608824973,4.69259851848372,2.69756556618941e-06,6.84928757040281e-05,4.1643545993592
"SYNDIG1",77.3711667318113,-2.39631551469538,0.511010456014039,-4.68936689356028,2.7405163137865e-06,6.94037193492243e-05,4.15861725505578
"DERL3",244.643935463977,-1.96571358567023,0.419189873892411,-4.68931553001862,2.74120424394699e-06,6.94037193492243e-05,4.15861725505578
"ADGRE5",1396.70851517839,-1.86635473993487,0.398231332059475,-4.68660948972275,2.77768247888187e-06,7.01823544536142e-05,4.15377206631354
"RNF180",411.695257732346,1.45928892275183,0.311470974654072,4.68515220197502,2.7975196679155e-06,7.05298505839064e-05,4.15162703619869
"NCF2",856.429887125822,-2.28983418387586,0.488903520496458,-4.68361156726923,2.81863921332072e-06,7.07628875535224e-05,4.15019445356087
"LOC108175666",24.5627900362142,-2.19520029100892,0.46865106346291,-4.68408259823067,2.81216597691946e-06,7.07628875535224e-05,4.15019445356087
"SBSPON",77.5909885776471,2.13391134424561,0.455598059723208,4.68375863045166,2.81661663478648e-06,7.07628875535224e-05,4.15019445356087
"LOC100341088",3603.53812297102,-2.69812973875955,0.576207808828196,-4.68256364704011,2.83309179209684e-06,7.09264926943011e-05,4.14919151542529
"SEMA4D",6906.92876053278,-1.34678736560393,0.288163062148807,-4.6736988271885,2.95823043568406e-06,7.37756627763087e-05,4.13208688025158
"NUAK2",583.822200584004,-2.15417680335348,0.461232063475767,-4.67048363272919,3.00491426264944e-06,7.47049269052278e-05,4.12665075484869
"DNASE2B",243.363483224444,1.95841916164247,0.419293833288662,4.67075593810175,3.00093322090259e-06,7.47049269052278e-05,4.12665075484869
"LOC108176385",105.130042138732,4.05020447348058,0.867923762378589,4.66654405495338,3.06307994043185e-06,7.60435242605798e-05,4.11893776382849
"CYTH4",1149.21254042597,-2.07577698508903,0.444853705475575,-4.66620140405462,3.06818973368254e-06,7.60435242605798e-05,4.11893776382849
"ZFYVE26",1559.55852205646,-1.03155130088463,0.221079315186318,-4.66597836172631,3.07152025265111e-06,7.60435242605798e-05,4.11893776382849
"EIF2AK2",639.949127787521,-1.3304453209955,0.285243250205047,-4.66424821635258,3.09747322725367e-06,7.65799916143284e-05,4.1158846855445
"COL14A1",3104.81493541084,1.64370440223493,0.352539301681088,4.66247137382103,3.12434556916172e-06,7.71376754817207e-05,4.11273345259303
"RTKN2",117.808647053742,1.9098796188664,0.409809934635985,4.66040341497055,3.15590226090776e-06,7.76214325652482e-05,4.1100183462721
"LOC108178461",72.7781773291368,1.27233774613645,0.272982485986255,4.66087683808593,3.14865103569345e-06,7.76214325652482e-05,4.1100183462721
"GLP2R",220.389130706213,-1.89430072495443,0.406980787208244,-4.65452125627039,3.24734337034473e-06,7.96520166664963e-05,4.09880322405565
"LRP2",704.906459824555,-2.18544456389618,0.469805587624256,-4.65180623957173,3.29040176543253e-06,8.05697692563103e-05,4.09382788012975
"FERMT1",686.421221424436,1.08185266629007,0.2326486238729,4.65015716955675,3.31682166867277e-06,8.1105591419324e-05,4.09094920449597
"CDKN1A",3630.3751702503,-1.58522566113757,0.341207236191775,-4.64593212860993,3.38544303528822e-06,8.26704839559795e-05,4.08264951998931
"PLAU",959.891487110032,-1.53661697249828,0.330882989619837,-4.64398902543692,3.41745722810645e-06,8.32248609705761e-05,4.07974692167159
"LOC103345342",49.6994046324828,1.22578693686729,0.264014600653402,4.64287556003957,3.43593310021535e-06,8.35609580494549e-05,4.07799658935704
"ARHGAP25",1544.14779356871,-1.1235371918271,0.242340808275527,-4.6361865334282,3.5489572677414e-06,8.60754561205937e-05,4.06512066725667
"NAGA",2668.31390307897,-1.39810558845255,0.301786202107838,-4.63276842575116,3.60808059218045e-06,8.73908409013896e-05,4.05853408171828
"KIAA1522",2180.48983233276,-1.19617261661663,0.258379593522205,-4.62951659730756,3.6652034968946e-06,8.86542794411244e-05,4.05230029567718
"PLAC8",15141.0127321386,-2.71831978280622,0.587320010086622,-4.62834525662646,3.68599134486634e-06,8.89164578805476e-05,4.05101784639559
"WNK4",177.849815922862,-1.70673084183366,0.369013906740755,-4.62511252464177,3.74395090758386e-06,9.0192887430002e-05,4.04482770937264
"PTGIR",183.320890439319,-2.27064472380676,0.491095194024308,-4.62363458538421,3.7707389175049e-06,9.05940297720432e-05,4.04290042177673
"LOC103345474",95.0623298551881,-1.46529750225691,0.317096574778903,-4.6209818042929,3.81928275283557e-06,9.16371532979005e-05,4.03792841060242
"ICAM1",2323.81969443726,-2.49650999864769,0.540476473478933,-4.61909097093197,3.85424859994501e-06,9.20777003460469e-05,4.03584553581065
"CRABP1",203.719710996435,-2.29714972861652,0.497317400896405,-4.61908174633735,3.85441993363475e-06,9.20777003460469e-05,4.03584553581065
"LOC103347841",50.4499184458954,2.07784514993921,0.449859507799337,4.61887570211376,3.85824881450009e-06,9.20777003460469e-05,4.03584553581065
"PFKFB4",1156.71576792381,-1.50138230929194,0.32522499701653,-4.61644191887142,3.90375210820741e-06,9.29155378617943e-05,4.03191165475354
"PLEK",1847.78731915718,-1.57838069776838,0.342114108620633,-4.61360890415259,3.95736757764264e-06,9.3941494621995e-05,4.02714253441335
"HIF3A",83.4902960242509,-2.44086964587124,0.529096453829853,-4.61327916337949,3.96365365912995e-06,9.39659272638565e-05,4.02702959622824
"FCRL1",381.087204112297,2.71988191535255,0.589857260690791,4.61108491258929,4.00572860102398e-06,9.48376142295412e-05,4.02301937983069
"LOC100350311",3298.02623715221,-1.80440865731455,0.391618687821619,-4.6075652501457,4.07411376437307e-06,9.62018276594038e-05,4.01681667708013
"LOC103345552",60.7558430431901,1.6982327347905,0.368620983641394,4.60698877750973,4.08542041765137e-06,9.63415434901295e-05,4.01618640012376
"MS4A4A",340.306320788004,-2.34339472278217,0.509313201755136,-4.60108772893897,4.20290351257219e-06,9.87212881566726e-05,4.00558918641775
"TOR3A",1291.44088587497,-2.18170689788725,0.474500261964024,-4.59790451717951,4.26761482925231e-06,0.000100109731066778,3.99952370530591
"ARG1",12257.7704475175,-2.32274334932283,0.505375413891644,-4.59607508690726,4.30523607677496e-06,0.000100859888430344,3.99628151658649
"LOC103351480",258.070134915489,-1.41596436332476,0.308678275636122,-4.58718502429997,4.49262497873316e-06,0.00010511213546447,3.9783471406701
"UHRF1BP1L",3080.3396144525,1.00545328499033,0.219220396369591,4.5864951511866,4.50748866411599e-06,0.000105322039047155,3.97748074149195
"CLEC4A",378.266948906577,-3.85500590595363,0.84063281819501,-4.58583798123778,4.52169154835421e-06,0.000105515974447561,3.97668178596586
"LOC100343299",13057.6572605919,-3.96361485346996,0.864650605358979,-4.58406531945279,4.56021677479921e-06,0.000106276238395744,3.97356382566637
"KANK4",74.4653307711191,1.18773451542052,0.259428839088736,4.5782670870075,4.68843817166091e-06,0.000109030010097939,3.96245394769149
"LOC103345486",50.2294645065175,-1.2985405857163,0.283763181002527,-4.57614191216985,4.736293215403e-06,0.000109949663928998,3.95880609376117
"GPC3",429.72330364825,1.46103766804697,0.319307262169441,4.57564810183262,4.74747971974316e-06,0.000110066407250855,3.95834520938152
"LOC103351305",11.6009067353249,1.69919174266862,0.371491921522392,4.57396687310251,4.78575539913779e-06,0.000110666724139182,3.95598294547355
"HHIP",2467.69205057717,1.11885161104093,0.244740888757344,4.57157615436401,4.84069301786751e-06,0.000111792490561217,3.95158736834011
"HSF4",32.1581753631428,-1.74395019282866,0.381828966280651,-4.56735959509899,4.93906293713961e-06,0.000113623873875638,3.94453040803418
"NFIL3",569.918455230827,-1.30318345947716,0.285430196803294,-4.5656818166834,4.97873457028069e-06,0.000114177346046567,3.94242005601078
"CENPQ",156.388491467744,1.5664509579106,0.343138850957665,4.56506441499936,4.99340990593195e-06,0.000114285790100555,3.9420077649202
"ITGB2",10066.9268742741,-1.79629175066337,0.394295357321654,-4.55570099243651,5.22111633420536e-06,0.000119344570938518,3.92319733254388
"CTSD",27086.4633760663,-2.4670736769255,0.541653360270304,-4.55470944682102,5.24580347252894e-06,0.000119755730614885,3.92170369532572
"SCAI",87.3837514528797,1.20664499875848,0.264974883267552,4.55380896437682,5.2683201623993e-06,0.000120116355743479,3.92039785250125
"STRIP2",75.2460170081409,1.11378141700851,0.244865528614873,4.54854312613468,5.40185743402879e-06,0.000122535788874701,3.91173704892577
"LOC100357183",113.623549330158,2.87297767525945,0.632016012441655,4.54573558059127,5.47437277562831e-06,0.000124023337597409,3.90649658551419
"TM4SF19",45.2393838421888,-2.10636097182291,0.463626167403048,-4.54323142203441,5.53983753453953e-06,0.000125031055467038,3.90298210264924
"RAB24",1581.38588962468,-1.11006342177029,0.244372069954502,-4.54251347945357,5.55874409339204e-06,0.000125299559482198,3.9020504558597
"PGF",532.629633712507,-2.89824098434774,0.63943593149243,-4.53249628556735,5.82907014550565e-06,0.000130897774938334,3.88306773572745
"ABHD12",2650.86996130066,-1.11436851739206,0.245969962269789,-4.53050651839258,5.88424391136016e-06,0.000131970966017017,3.87952160429063
"ABCD2",12.0226325424726,1.8125831446723,0.400754679003951,4.52292447134331,6.09910087661014e-06,0.000135936942854621,3.86666250134253
"MAFF",44.4481925954536,-2.65902166464558,0.587957256557823,-4.52247444008556,6.11208692978905e-06,0.000136022506433649,3.86638922684116
"MIP",32.0676519292709,1.6588098614796,0.366809576765829,4.52226432064662,6.1181591704981e-06,0.000136022506433649,3.86638922684116
"PPBP",89.5630626519631,-2.42752899320358,0.537804499367383,-4.51377590938543,6.3683506286271e-06,0.000141114571831414,3.8504281376332
"PLOD1",2537.95639565795,-1.25858128081675,0.278836337160352,-4.51369177214865,6.37087885135393e-06,0.000141114571831414,3.8504281376332
"FGR",1911.26805377236,-1.61068362403091,0.356989119996122,-4.51185633906268,6.42627098284868e-06,0.000142165338884183,3.84720627538
"IPP",357.267208090002,1.10694343569331,0.245494197324898,4.50904114132007,6.51212807366956e-06,0.000143648937222185,3.84269758276112
"PDGFRB",1991.89372698242,-1.10168427168775,0.245017780108319,-4.49634418857567,6.91317966490423e-06,0.00015106734292196,3.820829409398
"LOC100355671",26.515694441048,-3.3540673684017,0.746556227434279,-4.49271902791403,7.03195349985981e-06,0.000152797429881286,3.81588395071951
"SUCNR1",244.251604116008,-1.94311409448332,0.432505686773256,-4.4926902787801,7.0329031838597e-06,0.000152797429881286,3.81588395071951
"UGT2B13",5545.37255383186,2.41998011571081,0.539590236069242,4.48484786036838,7.29659779422094e-06,0.000157710623424062,3.80213905150904
"LOC100357862",1323.79027684728,-2.03617609849094,0.454534023439105,-4.47970007412159,7.47479967920894e-06,0.000160957252043861,3.79328945108972
"NTM",132.047576824209,1.44603034753181,0.322812745574058,4.47947104740347,7.48282385725586e-06,0.000160957252043861,3.79328945108972
"LOC103345243",192.04293307039,1.26238318014826,0.281813525066677,4.4794982066584,7.48187187555387e-06,0.000160957252043861,3.79328945108972
"IL32",11258.4730645314,-1.84286972637853,0.411651896575066,-4.47676724366185,7.57817907410079e-06,0.000162616987934636,3.78883408739573
"MPP1",5035.70226481617,-1.12309398246833,0.250894707654147,-4.47635581064742,7.59279057177064e-06,0.000162735169628777,3.78851857905382
"LOC100357462",3145.11333872878,-1.66390172173537,0.371987270380774,-4.47300715433666,7.71271959233966e-06,0.000165107620015654,3.78223288279787
"MCAM",980.973894683735,-1.57735719339686,0.352682669052803,-4.47245450884544,7.73268538322882e-06,0.000165337022996669,3.78162988639954
"WFDC3",61.5602795762627,-1.35378005869052,0.302728078409412,-4.47193423815698,7.75152669915751e-06,0.000165541863497539,3.78109216027561
"CTSE",3145.23092992629,-1.86530933786493,0.417245502917256,-4.4705319166372,7.80252984107065e-06,0.000166432244521644,3.77876252984093
"COQ5",940.421218613253,1.05585640674073,0.236215596361985,4.46988438952483,7.82618886153287e-06,0.000166737933134565,3.77796558627317
"KCNH4",67.6284542061556,-1.89858860829541,0.424836704818732,-4.46898440450312,7.8591859976309e-06,0.000167241606794824,3.77665566856259
"MEIS3",336.37815126962,-2.20048971032404,0.492624874180274,-4.46686683043696,7.93735039065149e-06,0.000168503727117453,3.77339048856925
"ARMC12",63.2384229276232,-2.63373811001145,0.589988656707906,-4.46404872376279,8.04252628791108e-06,0.000169929264061951,3.76973182344871
"SLAMF1",1498.93827540058,-1.50302417023079,0.336910018177567,-4.46120355328417,8.15006302688105e-06,0.00017159290530683,3.76550067248843
"LOC103348122",18.6857230757688,3.99738593046191,0.897073078970479,4.45603153652709,8.34907554791753e-06,0.000175163996970688,3.75655515344047
"CKAP4",1602.60357598264,-1.23797288017954,0.277837121079269,-4.45575046045174,8.36002300343788e-06,0.000175188055318232,3.75649550824912
"PRG2",525.255446500638,-2.30142140125855,0.516715044149118,-4.45394696229202,8.43059344906971e-06,0.000176336302697364,3.75365826944692
"GPR33",26.6374251629242,-1.96238961323666,0.440605594549448,-4.45384633675238,8.43454762552426e-06,0.000176336302697364,3.75365826944692
"SAMD12",106.598637300056,1.59433588880759,0.358289723477486,4.44985101256407,8.59298796816568e-06,0.000179229474831927,3.7465905677529
"LOC103346593",1308.72442280734,-1.89551647217992,0.426318150719022,-4.44624857980587,8.73828283642602e-06,0.000181703343588263,3.74063708101023
"TMEFF1",246.545968433942,1.1805750867449,0.265527203688192,4.44615493383214,8.74209093627447e-06,0.000181703343588263,3.74063708101023
"ZDHHC14",719.6626334156,-1.59186923120585,0.35835331328643,-4.44217807450123,8.90528107203179e-06,0.000184451795089882,3.73411711385091
"HINT3",3246.25996252693,1.34684417783328,0.303234667779081,4.44159036200476,8.92964331144318e-06,0.000184742331240795,3.73343358036984
"PLA2G7",2731.54462224633,-1.34624221069836,0.303133383201566,-4.44108859433402,8.95049329475536e-06,0.000184912348275153,3.73303408608964
"VASH2",2498.76242234062,-1.0349681066233,0.233053947365625,-4.44089498728633,8.95855069126054e-06,0.000184912348275153,3.73303408608964
"TNFRSF12A",801.453389918244,-2.66651163446772,0.60088100250551,-4.43767006004366,9.09378691286635e-06,0.000187055743460859,3.72802895244806
"ADAMTSL1",100.698513190296,1.15264489931273,0.260167186869775,4.43040074799932,9.40581305316795e-06,0.000192587523854956,3.71537185063022
"NLRP12",16.9876527063451,-2.8272167148691,0.638515676098417,-4.42779530824444,9.52011816268592e-06,0.000194341798172784,3.71143378322136
"CSRNP3",57.2370221176935,2.20685732305758,0.498420143251723,4.42770492512584,9.52410714402009e-06,0.000194341798172784,3.71143378322136
"MS4A6A",355.600700226588,-1.9258900134384,0.434952526544364,-4.42781659124808,9.51917908778374e-06,0.000194341798172784,3.71143378322136
"LOC100343623",254.610717885621,-2.1513136040365,0.486054963050224,-4.42607064545951,9.59651071921925e-06,0.000194929123984141,3.71012326893435
"PNKD",3124.82972917344,-1.2838962075646,0.290244079286203,-4.42350524676365,9.71122723667312e-06,0.000196589113086673,3.70644053664274
"CNTLN",313.823301772717,1.15542802886601,0.261201891429061,4.42350559769897,9.71121145474132e-06,0.000196589113086673,3.70644053664274
"LOC103348325",192.347315250162,1.32137100997925,0.298953155224905,4.41999352368493,9.87038592555572e-06,0.000199359489739332,3.70036308659635
"NR1D2",6148.54638627803,1.46488991453073,0.331474285963068,4.41931690198721,9.90133677685225e-06,0.00019975891070681,3.69949383887513
"LOC100346342",430.076002834667,1.11198316457,0.251981408463358,4.41295717549615,1.01968172002284e-05,0.000205256877763608,3.68770228159104
"LOC100348825",57.1859811054043,2.47889585063069,0.561865714717203,4.41190089677986,1.02467015414732e-05,0.000206029010184289,3.68607162392256
"LOC103347220",62.7395069584258,4.28164209985724,0.970677785745629,4.41098185487812,1.02902942014095e-05,0.000206673043651904,3.68471616467251
"PGM5",1870.45358227861,1.73244381493936,0.393057939913882,4.40760416980492,1.04520335569041e-05,0.000209450784562399,3.67891800851602
"LAPTM5",7295.70884994546,-1.19472370200326,0.271397940155028,-4.40211042619117,1.07202966956308e-05,0.000213867526154465,3.66985515410351
"STAB1",2857.72651371726,-1.86818227656503,0.424494778779126,-4.40095466412576,1.07775643391215e-05,0.000214770303859305,3.66802576841763
"NRXN1",184.370079445978,1.30813547870328,0.297306888785342,4.39995011231564,1.08275767328322e-05,0.000215526652671911,3.66649901602481
"LOC103346901",17788.6885394274,-1.38578344919765,0.315011892810992,-4.39914644755689,1.08677472813053e-05,0.000216085631427511,3.66537411048469
"LOC103346551",113.806817968106,-2.28782478106093,0.520844217258592,-4.39253178830064,1.12038242206875e-05,0.000222273427241719,3.65311245404455
"CSF3R",397.989493290654,-2.14186004815628,0.487828407848822,-4.3906013132799,1.13037631964275e-05,0.000224007502368228,3.64973743620798
"ITGAL",4650.76528202445,-1.43145296938951,0.326649533387838,-4.38222872858023,1.17471385704531e-05,0.000232022212095967,3.63447043696708
"ZNF770",1127.07366173098,1.0456956576968,0.238970580885245,4.37583427141161,1.209689020266e-05,0.000238319246208522,3.62284088344188
"TPMT",2300.74565608837,1.73237371702251,0.39601126576984,4.37455665220736,1.2167952088151e-05,0.00023901334458868,3.62157785085338
"LOC103345297",1156.14237971366,-1.54312221608671,0.352781033858341,-4.37416433420383,1.21898528609708e-05,0.00023918070240379,3.62127386305165
"PLVAP",1636.03083559355,-1.68500703589142,0.385303193403119,-4.37319769143077,1.22439754066948e-05,0.000239979232888893,3.61982633925501
"LOC100342636",139.511876018213,-1.88142151473644,0.430509546010607,-4.3702202010872,1.24121305658226e-05,0.00024300858035496,3.61437839168966
"CEMIP",163.291395870626,-3.4068203958384,0.780446028995436,-4.36522228221667,1.26993553695087e-05,0.000248088499704882,3.60539336724923
"CCR2",320.118338877432,-1.57165331096377,0.360142412286182,-4.36397729716677,1.27718837710589e-05,0.000249232993894844,3.60339446555231
"GPR157",41.1232195236203,-1.81074281045232,0.414987904646649,-4.36336285992268,1.28078241969584e-05,0.000249389823007224,3.60312127299855
"AMHR2",59.3933644519064,-2.20626997887127,0.505874839712661,-4.36129612637868,1.29294236502583e-05,0.000251210269291703,3.59996261093182
"UROC1",4061.14023840194,-1.87067739788217,0.428959197604715,-4.36096814878415,1.29488217002102e-05,0.000251244636209276,3.59990320117177
"SLC19A2",348.57863110743,1.13687545574646,0.260703946958652,4.36079111578151,1.29593037530043e-05,0.000251244636209276,3.59990320117177
"SMS",5087.88271622155,1.07182313586002,0.245846779202338,4.35972006360059,1.30228931774678e-05,0.000252203917169271,3.59824817235537
"RNASEL",326.963300780919,-1.82200387795093,0.418405804837064,-4.35463336523367,1.33289813187179e-05,0.000257295400725792,3.58956797693486
"LOC100342501",37588.6806547375,-1.12437229581674,0.258192855438368,-4.35477695115827,1.33202477937216e-05,0.000257295400725792,3.58956797693486
"C18H10orf54",2327.07305805894,-1.42974730628045,0.328575113276506,-4.3513560477031,1.35298137815758e-05,0.000260768683437034,3.58374456565149
"SLAMF8",463.015686714362,-1.54989195277711,0.356324347764784,-4.34966614686746,1.36344947977161e-05,0.000262342943497497,3.58113061296484
"TREX1",821.502439393928,-2.08201348836628,0.479164454463131,-4.34509168819507,1.39217501227438e-05,0.00026758202520865,3.57254306360558
"OLFML2B",198.172642672874,-1.28640718580635,0.296154504733652,-4.34370291602785,1.40100948667351e-05,0.00026899081175391,3.5702625544687
"NPL",130.323798893912,-1.97581659578433,0.454943034957204,-4.34299779085571,1.40551548014544e-05,0.000269277483468379,3.56979996004659
"LOC103347026",26.6399341260702,1.32149642859772,0.304336045817218,4.34222776683968,1.41045198768338e-05,0.000269933932332339,3.56874251856163
"GRAMD1B",1572.80867840462,-1.03544484890929,0.238702716769657,-4.33780085506305,1.43915461870328e-05,0.00027483855565514,3.56092234245048
"CLCN7",32.9023534667674,-2.01938478770207,0.465753282243819,-4.3357392522785,1.45271067962374e-05,0.000277131306278274,3.55731441115055
"STAT6",5243.69330676373,-1.09416050132028,0.252553646908622,-4.33238844385474,1.47500405018313e-05,0.000280784849808556,3.55162632895693
"LOC100354991",811.853958887158,-1.77793944287697,0.410602802543172,-4.33007137765465,1.49061017777888e-05,0.000283453797104228,3.5475177208908
"GRIP1",148.420466973421,1.39648146217625,0.322896466443829,4.32485829763387,1.52629941198901e-05,0.000289317094266209,3.53862590535595
"MS4A18",1552.52334523438,-3.02724534152582,0.700585818810755,-4.32102000960363,1.55309587626407e-05,0.000293773426330373,3.53198749145943
"LOC103346823",79.4323663131261,1.03599387170606,0.239911731128396,4.31822932056466,1.57285963219604e-05,0.000296257807434186,3.52833019564545
"LOC108177164",263.548083225374,-1.12076620713805,0.259622372685079,-4.31690919217327,1.58229214235285e-05,0.00029772075836376,3.52619088343008
"PEG3",213.305227343908,1.20336809478108,0.278816824930471,4.31598091356633,1.58895709220738e-05,0.000298660441884406,3.52482229667615
"CLN8",401.857660392348,-1.11962075865795,0.259585358475415,-4.31311213095244,1.60972423511687e-05,0.000301928863617147,3.52009536756496
"TNFRSF19",1163.69148091215,1.05620946577708,0.244946548642161,4.31199978783977,1.61784589271405e-05,0.000303134122979703,3.51836517353779
"ITGA3",899.229636940709,-1.48337774045109,0.344072026770699,-4.3112419058689,1.62340184453358e-05,0.000303538786307927,3.51778580671969
"CYP4A6",1872.05840806544,2.72832298344032,0.632929018511459,4.31063026602394,1.6278989670864e-05,0.00030406158867993,3.51703843969799
"LOC100339756",1883.32309678468,1.40258363621519,0.325510846536919,4.30886912413872,1.64091429279077e-05,0.00030617268250141,3.51403356075775
"LOC103351304",24.8672599646928,1.85273477967168,0.430179020171185,4.30689246289697,1.65564048490842e-05,0.000308598265565568,3.51060651915887
"LOC108176710",24.7411950934061,3.02303289375817,0.702204972120656,4.3050576594874,1.66942248364259e-05,0.000310842988490743,3.50745892432003
"SPIN3",34.4141756551347,1.73710136754794,0.403529914044333,4.30476479460479,1.67163241158724e-05,0.000310930586442475,3.50733655402689
"LPCAT2",264.089365362921,-1.66493814988404,0.386829922606012,-4.30405729388156,1.67698264737158e-05,0.000311601505423773,3.50640045281058
"ABCA6",6641.21865187818,-1.85937492148785,0.432185278837222,-4.3022634331517,1.69062135683093e-05,0.000313483991217354,3.50378463251583
"LOC103346420",7.09720073510726,-3.10246767436426,0.722468355874719,-4.29426098615487,1.75276192817887e-05,0.000324669631774066,3.48855833154566
"THEM5",66.4495193535126,-2.2511986761704,0.524274298069269,-4.29393293636714,1.7553551730665e-05,0.000324813392531715,3.48836607246438
"RASSF6",389.342046502852,-1.52127577315499,0.354309510504555,-4.29363516375447,1.75771224068985e-05,0.00032491319857633,3.4882326464499
"LOC108176199",39.4455649302393,1.63515558943853,0.381266205609092,4.28875039377352,1.79681159257507e-05,0.000331143708605833,3.47998349169282
"NOS3",1147.47582529666,-1.24278223977094,0.289778607497909,-4.28873011193522,1.79697564949739e-05,0.000331143708605833,3.47998349169282
"LOC100347496",1644.25786526705,1.14948452411359,0.268094970703534,4.28760196842603,1.80612355009234e-05,0.000332486698845526,3.47822572399557
"LOC100343388",434.661416401163,3.24486272408528,0.756999289738744,4.28648053977058,1.81526096144429e-05,0.000333775941760109,3.47654497004555
"MCP2",1382.33444640987,-2.41919308556002,0.564433336996092,-4.28605634535149,1.81872876796837e-05,0.000333775941760109,3.47654497004555
"TMEM171",572.834546777475,-2.16738767150051,0.506196326479534,-4.28171355287017,1.8545962176163e-05,0.000340009306562988,3.46850919550587
"LOC100350375",15.5770355750044,1.78101587476463,0.416003155363599,4.28125568713048,1.85841678791917e-05,0.000340360656598926,3.46806064720524
"UGT2C1",5859.72677618087,1.92150137153331,0.449079256455197,4.27875780035056,1.87939228263115e-05,0.000343147467334339,3.46451920215516
"MAOB",19005.717101992,1.2729966786338,0.297501450813888,4.27895956524314,1.8776896661568e-05,0.000343147467334339,3.46451920215516
"CA1",316.282550288677,2.32463030876925,0.543394249974038,4.27798105865183,1.88596064565187e-05,0.000343261222283884,3.464375255413
"SMLR1",3533.02887427351,1.39786378995487,0.326773474441571,4.27777619448366,1.88769667974858e-05,0.000343261222283884,3.464375255413
"LOC100353077",144.50770781777,1.39542383747854,0.326187964201734,4.27797463616877,1.88601504715006e-05,0.000343261222283884,3.464375255413
"LOC103349113",810.182731537403,-1.21748965004028,0.284571171776249,-4.27833094420949,1.88299920558763e-05,0.000343261222283884,3.464375255413
"LIMK2",832.352606117309,-1.01773230348246,0.237926426784646,-4.27750846022515,1.88996777421816e-05,0.000343324938660057,3.46429464886358
"LOC103350461",48.0263976312562,1.90044810935765,0.444732684684001,4.27323687870612,1.92655596950414e-05,0.00034855453395634,3.45772926363924
"DOK3",739.502756097473,-1.98505578149054,0.464612750489579,-4.27249527568673,1.93297650200088e-05,0.000349009646194603,3.45716256951304
"USP35",89.9643478193096,-1.75045719711482,0.409965775504851,-4.26976421375473,1.95679721133625e-05,0.000352954088321245,3.45228178323968
"MEDAG",152.95541624232,-1.70306988117159,0.399094315119257,-4.26733685911481,1.97820336719833e-05,0.000356096527579759,3.4484322612606
"REG3G",18887.397088308,-3.78174698247171,0.886386700010864,-4.26647532327072,1.98585448864676e-05,0.000356397078158242,3.44806586508677
"LOC103346716",217.760885597631,2.48327750961689,0.582168372672015,4.26556581598418,1.99396220857548e-05,0.000357304073412635,3.44696203263454
"EVA1C",130.915608402437,-1.96947556981612,0.462378129575978,-4.25944793630749,2.04932424143124e-05,0.000366316708155834,3.43614327217795
"LOC100344154",325.565365783345,1.51935492652603,0.356860885590635,4.25755522074484,2.0667462005053e-05,0.000369061821518803,3.43290087911021
"PCDH9",113.990381793503,1.92471779271718,0.452326942762045,4.25514735196685,2.08911388235754e-05,0.000372312169961525,3.42909276754
"PLEKHH1",347.086525485163,-1.37493986145554,0.323746685625228,-4.24696196904757,2.16688723794604e-05,0.000385126874253161,3.41439617513829
"ITPKA",351.370674715338,1.64053468221905,0.3867286880612,4.24208167861452,2.2145606086197e-05,0.000391933375040367,3.40678775265177
"GJA1",1676.35916245976,-1.55217545697483,0.365934192369406,-4.24167921265998,2.21853636334778e-05,0.000392248639909413,3.40643855361958
"BARD1",860.129570565537,1.12994178506921,0.266668271507035,4.23725619356034,2.26267904983297e-05,0.000399657984345498,3.39831150629587
"ESR1",1661.93909896143,1.68726925061925,0.398224190790929,4.23698331150626,2.26542967069109e-05,0.000399748818989174,3.39821281065175
"PSMB8",4391.88973525122,-1.63036165106928,0.384815367732985,-4.23673737531332,2.26791140644289e-05,0.000399792074853714,3.39816581922594
"SLC25A21",440.841478743405,1.15423195471289,0.272456846005729,4.23638448302604,2.27147695367435e-05,0.000400026113762847,3.39791165693973
"CNTN1",85.8149412565812,1.08187767426405,0.255392171150753,4.23614267183405,2.2739232411253e-05,0.000400062774951917,3.39787185698162
"GSR",6750.56632717026,1.0488355401357,0.247630405300119,4.2354877175303,2.28056169723161e-05,0.000400728844914756,3.39714939543494
"SNTB1",1046.36497551581,1.37331861911289,0.32428117756497,4.2349624773943,2.28589872433037e-05,0.000400985669258149,3.39687114826092
"BRINP2",51.7858187187221,1.99413758007373,0.471010570497223,4.23374273313785,2.29833857869055e-05,0.000402378081235001,3.39536568465679
"FAT3",29.4871406570075,2.11489469652714,0.499665322899258,4.23262251671914,2.30982010489443e-05,0.000403597598973489,3.39405142607156
"BTBD11",1271.19167681165,-1.60862848264199,0.380120314709936,-4.23189295702206,2.31732696760507e-05,0.000404513862753327,3.39306659045687
"LOC100353067",1414.04221561512,-1.25628040018388,0.297425605331888,-4.2238475022419,2.40166590029232e-05,0.00041841888857432,3.37838871845618
"PRDM5",125.168643516514,1.28764604079489,0.304985724251439,4.22198791092698,2.42157100665329e-05,0.000421475966347883,3.3752271849303
"PSAP",50316.1627719327,-1.14660985129597,0.271650860314299,-4.22089534327022,2.43333896940292e-05,0.000422701011448758,3.37396671297985
"GRB14",469.832515604672,1.77232617402661,0.420239222193521,4.21742207872842,2.47111169831862e-05,0.000428774107585292,3.36777144829744
"TMEM150A",3203.37650619591,-1.46980759630778,0.348523507335412,-4.21724091882638,2.47309709046398e-05,0.000428774107585292,3.36777144829744
"PAK5",22.1472371997471,-1.81355437677858,0.430665822118404,-4.21104783253492,2.54188913047122e-05,0.000439422323086781,3.35711788426769
"CRISPLD2",175.941132369955,-2.94681165390274,0.700363413510647,-4.20754653520739,2.58158252644647e-05,0.00044421129347677,3.35241040429206
"DHRS9",296.031640014674,-2.38850888430333,0.567628007468643,-4.20787708301246,2.57781012846481e-05,0.00044421129347677,3.35241040429206
"TRIM2",1927.91811750418,1.26440244431367,0.30075686993509,4.20406837119482,2.6215969080614e-05,0.000450154128065297,3.34663876287422
"LOC100347599",445.304107259246,-1.6372831363494,0.389496618666088,-4.20358754835051,2.6271747007994e-05,0.000450363666657826,3.34643665369513
"LOC100339259",2919.53031443554,1.43332017767374,0.341143036646078,4.20152259816094,2.65125775879384e-05,0.000453504616635788,3.34341828750302
"NWD2",154.595705925298,1.54264426448574,0.367229734186257,4.20076077963588,2.66019558013913e-05,0.000454598432074446,3.342372066505
"ECE1",4251.41301397735,-1.05625320060865,0.251531150191329,-4.19929380438646,2.67748722804721e-05,0.000457116372505672,3.33997322333651
"TRIQK",430.211289036526,1.36423713354519,0.325089904354985,4.19649184816117,2.71081214201825e-05,0.000461923422674702,3.33543001549654
"CRTAM",140.532771092288,1.6038166710827,0.382352313813669,4.19460432993296,2.73348316418809e-05,0.000464458284789563,3.33305328597444
"COL4A3",139.056977480384,1.10667377786844,0.264117049577748,4.19008837043166,2.78845834997603e-05,0.000472452066405891,3.32564224715771
"ITIH2",28682.6788642637,1.79558089836506,0.428557387223126,4.18982603473407,2.79168399575964e-05,0.000472550676365564,3.3255516108885
"SNAI2",360.68117771067,1.18466676257157,0.282970580504051,4.1865368493832,2.83242966644575e-05,0.000478541401585234,3.32008048275195
"CXCL9",956.765398303777,-1.89267342201355,0.45232413239858,-4.1843299670462,2.8600842606353e-05,0.000482757376382021,3.31627108161375
"SELM",601.163653489226,-1.57130928327155,0.376052429917349,-4.17843140547424,2.93526494245129e-05,0.00049404765392012,3.30623115869498
"SH3BP2",924.230654722111,-1.29376069866086,0.309855213260272,-4.17537173264896,2.97499846226054e-05,0.000499324859276124,3.30161681171839
"LOC108177689",35.0972186695512,1.49658011695206,0.358511558168472,4.17442641067876,2.98737761583457e-05,0.000500932222167383,3.30022103167762
"LOC108175445",795.158750239549,1.05746761933257,0.253344412353458,4.17403174401664,2.99256031637406e-05,0.000501330980835861,3.29987545638771
"LOC103348695",13.8528817571525,1.81076109925191,0.43407029643746,4.17158491173744,3.0248829519502e-05,0.000506271374214512,3.29561662796007
"FBXO32",1143.20543347497,-1.42884320788399,0.342721849635915,-4.16910450676518,3.05798756565365e-05,0.000510378410233978,3.29210770520101
"SCARF1",1199.34439521693,-1.23810720205874,0.297366888879598,-4.16356779574085,3.13312938034359e-05,0.000521944899101973,3.28237534235989
"LOC100344518",839.54661116862,2.64382972860281,0.635631350479834,4.15937591279441,3.19118329177183e-05,0.00053048321895804,3.27532834980071
"TUB",2402.97676529777,1.19639894418976,0.287922214545744,4.15528529494443,3.24881901743218e-05,0.000539207427452184,3.26824413412986
"CPT1B",435.825570244377,-1.35925464677979,0.327270102828815,-4.15331139334403,3.27698321207358e-05,0.000542873724891707,3.26530117770459
"FBXO39",9.14775663973,-2.7936055614931,0.672909179860283,-4.15153433049188,3.30253712252336e-05,0.000546600472825047,3.26232999696604
"MAP2K6",766.10317483964,1.36307862350189,0.328611214018637,4.14799789341511,3.35395484548312e-05,0.00055306220353331,3.25722602035528
"THBD",1544.39744100385,-1.48801302200712,0.359036133529254,-4.14446592709278,3.40606593356113e-05,0.000561137590436915,3.25093063706646
"MRC1",1500.96504305311,-1.50808581580128,0.364029351037397,-4.14275885036082,3.43152715726613e-05,0.000564292069329642,3.24849605334608
"SCNN1A",216.570422278253,-1.19160127620341,0.287822910999713,-4.1400501164572,3.47229953492356e-05,0.000569948155984927,3.24416464712343
"LOC100348666",210.001523445465,-2.23028821071432,0.538771956183742,-4.13957739469592,3.47946201994685e-05,0.000570105425991978,3.24404482556812
"TNFRSF9",433.651123227571,-1.07112093847727,0.258751996306767,-4.13956589230479,3.47963647416642e-05,0.000570105425991978,3.24404482556812
"C5H16orf86",9.79990092016851,-2.54561963944305,0.615343313729786,-4.1369095635626,3.52014765897308e-05,0.000575687460239194,3.23981323034725
"NKG7",208.919538847924,-2.92527940736368,0.707531859415767,-4.13448436057591,3.5575247734439e-05,0.00058073749155534,3.23602013565084
"SLC51B",4076.88547484241,-3.50572113360977,0.848400755532975,-4.13215230036828,3.59382157524622e-05,0.0005861273782621,3.23200799206242
"LOC108178822",180.7129715228,1.12679527826673,0.272804213142628,4.13041743485692,3.62105128626277e-05,0.000590030006763419,3.22912590117075
"LOC100348001",848.825325391804,1.70919947075231,0.413968681113262,4.12881347969576,3.64640046862014e-05,0.000592540076150772,3.22728227103509
"IGF2R",3336.21473103343,-1.00666570832571,0.24380913895043,-4.12890883688481,3.64488872857866e-05,0.000592540076150772,3.22728227103509
"LOC100348995",539.231124711083,-1.47953682516381,0.358535127218561,-4.12661609098597,3.68140201944225e-05,0.000596600735245061,3.22431621575325
"PTPRD",464.74560084008,1.26492022173642,0.306678036637718,4.124586930334,3.71400700422361e-05,0.000600795250683231,3.22127350911011
"PSMB10",3989.42266865396,-1.21447167188918,0.29459701276034,-4.12248468003706,3.74807545067595e-05,0.000605758125504815,3.21770075162176
"CTHRC1",22.7453646303773,1.67879001579145,0.407365311632355,4.12109221834417,3.77080438100737e-05,0.000608331482946812,3.21585970693628
"DEPDC4",368.059899212053,1.02444417790359,0.248690478850878,4.11935423759378,3.79935676257246e-05,0.000610635758317563,3.21421776737229
"HSH2D",688.466423311559,-2.44123698954147,0.594107864462042,-4.10908041379318,3.97237747925685e-05,0.000635687085422705,3.19675661157824
"ADGRG3",56.1126068033145,-1.57639209989962,0.383805237501662,-4.10727094335912,4.00361490128085e-05,0.0006389697889321,3.19451967519098
"SAT1",9723.27572400671,-1.28844955877026,0.313803781899925,-4.10590831942604,4.02729200143441e-05,0.000641602892385384,3.19273368689319
"MEP1A",133.334358772832,-3.74343678458347,0.912380010486712,-4.10293599328916,4.07940134043159e-05,0.00064874821138981,3.18792382649933
"TMSB10",39704.249763525,-1.07802246041673,0.262895954541799,-4.10056694214111,4.12139189815541e-05,0.000654843379373582,3.18386255895075
"SPECC1",555.296673099731,-1.52988431748825,0.373144905075553,-4.09997375464228,4.13196994854373e-05,0.000655941055330543,3.18313518576895
"EPM2A",399.03668920971,1.04225991426035,0.254419059878918,4.09662670224621,4.19214086866451e-05,0.000663724694662339,3.17801202361746
"LOC100342859",60770.1015663148,-2.32438651366894,0.567448505271744,-4.09620695459549,4.1997451941802e-05,0.000663752832413537,3.17799361265406
"LRRK1",3233.87857498145,-1.65809574451484,0.405077176389502,-4.09328355473797,4.25307085466277e-05,0.000670405921018119,3.1736621586765
"LOC100343752",255.161513779126,1.40156031323836,0.342429163236278,4.09299342378521,4.25839802351437e-05,0.000670405921018119,3.1736621586765
"B4GALNT3",670.154199721323,-1.61367311440952,0.394401951227803,-4.09144303010175,4.28697266230754e-05,0.000673963380288015,3.17136370015741
"TLR1",587.889683915579,-1.72546527381243,0.422033372212436,-4.08845695013875,4.3425211322998e-05,0.000681497499910966,3.16653573304554
"TMEM79",567.76730603375,-2.28417924355014,0.559310473203414,-4.08392002829423,4.42822758907583e-05,0.000693122313088708,3.15919012006025
"LOC103350994",168.50356249443,-2.2726498869056,0.556993099481721,-4.08021192546243,4.49946599955705e-05,0.000703041562430788,3.15301899958788
"PML",2857.54989469033,-2.32871068665943,0.571286964985542,-4.07625384331737,4.57670559252446e-05,0.00071261857549107,3.14714286128878
"LOC100008606",3918.21857653571,-3.11213923555921,0.764924542463287,-4.0685571749825,4.73051539876677e-05,0.000732737978795112,3.13505129781041
"LOC108177740",51.2690025891483,1.23558234073961,0.303948604688932,4.06510285514924,4.80112839609544e-05,0.000742389014534654,3.12936846319313
"PLA2G5",488.716680450155,-2.20984597393437,0.544147816544798,-4.06111337166864,4.88392461505816e-05,0.00075453891524775,3.12231835662858
"SLC45A4",712.174553083553,-1.8185568637009,0.447988680706306,-4.05938127908441,4.9202916285241e-05,0.000758845667470822,3.11984654107569
"RAP1GAP2",353.910389326041,-2.05025128219177,0.505106927829188,-4.0590440740997,4.92740137181956e-05,0.000759287064838575,3.11959399866954
"EFHB",32.9826873792312,-3.53078524998882,0.869967161223054,-4.05852704258977,4.93832155474589e-05,0.000759660049837202,3.11938071233662
"IL34",182.421294996149,-1.85093007876108,0.456050243991096,-4.05860999560658,4.93656796668279e-05,0.000759660049837202,3.11938071233662
"CXCL8",307.870331977174,-2.57638759343415,0.634858344112105,-4.05820860248346,4.94505871571708e-05,0.000760042343451786,3.11916221164659
"LOC108177454",167.82795280004,4.3752851480336,1.07879758603276,4.05570535629724,4.99832356078196e-05,0.0007675690176029,3.11488256358176
"P2RY11",15.0351395539292,-2.94017546119989,0.726736152230118,-4.04572615821772,5.21611800616707e-05,0.000798955521510166,3.09747739753254
"MMP9",99.3486787185833,-2.58525615853152,0.639719015914614,-4.0412370028353,5.3169988371021e-05,0.000810241723897699,3.09138539631416
"LOC100341224",155.369645465573,-1.08997966635957,0.26970184929637,-4.04142451823463,5.31274822638985e-05,0.000810241723897699,3.09138539631416
"LOC108177629",45.8393755001678,2.98896585581858,0.740142315712146,4.03836639571495,5.38247355195212e-05,0.000819520568493562,3.08644014194564
"OPCML",12.9247796541389,2.27426645707073,0.563667233212061,4.03476789685079,5.46562985259704e-05,0.000830060608455158,3.08089019562798
"GXYLT2",12.7872558207296,1.89041605763037,0.468707406158388,4.03325407875367,5.50097454533718e-05,0.000834719185041614,3.07845960463467
"GPR34",227.853491506904,-1.25336935415872,0.310846002438725,-4.03212312310752,5.5275213457741e-05,0.000838035997079831,3.07673732624159
"CYP2C2",39805.6575247171,3.10750577566323,0.770737739832306,4.0318588477831,5.53374212190973e-05,0.000838268139229969,3.0766170401273
"NOX5",12.1274225406836,-1.98394089777916,0.492285296148744,-4.03006328505029,5.57618380937907e-05,0.000842555245922661,3.07440161305278
"LOC103347748",237.563933232235,-1.86869025447674,0.463878447865864,-4.02840499073389,5.61565462456727e-05,0.000847802587957263,3.07170526206145
"SLC17A1",4772.23000893598,1.62020507626466,0.402306201975804,4.02729331118317,5.64226290562463e-05,0.00085110083913958,3.07001898129331
"NEURL1",354.025017333942,-1.69446407476368,0.420986158403915,-4.02498761761646,5.69783134982032e-05,0.000857312587357224,3.06686079976603
"TFEC",500.149187469025,-2.02490858106283,0.503366127811828,-4.02273508125243,5.75261896118954e-05,0.000864101377573639,3.06343530250025
"LOC103350602",174.831278674434,1.35474206392054,0.336903683124954,4.0211553977523,5.79133827134727e-05,0.000869186999163161,3.0608867782488
"TBXAS1",527.010882575963,-1.49200194977775,0.371375999769696,-4.01749695915459,5.88195941352392e-05,0.000880569719570687,3.05523625284136
"SYN1",33.2460261894335,-1.98457065173158,0.494080444852761,-4.0166954033629,5.90199285503086e-05,0.000882091323442112,3.05448644977314
"LOC100350480",306.895705710297,-1.11384792664125,0.27729988150186,-4.01676308193367,5.90029885683802e-05,0.000882091323442112,3.05448644977314
"PKM",5373.4610897736,-2.00089191480699,0.49876851664621,-4.01166442553606,6.0292162075091e-05,0.000898101997576876,3.04667433764305
"LOC100345907",155.070103439547,-3.42985109143372,0.855207796012034,-4.01054703596909,6.05782303826087e-05,0.000900861787095783,3.04534183466579
"CKB",1304.80346974348,-2.28191039768527,0.569089439422448,-4.00975706033327,6.07812508296065e-05,0.00090237945064719,3.04461080317916
"WDR66",72.9929735813598,1.23761369217839,0.308744410179269,4.00853797307547,6.10958158078106e-05,0.000905151177677722,3.04327887919475
"ZNF565",179.4594155549,1.03970712789869,0.259439787770006,4.00750839659333,6.13626806926127e-05,0.000907243934971424,3.04227592642556
"CD300LF",88.877518645873,-1.77714612843934,0.444686024581998,-3.99640652100511,6.43112596717513e-05,0.000946436047113238,3.0239087269978
"ARFGAP3",835.837124098945,-1.1806629173933,0.295442181455499,-3.99625710714952,6.43518427004207e-05,0.000946436047113238,3.0239087269978
"LOC103347342",4.87863784812876,2.3449300469917,0.586945221648078,3.99514292050525,6.46552376288159e-05,0.000948860732853107,3.02279752560413
"LOC103347141",87.2146171345929,3.63709480128778,0.911383196246519,3.99074156322714,6.58670233574284e-05,0.000965851552513563,3.01508961776498
"MMP19",1745.9489345686,-1.04777541393682,0.262651695062938,-3.98922007217865,6.6290898098083e-05,0.00097095628155929,3.0128003242681
"MCOLN2",516.417444082854,-2.3092855071669,0.57896475462301,-3.98864609413155,6.64514731923504e-05,0.000971234736969144,3.0126757931096
"LOC108176210",14.8762375203301,-2.42010995359122,0.607144031515036,-3.98605574290536,6.71807352713102e-05,0.000981091211580613,3.00829061459283
"SGCG",207.936488015431,-1.28221989458412,0.322221685817447,-3.97930974549786,6.91156447389624e-05,0.00100688031761121,2.99702214860234
"AKR1B10",58773.2698712309,1.37377862509417,0.345322078649024,3.97825308612962,6.94234543697535e-05,0.00101006049900443,2.99565261275508
"HYOU1",3788.16726125842,-1.03330520807056,0.259952370216129,-3.97497898253995,7.03854716353576e-05,0.00102204736432333,2.99052897740325
"LOC103347446",11.5593463786444,-4.77808481843037,1.20223686757094,-3.97432897569035,7.05779550439116e-05,0.00102394823614314,2.98972199777974
"LOC100349495",9.45783569807683,-2.54294606957143,0.639871636756799,-3.97415031936781,7.06309468623492e-05,0.00102394823614314,2.98972199777974
"LTB4R2",27.9128587271685,1.66845455173045,0.419904901219527,3.97341051958377,7.08507821206652e-05,0.00102537016364537,2.98911932386919
"LOC100348219",38.6587935204044,2.44308228537708,0.615200101277557,3.97119941999951,7.15116862368816e-05,0.00103252939538308,2.9860975754382
"BTBD19",203.876098615219,-1.20038120825393,0.302401279317886,-3.96949778440615,7.20242765300562e-05,0.00103909115655751,2.98334635133276
"LOC100346285",225.90388225421,-3.38566979696167,0.853087817647056,-3.96872364945951,7.22586206331315e-05,0.00104163132565905,2.98228596775793
"SERPINB9",2559.73775574481,-1.4761529386806,0.372330276955996,-3.96463309604838,7.35089234955866e-05,0.00105880097299243,2.97518566827261
"GLT8D2",60.7396125993332,1.03976898057241,0.26231913540838,3.96375574718824,7.37797424122772e-05,0.00106184613173869,2.97393841072933
"GFRA2",333.768318295948,-1.4985066575217,0.378096127461104,-3.96329543913633,7.39222068538556e-05,0.0010621860510552,2.97379940616442
"TNFAIP6",49.4504821604437,-2.67586644449518,0.675247890511181,-3.96279126835846,7.40785452440469e-05,0.00106331176488606,2.97333938089693
"GRIK4",42.8062716106885,1.38083963898405,0.348627480077364,3.96078828518519,7.47027448509941e-05,0.00106996118927205,2.97063197520328
"LOC108175634",77.698351792358,1.59924850799171,0.40380843608075,3.96041381283055,7.48199940596715e-05,0.00107078254108617,2.97029871851961
"SMOX",1088.17765975789,-1.65582641606723,0.418117850209643,-3.96019068603983,7.48899389171623e-05,0.00107092612651542,2.97024048617397
"TRIM14",4808.48387680544,-1.00694127053752,0.254309205771273,-3.95951561204263,7.51019350502719e-05,0.00107224208388467,2.96970715137277
"SH2B2",578.730595683222,-2.29910771974916,0.580937980206885,-3.95757860233272,7.57133765575795e-05,0.00107693668284628,2.9678098297557
"FES",2000.54723183813,-2.0363469411801,0.514581135699506,-3.95729030838248,7.58047816198728e-05,0.00107711484217427,2.96773798967916
"LOC100341160",5610.02760642517,-1.5707528450917,0.397307081848963,-3.95349823059238,7.70168337350111e-05,0.00109259992302645,2.96153883441744
"TMEM139",1363.66550621871,1.2785186632143,0.323405944988732,3.95329363304947,7.7082746959679e-05,0.00109266780484081,2.9615118531034
"LOC100345312",319.496078620857,-2.80602965613614,0.70985584829466,-3.95295701638196,7.71913075959735e-05,0.00109333963809669,2.96124490663355
"LOC108177749",11.1259436626388,-2.79171656192226,0.706420153628694,-3.95192088954704,7.75263719398954e-05,0.00109634802090635,2.96005156303465
"PLCD3",364.204658034117,-1.70626524145084,0.43196022568755,-3.95005174084022,7.81343008743148e-05,0.00110407164278923,2.9570027444886
"CTGF",635.603311362091,-1.44240239695324,0.365201542624662,-3.94960652845785,7.82797665834125e-05,0.00110438107946211,2.9568810424127
"CLDN11",53.657423820246,1.68310029968283,0.426817227342708,3.94337480274994,8.03429425293631e-05,0.00113170220465907,2.94626783806632
"LOC100358736",147.635556976586,1.11790486457244,0.283657045732908,3.94104388164948,8.11277816538624e-05,0.00114006218322546,2.94307145998355
"CEP68",618.109681214263,1.12256565529031,0.285168992581544,3.93649269202825,8.26811369490295e-05,0.00115824868570839,2.93619818392854
"LOC103346435",26.6971168691594,1.27288552963387,0.323922981169251,3.92959315525928,8.50897078382479e-05,0.00118826447469428,2.92508688669736
"LOC103350109",8.62578395638238,-1.7148337709245,0.436621236653223,-3.9275088497046,8.58302636941943e-05,0.00119673632100914,2.92200152791052
"LOC108176804",92.0922363150574,-1.20214844867514,0.306134257856024,-3.92686678418236,8.60596144364406e-05,0.00119879336139552,2.92125567072912
"EVI2A",627.292891239794,-2.02993886594425,0.51729371362137,-3.9241514298201,8.70359781971543e-05,0.00120923618785634,2.91748886451179
"GLMP",2066.07481077062,-1.12908257990036,0.287732443830352,-3.92407114355886,8.70650055256566e-05,0.00120923618785634,2.91748886451179
"BATF",511.307670293073,-2.26866265634751,0.57835038942424,-3.92264395050552,8.75825331072059e-05,0.0012135951777452,2.91592615789932
"BIRC3",7056.15035128063,-1.64841098881349,0.420504392357514,-3.92008031015286,8.85194653108769e-05,0.001225627763309,2.91164140982363
"SLC16A4",40.247306971673,2.16001602264019,0.551078267737302,3.91961750099329,8.86896137317387e-05,0.00122608418055285,2.91147971098031
"PLA2G15",3664.10511422671,-1.08745342507922,0.277433789568284,-3.91968630342904,8.86642994796819e-05,0.00122608418055285,2.91147971098031
"LGALS1",3332.91783129846,-1.4159376431126,0.361366924401901,-3.91828235374922,8.91822039293087e-05,0.00123098988049142,2.90974551722693
"LRAT",2212.12108045181,1.25208524394436,0.319951463923737,3.91335994712873,9.10207007963083e-05,0.00125170570132167,2.90249776962107
"MYPN",707.389276486338,1.68974025852808,0.431860021909367,3.91270359098601,9.12685347331875e-05,0.00125397775430878,2.90171016786466
"ARL14",801.589493698578,1.52720112792262,0.390387488448154,3.91201350738331,9.15297911213081e-05,0.0012566013950026,2.90080246249244
"SELE",42.4461516993378,-1.69173283407239,0.432641324509794,-3.91024328521834,9.220320725267e-05,0.00126449849020141,2.89808168486255
"NRROS",1163.81405436359,-1.47740170914179,0.378000499156372,-3.90846496880051,9.28844122781897e-05,0.00127129316192392,2.89575428900161
"RGS1",302.65402724017,-1.45904882927384,0.373396942278443,-3.90750074269709,9.32557549548431e-05,0.00127411024564973,2.89479299193329
"LOC108177035",112.494833574072,-1.14997946172058,0.294563809855479,-3.90400797126024,9.46126623725003e-05,0.00128804367091275,2.89006941204227
"CMBL",13999.6645127976,1.88708297738994,0.483449094052711,3.90337473087536,9.48606580178733e-05,0.00129043703353842,2.88926318186321
"LOC100348543",823.003815904676,1.28005056533861,0.328244034391628,3.89969178788298,9.63152177073083e-05,0.00130922776921531,2.8829847917164
"HLX",284.749655370224,-1.25963858214715,0.32305893595303,-3.89909840577911,9.65515317530972e-05,0.00131050754066421,2.88256047577848
"LOC100350425",647.511994401102,1.11468973375543,0.285884791496305,3.89908720894598,9.65559961429237e-05,0.00131050754066421,2.88256047577848
"EFNB3",34.4678485434468,2.14978399054827,0.551384518529732,3.89888348022659,9.66372606939061e-05,0.00131061535273412,2.88252474896293
"SERTAD4",238.210420078069,2.1899151530349,0.56187669994532,3.89750127251764,9.71903118168106e-05,0.00131611880585264,2.88070490525296
"LOC100352880",2043.31375933461,-1.46677611791637,0.376455147178273,-3.89628387049723,9.76798944803267e-05,0.00132074743860502,2.87918022289034
"LOC100346985",850.152989416176,-1.47754981226927,0.379455471745187,-3.89386877325485,9.86580341047464e-05,0.00133131338528199,2.87571970149108
"HMGB3",561.654001311746,1.04179271486329,0.267551463922772,3.89380308217638,9.86847684195038e-05,0.00133131338528199,2.87571970149108
"LOC103346701",4.94208957495197,2.43701690674892,0.626104771918329,3.89234680208892,9.92791904182482e-05,0.00133530137601669,2.87442070346082
"EHD4",1747.6195664295,-1.23520094450412,0.317475506749303,-3.89069681989516,9.99567613904058e-05,0.00134138671910924,2.87244599786575
"LOC103352485",19.7914731889571,-1.38768505681501,0.356715609715298,-3.89017194375809,0.000100173217230397,0.00134328301424857,2.87183247684914
"PTCH2",169.094102919423,-1.40419653285317,0.361233470801214,-3.88722708817285,0.000101395887050748,0.00135561068140025,2.86786501784077
"PLAT",658.773386342444,-2.13021581820831,0.548221846405488,-3.88568210511025,0.000102042966374774,0.00136019241159514,2.86639965237732
"P2RY12",51.5544588451013,-2.01604136797496,0.518768343915928,-3.88620738258015,0.000101822530364616,0.00136019241159514,2.86639965237732
"LOC108176193",57.8767885160127,1.04407741224814,0.268693911082975,3.88575017587847,0.000102014374664082,0.00136019241159514,2.86639965237732
"FAM3B",326.849686101838,-3.18835063945796,0.820908536817699,-3.88392920338944,0.000102781846772717,0.00136800112513948,2.8639135454217
"MYO15B",5044.85004357489,-1.78964721896533,0.460805473880199,-3.88373689204613,0.000102863216232464,0.00136806546886554,2.86389311892679
"PPP1R15A",538.959180487301,-1.50052396559036,0.386686353759461,-3.88046785463695,0.000104255724102322,0.00138555469764238,2.85837632486885
"LOC103346900",175.343557054622,-2.10256873480744,0.542246725237217,-3.87751301566206,0.000105529683638438,0.00139936431382573,2.85406920553191
"SYPL2",13.7196688237163,2.24800712981827,0.579875770040564,3.87670471152987,0.000105880729237602,0.00140285967461093,2.85298576845134
"ASGR1",7620.23547261523,-1.9253991430688,0.496749396934246,-3.87599694121756,0.000106189017720672,0.00140394134005696,2.85265103766332
"CD44",8195.25652373038,-1.40475879900039,0.362561239607767,-3.87454213395817,0.000106825360176563,0.00141026832581689,2.85069824810004
"CSF1",1368.70033063745,-1.55927254969156,0.402641594860119,-3.87260672915143,0.000107677498154564,0.00141942129757583,2.84788868272678
"ADGRG1",5459.80852420948,-1.51457714645476,0.391357051270809,-3.87006479514462,0.000108806430785257,0.00143111680196266,2.84432491943536
"LOC100353245",7957.80285833856,-2.21592050678651,0.572928126768261,-3.86771115477598,0.000109861686679871,0.00143866494461735,2.84204033854912
"RPRM",13.8855543394719,-3.06945715521264,0.794474960771062,-3.86350395767494,0.000111772081579421,0.00146047219169017,2.83550670785201
"AIFM2",1917.75363019252,-1.58499466357657,0.410298998398445,-3.86302347742357,0.000111992239896802,0.00146121261909148,2.83528658585915
"ADAMTS15",122.093154704579,-1.32932331342051,0.34410165752474,-3.86317032874197,0.000111924908561605,0.00146121261909148,2.83528658585915
"SMPDL3A",2084.46631067773,-1.02861691467367,0.266383597160733,-3.8614123603602,0.000112733450537652,0.00146981066984721,2.83273860425604
"TNFRSF1B",2151.04479533587,-1.47596003933506,0.382324536514611,-3.86048997218535,0.000113159884967095,0.00147041539761094,2.83255995817338
"DPT",513.131408131206,1.24779801420982,0.323206910512649,3.86067863533811,0.000113072539466242,0.00147041539761094,2.83255995817338
"SLC30A10",7628.90066500374,1.48340430417351,0.384572496017579,3.85728131765746,0.000114655178265832,0.00148727235958036,2.82760949319179
"SLA",6439.12317721834,-1.57781194174439,0.409156337509208,-3.85625688055944,0.000115136496739866,0.00149135136175733,2.82642002489352
"TSPAN2",327.950360817658,1.57277060134156,0.407947803700268,3.85532312486017,0.000115576869256609,0.00149380805347931,2.82570520350474
"EPYC",35.9884798947364,3.23244234747554,0.838800746043899,3.85364743977751,0.000116371132158372,0.00150190179590678,2.82335846339717
"LOC108178854",40.8367714897062,1.41875143894653,0.368259128461638,3.85259000876152,0.000116874993087376,0.00150731637910307,2.82179558160864
"CHEK1",499.77857510761,1.02729909737556,0.26668004596317,3.85217834227252,0.000117071706052222,0.0015087647769888,2.82137846335142
"CFAP70",17.048413269627,1.63319647577108,0.424011533905649,3.85177370230335,0.000117265365673644,0.00151017176615013,2.82097365346928
"LOC100346672",3587.38128844287,-1.01590144128363,0.263851071159434,-3.85028355890119,0.000117981152279816,0.00151738325715044,2.81890471226305
"CFAP45",29.7261085749305,-1.05912297487207,0.275229133527442,-3.84814994436798,0.000119013204484752,0.00152937529127602,2.8154859305909
"SERPINA3",20093.9804044996,-3.03625218320782,0.789576559811192,-3.84541833908274,0.000120346939852124,0.00154188906485186,2.81194687158714
"LOC103350214",80.5142763311522,-1.4562841861573,0.378725523867313,-3.84522324053213,0.000120442736029164,0.00154188906485186,2.81194687158714
"LOC103351752",21.8184077424989,1.68713275971263,0.438800715866064,3.84487239584996,0.000120615186705199,0.00154220061684938,2.811859127502
"TNFSF18",11.604365054983,-3.01721682433236,0.786031821778922,-3.83854284360128,0.000123766620980651,0.00157685555953609,2.80220808635999
"GCA",387.993452435113,-1.56097668030728,0.406863749218807,-3.83660791433106,0.000124745393959749,0.00158819367309866,2.79909653841437
"LOC108176477",29.8307557665215,1.17713986992285,0.30713203363276,3.83268347492001,0.000126752998890642,0.00161059350202431,2.79301405741091
"LOC100350827",589.221365550994,1.07869408058201,0.281449318602876,3.83264058316676,0.000126775108103396,0.00161059350202431,2.79301405741091
"PDCD4",3125.38414584756,1.26803053878058,0.331111414912357,3.82961891880478,0.000128341851723617,0.00162702879401394,2.78860476115613
"LOC100342469",7607.03809601184,1.98974789257274,0.519734604791203,3.82839217213965,0.00012898311750456,0.00163168664217552,2.78736324180819
"DAB2",2397.62280226001,-1.03065229484464,0.269306504820245,-3.82706052916389,0.000129682633881526,0.00163937558743443,2.7853215364456
"LOC108175976",80.7880701550398,-2.88425328290682,0.754155861983402,-3.82447903450798,0.000131048896581801,0.00165430722203369,2.78138383429738
"LOC103348754",14.9496342759643,-2.00415661987591,0.524963593548653,-3.81770592190631,0.000134698347799969,0.00168963716977155,2.77220654513994
"HPSE",496.55081442823,-1.09368818693609,0.286591298244362,-3.81619467735394,0.000135525591407886,0.00169763135698386,2.7701566115063
"HLF",1401.49632322745,1.65430120566569,0.433530797022408,3.81587932628505,0.000135698814671838,0.00169861086292654,2.76990610284988
"SOX5",161.70307033306,1.25558243303731,0.329361732990566,3.81216852861674,0.000137752897215845,0.00171830637664566,2.76489939823254
"SST",638.521311024037,-1.28389810718878,0.33687144735619,-3.81124051107618,0.0001382711532386,0.00172356824556484,2.76357151580379
"HAS1",7.28939693787896,-2.75889717460099,0.724128944387758,-3.80995290408341,0.000138993266469944,0.00173015643325227,2.76191462806958
"ERC2",106.231190593511,2.32108249553206,0.609278897950112,3.80955667977543,0.00013921618998094,0.00173172539729248,2.76152097369027
"CEBPE",37.9633144059131,-2.60175648117819,0.683186329232333,-3.80826777389072,0.000139943685377716,0.00173835536909428,2.75986143671336
"LOC108178653",37.2877895831107,-2.24720006509315,0.590314235468494,-3.80678616586248,0.0001407843708775,0.00174613197489142,2.75792293485666
"LOC103348916",238.340272195386,-1.14484438960335,0.300875548161752,-3.80504297074975,0.000141779574899229,0.00175627851789585,2.75540661075697
"IRF1",5448.51922533836,-1.24026044784792,0.325980309886387,-3.80470970249763,0.000141970593297191,0.00175742683877236,2.75512274549949
"LOC108175681",22.1724139178262,1.405693685118,0.36994863495978,3.79969961308499,0.000144871582062028,0.00178591691679914,2.7481387489273
"LOC108177085",6.65213921090941,1.84941747044712,0.486883982319734,3.79847671643595,0.000145588102626094,0.00179136237072041,2.74681655279663
"RBP1",348.406154188716,1.12868384424346,0.297144621395747,3.79843269227559,0.000145613959421357,0.00179136237072041,2.74681655279663
"SMC2",2441.23322568647,1.25954870579018,0.331699306204132,3.79726059787125,0.000146303960141765,0.00179568857207842,2.74576898122972
"CCNB1IP1",130.151393045606,1.16656009212711,0.307219516440408,3.79715489967381,0.000146366334759657,0.00179568857207842,2.74576898122972
"CACNA1G",19.3768707157735,1.03942057606504,0.273737724158375,3.79714041702075,0.000146374883212816,0.00179568857207842,2.74576898122972
"PTPRQ",62.830648174459,2.10370267969318,0.554093010960674,3.79665983522482,0.000146658815622665,0.0017967966615868,2.74550106799256
"APOLD1",105.620941098552,-1.07688172953938,0.283691319412489,-3.79596292114103,0.000147071480692549,0.00180015083391617,2.74469110401168
"LOC100349957",781.145293401499,1.06845482473968,0.281479172582343,3.79585748720758,0.000147134006621064,0.00180015083391617,2.74469110401168
"PGER8",4407.04814707989,1.38720287783588,0.365599861048546,3.79432003572801,0.000148048616245098,0.00180886467216755,2.74259392309558
"LOC103348341",32.6799918839778,3.27005691931945,0.862201152657456,3.79268446723895,0.000149027469242619,0.0018183385752299,2.74032524781172
"TESC",610.737546234843,-1.74224028348817,0.459500675769564,-3.79159460553631,0.000149683107726696,0.00182509246290225,2.73871512840695
"DPEP1",51.108642023221,-1.9443503315904,0.512999432159088,-3.79016078713207,0.000150549800531881,0.00183315918563173,2.73679982066806
"PLCD4",89.6835767174003,-1.36390426347395,0.359874342149225,-3.78994583311637,0.000150680139177551,0.00183349726875338,2.73671973264432
"PLCB2",1097.77171695376,-1.32184604111619,0.348804239175349,-3.78965016090782,0.000150859595344541,0.00183443215427461,2.73649834581538
"LOC103348693",35.0446530744163,1.60132777329358,0.422574272308758,3.78945874897834,0.000150975878739052,0.00183459811859997,2.73645905620184
"SOD1",15947.7814080207,1.09886885122993,0.290072266967384,3.7882589146431,0.000151706706547631,0.00184222648066502,2.73465697932009
"CLDN5",2456.27159610462,-1.72177213775593,0.454709243737794,-3.78653427760263,0.000152763031342609,0.00185040576675904,2.73273302676374
"LOC100349505",57.7883961822091,2.90807742424297,0.768139037648739,3.78587375684557,0.00015316942499966,0.00185118557935694,2.73255004151144
"LGALS3",6247.47628312686,-1.17293944119055,0.310071690570307,-3.78280080659152,0.00015507351257683,0.00187040420871177,2.72806452894836
"ARHGAP28",345.652331073169,1.3054397104218,0.345186361714129,3.78184034832441,0.000155673195164433,0.00187510671399208,2.72697401114741
"BAG3",2709.8474577556,-1.13102949083668,0.299222490828201,-3.77989464530614,0.000156894732125477,0.00188727680803695,2.72416439692756
"HP",219024.263579829,-1.47463536998031,0.39023256109488,-3.77886295762433,0.000157546092929618,0.00189163525480847,2.72316260054258
"KHDRBS2",66.9778620108338,2.57429952656972,0.681353757370158,3.77821285745282,0.000157957842885465,0.00189369311977041,2.72269039871644
"EFHD2",8019.42502309016,-1.09450364962751,0.28988652589139,-3.77562788150277,0.000159605114059983,0.00191087837496464,2.71876695436973
"LOC103348543",11.6248381935435,2.7060810964974,0.717044733137104,3.7739362294151,0.000160691852921077,0.0019187487447991,2.71698189128402
"LOC103350395",36.8938870447475,-1.51547363610083,0.401620576320006,-3.77339639813005,0.000161040110375879,0.0019216234799525,2.71633170334692
"ENKD1",84.5827645671295,-1.88212037109806,0.498838589216833,-3.77300475902026,0.000161293210076655,0.00192207742008014,2.71622912320419
"GGH",2687.34078007615,-1.38513442749118,0.367144709326729,-3.77272065293066,0.000161477049962858,0.0019229861879321,2.71602383512003
"STMN1",7111.0336121518,1.13300858333202,0.300422280163588,3.7713866718376,0.000162342884257415,0.00193072458822441,2.71427967254115
"CD244",516.806183266424,-1.42409862456432,0.377776366055287,-3.76968691671915,0.000163452457917611,0.00194140601826792,2.71188362841721
"LOC103345386",25.3015491799309,-1.1371950563372,0.301669010020465,-3.76967808612512,0.000163458240978642,0.00194140601826792,2.71188362841721
"GIMAP1",1115.94453755397,-1.410378592001,0.374780009631357,-3.76321723612815,0.000167741369716663,0.00198568012164593,2.70209071182909
"BHLHA15",322.631144015952,-2.39602356885263,0.637027414077931,-3.76125660513491,0.00016906188109123,0.00199850028998748,2.69929578438664
"PADI4",75.4942047743741,-2.42701051324412,0.645847689777079,-3.75786822754112,0.000171367079267102,0.00202324078064693,2.69395242989169
"PVR",471.402696682675,-2.90185098245748,0.772548038868688,-3.756207816807,0.000172507461028614,0.00203536030751582,2.69135869910963
"GAREM2",34.9965421663072,-2.12296480627834,0.565239786319959,-3.75586584253044,0.000172743216039593,0.0020367974846357,2.69105215002659
"MNDA",6336.19503295138,-1.28158225495482,0.341432492534114,-3.75354508717936,0.000174351154689199,0.00204797961172286,2.68867437121199
"WDFY4",1430.82138378261,-1.33470542646351,0.355639399492072,-3.75297401910406,0.000174748972401584,0.0020496311559569,2.68832428594184
"LOC100349113",435.209964475025,-2.87235619852257,0.765798431229646,-3.75079927221895,0.000176271774441981,0.00206478241687446,2.68512570678214
"PSMB9",3799.79167237712,-1.65892060751382,0.442359318741444,-3.75016539096228,0.000176717974284866,0.00206729960100915,2.6845965791849
"PDE6A",10.6639270556006,-1.50256459097459,0.400654912265648,-3.75027123086496,0.000176643397978852,0.00206729960100915,2.6845965791849
"FBN3",11.8672444668402,3.4068686249081,0.908827668272404,3.74864096224561,0.000177795398092386,0.0020744730684735,2.68309219895951
"LOC100350716",5297.83131077732,-1.90211632862138,0.507393897947114,-3.74879622383563,0.000177685381657083,0.0020744730684735,2.68309219895951
"CD1C",5675.60385201206,-1.76772918629782,0.471612281488111,-3.74826792194636,0.000178059991703111,0.00207620505655127,2.68272975557753
"VASH1",1294.29830051506,-1.27199846013579,0.339456317927775,-3.74716389991135,0.000178845234134762,0.0020840016689432,2.68110193757379
"LOC100349258",341.560415621279,1.2717457796617,0.339528500197056,3.74562305940033,0.000179946611137471,0.00209546949451615,2.67871865716836
"SUN3",89.566134862535,1.63048554066428,0.43566408691674,3.74252914029125,0.000182177398956611,0.00211868640621302,2.67393331989603
"P2RY6",203.605367998035,-2.1511246911593,0.575122219846425,-3.7402913970768,0.000183807038910916,0.00213209008470644,2.67119444952146
"IGF1",18618.778827779,1.42069819633123,0.379979960569359,3.7388766349743,0.000184844402095639,0.00214273261184147,2.66903202048734
"SEMA3F",1215.47702525259,-1.47401499034524,0.394333692714068,-3.73798896107529,0.000185498089266098,0.00214891662062962,2.6677804350916
"LOC103347898",19.3633049959516,-1.13817215819959,0.304532583388672,-3.73743967077227,0.000185903676923974,0.00215222035298966,2.6671132659107
"CNDP1",67.670553469873,1.60580175330717,0.430013011707151,3.73430968270505,0.00018823076703409,0.00217493533337709,2.66255365124957
"SLC16A5",973.16567235101,-2.09035122553145,0.560385949479972,-3.73019920908305,0.00019132843532036,0.00220360552922128,2.65686614657859
"LRRC8A",2325.63661737493,-1.18678254932369,0.318435956037751,-3.72691125741778,0.000193840669455777,0.00222646621062015,2.65238389143892
"PLXND1",1930.99933372899,-1.44908229306723,0.389003862360418,-3.72511029652615,0.000195229841424269,0.00223700859965308,2.65033234635724
"FAM101B",1610.91174794275,-1.09853195597953,0.295082293366653,-3.72279862490615,0.000197026662952908,0.00225053871814111,2.64771351108347
"LOC100345885",109.113662039016,-1.6961585721711,0.455718546643701,-3.72194325787936,0.000197695454386808,0.00225514119155341,2.64682626230356
"JAM2",843.387150968984,1.60610372138894,0.431617377444304,3.72112849324792,0.000198334482801581,0.00226098780617236,2.64570177986001
"PPIL6",135.914789698823,-1.14081391525806,0.306623984285169,-3.72056321007515,0.000198778980095846,0.00226461075156994,2.64500643514021
"LOC103347630",638.766449098591,1.60285446912259,0.431034376786287,3.71862328260957,0.000200311524806477,0.00227916518517873,2.64222419767532
"LOC108175612",37.6094656706391,1.64809006607006,0.44342230801067,3.71675045728732,0.000201801584417809,0.00229465860144296,2.63928191951169
"LOC103351259",99.6673571828549,1.42253119562851,0.382796462332933,3.71615554375546,0.000202277085298018,0.00229714288418175,2.63881199048989
"FAM64A",91.9392424116707,1.99196298330769,0.536097126130858,3.71567554872784,0.000202661501421447,0.00230004719867198,2.63826325184655
"LOC103352250",1447.35936804778,2.13267813881945,0.574142082366539,3.71454767786544,0.000203567487914036,0.00230739939534775,2.63687722551237
"PLAUR",526.942391845837,-2.54246490070025,0.684765450311916,-3.71289891968431,0.000204898736638515,0.00231807906165409,2.6348717558381
"LRRC3B",7.37294335992298,2.37089598810293,0.638873963647269,3.711054328412,0.000206397796615409,0.00232914180208361,2.63280407007943
"LOC100341994",1486.01623184027,-1.37920788357618,0.371632679523887,-3.71121260203257,0.000206268768097072,0.00232914180208361,2.63280407007943
"MAP3K8",278.54477470957,-1.04989134036039,0.282954968585822,-3.71045380686416,0.000206888046273182,0.00233320115276538,2.63204781766997
"HRASLS5",37.9393115637143,2.95269714151137,0.796220606353432,3.70839076249769,0.000208580606120993,0.00234932472237729,2.62905695112791
"DACH1",213.133729335731,1.19413578964052,0.322168433968265,3.70655738966079,0.000210095644921741,0.0023648990258036,2.62618739762067
"HK2",322.839110754976,-2.19492849506272,0.592540667249942,-3.70426641811721,0.000212003355749887,0.00238337105913788,2.62280833852177
"IL18",5887.82789933092,-1.16859388627893,0.315498115480572,-3.70396471148142,0.000212255798137923,0.00238470923426485,2.62256456658298
"LOC108177642",70.9844931979782,1.03479914752284,0.279525991645245,3.70197827197455,0.000213924942147303,0.00239443227356484,2.62079744245225
"IRAK2",1360.05899119913,-1.39385147956122,0.377176212633103,-3.69549147818896,0.000219461841749793,0.00243960225203828,2.61268097440954
"RGS6",9.80072603225794,2.08320476368484,0.563953630787998,3.69392916359813,0.000220815338554093,0.0024500770804807,2.610820252329
"WNT11",30.3921174452274,-2.12802032062323,0.576191747481027,-3.69325025900914,0.000221405940516558,0.00245510619524409,2.60992971779313
"LOC103347892",4893.61732956786,-1.01716125124383,0.27548839421312,-3.69221089748321,0.000222312989831013,0.00246363589164871,2.6084234774867
"LOC108175435",21.6150314985899,1.4024475927975,0.380031255086713,3.69034802802601,0.000223947448620156,0.00247867532141503,2.60578035719851
"LOC100342980",1619.97625986347,2.10480209932169,0.570470924576928,3.68958698619505,0.000224618417296466,0.00248456324825144,2.604749943166
"LOC100358382",1216.94817371365,-2.04390873073562,0.553991637901129,-3.68942162823837,0.000224764453634697,0.00248464106909104,2.60473634052096
"SYT12",37.227785962455,-2.27932737605289,0.617842988584594,-3.68916928437525,0.000224987483607898,0.00248556938781902,2.60457410847498
"ARNTL",1130.19877832956,-1.37504232878005,0.372858370525842,-3.68784084648771,0.000226165030978187,0.00249538488669991,2.60286245954825
"LOC103347756",1608.288083888,-1.29341984548589,0.350816209522312,-3.68688735120612,0.000227013787091261,0.00250022886275804,2.60202023561448
"RGS5",5752.23066157828,1.59299018873427,0.43213346252272,3.68633842756511,0.000227503767854064,0.00250284311165289,2.60156637287635
"COL4A4",279.840508130889,1.10832143128596,0.300661469292014,3.68627690769885,0.000227558743592545,0.00250284311165289,2.60156637287635
"SLC12A4",1415.06467922009,-1.33862044322692,0.363428732869405,-3.68330933181318,0.000230225502368229,0.00252471218087858,2.59778812462686
"COL4A1",9639.34297259809,-1.11114865631163,0.301725371060805,-3.68264906727948,0.000230822812717152,0.00252971047045928,2.59692918170056
"SLC26A9",57.724476225884,1.34488744693236,0.365455047000281,3.68003522723637,0.000233201735844981,0.00255265219119965,2.59300835547893
"GDF6",9.03092340267516,2.56201633380698,0.696582472032322,3.67797990427773,0.000235088476447401,0.00256545345387094,2.59083586052931
"LOC100344331",15.8046296824854,-1.88546724500777,0.512853373619857,-3.6764255477148,0.000236524843315166,0.00257432271791926,2.58933701072368
"LOC100342354",61.0453095425743,1.13761384727792,0.309463520632399,3.67608384003767,0.000236841714497507,0.00257432271791926,2.58933701072368
"NRAP",746.865237378865,1.175045648984,0.319684599905675,3.67564045728416,0.000237253464411944,0.00257492755091894,2.58923498591551
"BMX",54.8219786287206,-1.06051616002687,0.288717018881903,-3.67320279259555,0.000239529238763567,0.00259647370703382,2.58561607089213
"LOC108176875",48.7237132977201,1.87416775978082,0.510858637830238,3.66866217186998,0.000243823011299236,0.00264056072175796,2.57830384111955
"LOC108175606",53.3668815720992,-2.38451285978053,0.650127842874705,-3.66775994277803,0.000244684745299177,0.00264174189971217,2.57810961556567
"TSPYL5",27.6671621522156,1.3564384185877,0.369813240912242,3.66790116882156,0.000244549669621601,0.00264174189971217,2.57810961556567
"DLG2",348.322390777863,1.70589910087865,0.465184737181357,3.66714331862008,0.000245275335918449,0.00264592433889094,2.57742257876982
"CHRM4",14.9954161340114,-3.05734741672954,0.834169880147171,-3.66513762902844,0.000247205607989197,0.00265712582249362,2.5755878800192
"CYP11A1",597.09414931091,-2.41697706655007,0.6596107255239,-3.66424767370235,0.000248066655331455,0.00266477852406837,2.57433888036048
"KIAA1456",194.918283654749,1.02424946186452,0.280499844049968,3.65151526316734,0.000260697601949551,0.00277709751778798,2.5564088697299
"PCDH1",1772.49370183836,-1.42078752700655,0.389144040961431,-3.65105816215587,0.00026116208315838,0.002777174265772,2.55639686771514
"PTPRU",368.685280882952,-2.89138131618863,0.792255690470054,-3.64955575702226,0.000262694217690686,0.00279005296566905,2.55438755211011
"LOC100356569",319.452015872496,-1.27875911099913,0.350522914071405,-3.64814698173663,0.000264138521657877,0.00280040099325893,2.55277977698253
"LOC100346502",15.3113834156735,1.23199088802487,0.337844887019243,3.64661693978723,0.000265715582196217,0.00281081840777335,2.55116721097365
"CD86",545.053824400056,-1.32463610402083,0.363350092533898,-3.64561928354884,0.000266748646338656,0.00281971144488674,2.54979533292369
"ETV1",468.494027925675,-1.35880283885278,0.372895202040905,-3.64392684973117,0.000268509762270892,0.00283461574368938,2.54750580509766
"DUOXA1",11.4780842772795,-3.51999086639271,0.966155628917921,-3.64329592566267,0.000269169074805404,0.002836908733577,2.54715463570272
"DNASE1",61.871772735226,1.91257624077791,0.524954149793497,3.64332054814742,0.000269143316000366,0.002836908733577,2.54715463570272
"LOC100339842",90.8637771975099,1.30565589746044,0.358565155049762,3.64133513553274,0.000271227790210806,0.00285188044118716,2.54486868527917
"XKR8",241.490382945863,-1.2153738684685,0.333748766916673,-3.64158309765963,0.000270966631651653,0.00285188044118716,2.54486868527917
"PPP1R3C",1620.11016283532,1.91385479608008,0.525905646149656,3.63916000919956,0.000273528808810889,0.00286932362529028,2.5422204657828
"LOC103346247",174.691574788795,-2.13933037884034,0.588084339489227,-3.63779518546342,0.00027498195436193,0.00288287532798798,2.54017413858217
"DSC2",5582.34584907787,1.39955144654163,0.384818402502137,3.63691402864721,0.000275923973566454,0.00288819790649105,2.53937305114666
"GBE1",5357.45033021947,1.36882515023195,0.37637482083653,3.63686695935081,0.000275974378981075,0.00288819790649105,2.53937305114666
"TMED6",557.057408754921,1.83408337453449,0.504371257997676,3.63637567655161,0.00027650099763615,0.00289032475599192,2.53905335730872
"CD53",6237.31543804897,-1.46503164767222,0.403199891779092,-3.633512006186,0.000279589430755152,0.00291749041141175,2.53499056262717
"LOC103347743",1422.09188080015,-1.25638124477691,0.345891928256691,-3.63229419983611,0.000280912591487505,0.00292843178019922,2.53336488870214
"ACTN1",5015.34816490609,-1.47770456306836,0.406902230540077,-3.63159612348898,0.00028167370295475,0.00292898047720544,2.53328352305046
"CD80",360.570438062051,-1.35837247265839,0.374016387365063,-3.63185282395805,0.000281393598510587,0.00292898047720544,2.53328352305046
"LOC103345704",495.042293431217,-1.40902372739907,0.388170997746857,-3.62990469555367,0.000283525884605059,0.00294310405767446,2.53119438252326
"G6PD",2013.47528338278,-1.68103622130709,0.463713601478293,-3.62516047825219,0.000288782069512743,0.00298898638826884,2.52447606271689
"LOC100358841",75.4707129707782,-1.42355533720186,0.393296197347609,-3.61955021889946,0.000295115535504046,0.00304572182282611,2.51630976492923
"LOC108178942",19.4285777911918,2.29655793257378,0.634550674987283,3.61918759698711,0.000295529346390893,0.00304823258322978,2.51595189895986
"BMF",311.976501288584,-1.46659161629407,0.405371552342409,-3.61789476301305,0.000297009108474878,0.00305996415791841,2.51428366048228
"CD1E",3746.33846162629,2.23852749970492,0.61881647668996,3.61743357526414,0.000297538655640926,0.0030636540723396,2.51376027394657
"CCL4",86.9241333267791,-1.92969257050217,0.533953635675199,-3.61397028051326,0.000301543641784014,0.00309419781681357,2.50945192463655
"BMP5",351.540598067758,1.50289212173217,0.415933969264674,3.61329497657794,0.000302330428051308,0.00309871353292266,2.50881857117004
"MS4A2",1077.0130326763,1.01368508212468,0.280595715463905,3.61261782079876,0.00030312130195071,0.00310503912456673,2.50793292319227
"BAK1",3775.22798858762,-1.17357122074295,0.32512061590671,-3.60964873750024,0.000306611923520007,0.00313719984712085,2.50345781482559
"LOC100338493",1149.36336729229,3.40417923294208,0.943369637682991,3.60853168997794,0.000307934904528136,0.00314719363791063,2.50207653535531
"LOC100342609",367.074364255639,1.78707863251904,0.495237743017733,3.60852672825271,0.00030794079287864,0.00314719363791063,2.50207653535531
"LOC108175642",111.160760010477,1.55232042798018,0.430463994895801,3.60615625554452,0.000310766051222389,0.00316701434754857,2.49934996913612
"BMPER",256.485763990322,1.28925338883144,0.35769648844139,3.60432218512733,0.000312968629147536,0.0031876434450212,2.4965302627213
"KLHDC8A",61.0688188181186,-1.1903220423972,0.330305259016807,-3.60370296840062,0.000313715555154381,0.00319343140568596,2.4957424079707
"SPON1",1391.05457641298,-1.19777945452797,0.3324204886786,-3.60320586522584,0.000314316389810693,0.00319600082772886,2.49539311688056
"HDC",58.2225265126751,-1.1471385188754,0.318606374793601,-3.60048828156228,0.0003176201443707,0.00322399777434768,2.49160526667739
"LOC100341884",8.29885506347259,-1.66812196790777,0.463474911244966,-3.59916346588629,0.000319242476950356,0.00323678915229019,2.48988559005659
"LOC100341333",59.3244425943134,-4.18445871975863,1.16300215793966,-3.59798018532631,0.000320698044288995,0.00324786262983897,2.4884023477697
"JADE2",1362.20909448387,-1.25003002213064,0.347482681694745,-3.59738797926268,0.000321428854193687,0.00324974025379647,2.4881513500522
"PGAP1",204.953359284064,1.04121088824286,0.28979747542674,3.59289150711071,0.000327028773616452,0.00330262108948818,2.48114125016084
"DKK2",56.9186469259147,1.6079052145184,0.448104823899095,3.58823455754735,0.000332924712927076,0.00335269253158957,2.47460627298239
"SLC25A51",2515.85502153222,-1.28663616848327,0.358704731563997,-3.58689488949135,0.000334639135540151,0.0033623802966724,2.47335316793229
"LOC103349154",23.2527247192704,1.59200115537654,0.443884203610583,3.58652356273798,0.000335115796217732,0.00336527800977077,2.4729790523547
"KCNMB2",7.79149434394376,2.01340084414125,0.561648723370731,3.58480445225236,0.000337330855565256,0.00338561990074618,2.47036180118117
"CCDC38",124.95354315239,1.14877447434076,0.320478828779155,3.58455651724936,0.000337651445708483,0.00338693579800175,2.47019303566651
"NALCN",13.0626045687144,2.09206601632044,0.583817061132706,3.58342733640136,0.000339115131759363,0.00339780436109787,2.46880163057046
"SULF1",206.362122595108,1.27442045805204,0.35566463925616,3.58320821748649,0.000339399848666257,0.00339875198594361,2.46868052563935
"HPX",155441.606969305,-1.88310395847924,0.52573893107165,-3.58182331036582,0.000341204537795176,0.00341109122655972,2.46710666562289
"SULT2A1",13660.3468376191,2.32000991849933,0.647871807010596,3.58097063862726,0.000342320125664325,0.00341842024930156,2.46617454760313
"LOC103350415",201.348902361911,1.07171535582226,0.299307447020285,3.58065048662029,0.00034273987501075,0.00342070087426977,2.4658849013583
"SEMA3C",283.677439940167,1.16943608033179,0.326883341212937,3.57753342826362,0.000346851872058358,0.00345720647594483,2.46127468216263
"AKR1D1",6554.64601604933,3.04461229474126,0.851124725291226,3.57716349234185,0.000347342940149479,0.00345818662906223,2.46115157272064
"TLDC2",540.897438709519,-1.27302773625135,0.355924147740498,-3.57668268459128,0.000347982155975208,0.00346142517421082,2.46074505211511
"LOC100341759",527.099269633381,-2.98863318362406,0.835745398450391,-3.57600914006285,0.000348879458632315,0.00346842064685908,2.45986823716717
"ABR",3146.26057585485,-1.40434214815728,0.392991934594374,-3.57346302693661,0.000352291006152731,0.00349650290670743,2.45636610638657
"LOC108175700",11.2323693000787,2.64957447234935,0.742576643280692,3.56808215868947,0.000359603756098813,0.00354937445624863,2.44984818050481
"C13H1orf105",30.9095217225175,1.25546853368855,0.351849721132119,3.56819533535205,0.00035944849520977,0.00354937445624863,2.44984818050481
"DUSP3",339.623848737929,-1.56640198376962,0.439356440897501,-3.56521912042494,0.000363552323889095,0.00358043955345321,2.4460636538251
"ALDOA",9492.77221964231,-1.09266903397152,0.306583935966389,-3.56401267576953,0.000365228305648885,0.00359496473759571,2.44430536518171
"ADAT1",101.768155175717,1.11091699748628,0.311764294782499,3.5633233698596,0.000366189123099522,0.00360045686215839,2.44364238808673
"SELPLG",1735.41730073589,-1.50976276912832,0.423831705132903,-3.5621751531186,0.000367794861153208,0.00361227095775472,2.44221968055007
"PCLO",370.865594339691,1.47779373158936,0.415310363925228,3.55828763246424,0.000373280420596372,0.0036561027496768,2.43698160752502
"OCA2",40.5665207605128,-3.45712333727716,0.971796470430866,-3.55745615719758,0.000374463575273002,0.00366366727150405,2.43608397515465
"KBTBD12",55.3505790362496,-1.85020309902218,0.52053081849259,-3.55445447856517,0.000378764073414976,0.00369186909585929,2.43275370633352
"LYSMD2",437.770176366196,-1.5890820732735,0.447070125497649,-3.55443583152563,0.000378790932688444,0.00369186909585929,2.43275370633352
"TSPEAR",6.98154432237411,2.06685892412271,0.581575978071532,3.55389321783248,0.00037957329580085,0.00369747829015814,2.43209436729515
"LOC100346499",14.3347348442741,-1.86132608042329,0.524329847405267,-3.54991440909644,0.000385356417946103,0.0037389007939022,2.42725605804247
"MEFV",35.0041548928334,-1.65449505442001,0.46609771761684,-3.54967422470862,0.000385708143438079,0.0037389007939022,2.42725605804247
"LOC100342351",21.1004219892332,1.73608003488731,0.489146740862161,3.54920086317518,0.000386402211503921,0.00374157070998515,2.42694604285944
"LOC103352415",15.6284139675052,1.48514606293073,0.418467875280306,3.54900853963025,0.000386684539905256,0.00374227728792986,2.4268640361422
"FBP2",47.3453729861068,-1.76544724282124,0.497468697156333,-3.54886096936957,0.000386901301779423,0.00374234890114025,2.42685572544737
"BRINP1",37.8558358609425,1.36060920940944,0.383539685043333,3.54750567534026,0.000388897372873269,0.00375962170909123,2.42485585132748
"NCR3LG1",111.332849450112,-1.60467347233921,0.453241165022867,-3.54044071053928,0.000399459376579932,0.00385131410807243,2.41439105945063
"LGI2",18.8232057148998,1.73879240384497,0.491249932732919,3.53952700649082,0.000400844754418462,0.00386258759311591,2.41312165882263
"PRKAA2",679.516440918095,1.67612490472846,0.47364449301858,3.53878263008266,0.000401976710669334,0.00387140824526635,2.41213102932224
"LEAP2",2346.42270316557,1.74944776606107,0.494443225617372,3.5382176869279,0.000402837799360599,0.00387761209669935,2.41143563844684
"LOC100347254",6515.25391646796,1.5431406376496,0.436290321394171,3.53695821790974,0.000404763694071828,0.00388986614598598,2.41006534290562
"ZBTB16",1164.99566637838,-1.73005825247419,0.489157981093196,-3.53680880072276,0.000404992742570087,0.00388997596638383,2.41005308188744
"AIF1L",4677.1864850305,1.25884198158921,0.356069225715357,3.53538551123072,0.000407180646739508,0.00390889047286182,2.40794649833167
"LOC103345298",91.0154238702449,-2.18888007508781,0.619204096787816,-3.53498965275399,0.000407791126503793,0.0039105204423422,2.40776543948493
"CYSLTR2",46.6747762500572,-1.09846105252269,0.310939178921549,-3.53271998830304,0.000411307863069182,0.003935828721821,2.40496380932264
"CCDC113",18.7557548195839,-1.23678866760278,0.350383284950417,-3.52981640599037,0.000415848129385431,0.00396865206234094,2.40135697467033
"ENG",2462.91331927453,-1.58650414624922,0.449577875448192,-3.52887504677049,0.000417330130459531,0.0039764264829233,2.4005070424721
"FHL2",1134.96535284821,-1.49912853257069,0.424811931498126,-3.52892285130486,0.000417254752077189,0.0039764264829233,2.4005070424721
"LOC100345975",219.665462036064,-1.00181902987833,0.283983513178542,-3.52773658817468,0.000419129018668443,0.00399143910958893,2.39887049161433
"LOC103348070",29.0963837755793,-1.21067339751157,0.343272606225512,-3.52685700972079,0.000420523803868955,0.0039957587685971,2.39840073882181
"CAMK1D",1585.51717776526,1.14650906298234,0.325243617344806,3.52507782425402,0.000423358395774163,0.00401460547716879,2.39635712722396
"LOC103347413",56.0495340997167,-2.21938033325273,0.629743107093482,-3.52426300225193,0.000424662514998953,0.00402270400403089,2.395481922225
"ADAP2",980.241368998734,-1.00305567088885,0.284699683284212,-3.52320613538411,0.000426359614381182,0.00403664094653794,2.39397987874727
"GAPT",391.840245608261,2.18202387910091,0.619561208940782,3.52188588893639,0.000428488541117333,0.00404820991337887,2.3927369759463
"DTNA",182.356431482839,-1.03046135777947,0.292599528154144,-3.52174647813038,0.000428713922574892,0.00404820991337887,2.3927369759463
"HAL",1197.9308889197,-1.32372369676199,0.376075461725922,-3.519835329556,0.000431814802058124,0.00407318711703904,2.39006563851923
"TENM3",1074.22391080337,1.22843385270398,0.349066105233131,3.51920118936655,0.000432848326239909,0.00407863143465386,2.38948553791115
"GPBAR1",118.433524738779,-2.12358641664812,0.603677898450145,-3.51774749763097,0.000435226280160582,0.0040967191984573,2.38756380288597
"VIL1",14329.6538446573,-1.38976747852266,0.395137106313543,-3.51717785122381,0.000436161431220023,0.0041013619230946,2.3870719048731
"PLXNA1",748.202009885885,-1.86953357265941,0.531751789305939,-3.5158011881814,0.000438429158288451,0.00411905792423205,2.3852021007366
"OGN",1624.94394661357,1.19787062041289,0.340776700856208,3.51511889575554,0.000439557148592357,0.00412445355962645,2.38463358208593
"SALL2",55.885840704238,1.43309535264042,0.407818782081496,3.51404941510035,0.000441330704885915,0.00413294622355496,2.38374024556883
"IRF5",2492.25343861094,-1.68826209056182,0.480693495003296,-3.51213841691417,0.000444516420469801,0.00415789168806787,2.38112682810872
"DGKB",28.8768000377682,2.34452086708412,0.667652110440581,3.51159058800396,0.000445433625428035,0.00416211503111663,2.38068592107566
"LOC108178327",16.0865377632239,1.56341398360412,0.445317620151243,3.51078401764822,0.000446787244698614,0.00417258202663936,2.37959511699343
"LOC103347529",52.3420387241562,1.05797940472728,0.301558511798097,3.50837188583696,0.00045085832704058,0.00420401283038621,2.37633596720197
"HPGDS",19.7089055430902,2.36944243195541,0.67562446157241,3.50704062200606,0.00045311997089706,0.00422289858174397,2.37438934858169
"LOC108178755",11.4584901346864,-1.48250096533422,0.422807903497784,-3.50632273680284,0.000454343953978662,0.0042320991023286,2.37344417105545
"ADH2-2",33197.3819763933,2.61969863427788,0.747462531042429,3.50478923756136,0.000456968888240905,0.00424990576342673,2.37162069980322
"BEX3",650.804077516437,1.20072795451799,0.3426604008816,3.50413398054968,0.000458094819869681,0.00425816167715577,2.37077785295792
"HAO1",7582.68096400906,2.09359934618518,0.597728313967074,3.50259356511009,0.000460751927899649,0.004276189361997,2.36894307122531
"IFGGA1",3279.95094134928,-2.75966670259961,0.788216315998834,-3.50115399362488,0.000463248080047113,0.00428822342353296,2.36772259526498
"LOC103348488",14.9503455250965,2.44137681672508,0.697265295686206,3.50136000146462,0.000462890099771136,0.00428822342353296,2.36772259526498
"CCL20",20.807518823299,-1.54405428840494,0.441367293040478,-3.49834324552757,0.000468158198683074,0.00432874105132915,2.36363839324494
"NMT2",1490.34719276391,1.00431221349745,0.287102593892819,3.49809522749342,0.000468593786535491,0.00432874105132915,2.36363839324494
"BCL3",750.80859369343,-1.99202977606142,0.569554703584676,-3.49752142072385,0.000469602998675097,0.00433358471931717,2.36315270878691
"SCG5",70.8257558314162,1.54928449068902,0.443497374166626,3.49333407802081,0.000477029321888629,0.00438852245432797,2.35768167518918
"PLPPR1",31.0373177554664,1.79324102443308,0.513457596101837,3.49248124489217,0.000478555201320704,0.00439577298232661,2.35696474460812
"APELA",2686.98874912515,2.66138443778665,0.762125178607557,3.49205683330019,0.000479316249152544,0.00439669623785908,2.35687353819623
"INHBB",32.6959014190289,-1.31067012154316,0.375583143178942,-3.4896936812702,0.00048357449725479,0.00442914457023693,2.35368014382194
"LMOD1",303.302695075505,-1.12684802196378,0.322912569196363,-3.48963815427866,0.000483674976285454,0.00442914457023693,2.35368014382194
"AGBL3",114.592641808777,-1.31879897403289,0.378027571885594,-3.48863170867338,0.000485499571266328,0.0044435764651232,2.35226734208616
"LOC103352385",41.8467723913498,-2.15817831282494,0.61895061274773,-3.48683443941361,0.000488773834464522,0.00447125501077448,2.34957056014451
"PHF24",25.2278677005798,1.55203348919913,0.445158973019172,3.48647018990289,0.000489439928535442,0.00447505817011306,2.34920131503077
"LOC103352376",686.551343374498,-2.81884422128673,0.808939325669662,-3.48461761202327,0.000492840812867541,0.0044959171511091,2.3471817003633
"STAC",49.2564452806446,-1.05856854345476,0.303837453797494,-3.48399622964287,0.00049398644676859,0.00450051362690547,2.34673791897988
"LOC100355685",8.26793295091242,-2.79864396024602,0.804500636375238,-3.47873430262977,0.000503787815169943,0.00457367823708405,2.33973439171313
"FGD2",446.808006801488,-1.6160950077535,0.464622659663227,-3.47829571834679,0.000504612897088828,0.00457865763221462,2.33926182950111
"LOC108178239",35.5076739747322,-2.42750396197628,0.697994265895757,-3.47782794298603,0.00050549428264143,0.00458202659625545,2.33894239428816
"DDIT4L",26.405612016339,2.44374248315399,0.70273009298778,3.47749798612437,0.000506116852629612,0.00458532120666716,2.3386302361342
"LOC108176515",190.233278204547,1.31368725343391,0.378482556461596,3.47093209714992,0.000518655136124217,0.00467993970632023,2.32975974209278
"WNT9B",200.287645185641,-2.26200575757254,0.651782148441411,-3.4704935736298,0.000519502774134521,0.00468522305128888,2.32926972865282
"DPYS",4923.74847491554,1.28224572814432,0.369519809409587,3.47003244614427,0.000520395496731842,0.00469090746549757,2.32874313401514
"C1H11orf16",181.176956622208,-1.40861057225691,0.406011419302273,-3.46938658690338,0.000521648255784902,0.00469509696483138,2.32835543409939
"SMAD6",168.695668675623,-1.03556662882157,0.298476304693576,-3.46951035153263,0.000521407974753197,0.00469509696483138,2.32835543409939
"LOC100340803",895.241738630542,-1.43636526694046,0.414184199664261,-3.467938342662,0.000524467608141641,0.00471809687746947,2.3262331459179
"LOC108176811",17.8393096299727,-1.3761159848896,0.396846644291913,-3.46762661265533,0.000525076319237877,0.00471882313040576,2.32616630045496
"LOC100344381",16.5865353168293,-1.63291647018411,0.47094641699057,-3.46730840552674,0.000525698357140784,0.00472203926326207,2.32587040612913
"LRRTM3",12.4627637880289,2.21407982029638,0.638851098770351,3.46572123701126,0.000528811255375426,0.00474523152100188,2.32374259338619
"MYBL1",116.761080007793,1.54717679247131,0.446615742345188,3.46422359486716,0.00053176430970516,0.004764554905253,2.32197766401227
"S100A6",9323.7552593899,-1.69187092028429,0.488540780872414,-3.46311093469624,0.000533968196952085,0.00478003724257127,2.32056871966818
"LOC103349175",71.1833297078988,1.16889319947119,0.337678842790526,3.46155296497596,0.000537068429996972,0.00480245031825707,2.31853711925511
"SORCS3",15.1999886767494,1.81780428728547,0.525176408926469,3.46132129392732,0.000537530866345202,0.00480418211796025,2.31838053762924
"CHRD",1667.94990243148,-1.38289969261077,0.399676037432686,-3.46005154948445,0.000540071986686773,0.00482110159591998,2.31685371645673
"H6PD",2751.1964202221,-1.62102606457791,0.468639140815744,-3.45900699151215,0.000542170830947467,0.00483475175835959,2.3156258199765
"LOC100345995",25.3617039580618,2.25776536063765,0.65278009890323,3.45869208395146,0.000542805068166481,0.00483680986713652,2.31544098420063
"PDGFRL",99.5736748451944,1.02924022842519,0.297955621170177,3.45434069806435,0.000551640006904022,0.00488901912841786,2.31077826354409
"LOC108175645",287.402173578603,1.17957456527269,0.341510671491371,3.45399035444928,0.000552357130834181,0.00489265793541179,2.3104551463811
"NFKB2",3085.59520429614,-1.25359392590508,0.363107602441164,-3.45240341286494,0.000555616355537537,0.00491908982428602,2.30811524700042
"CACNA2D3",28.8778860552727,1.19083860092086,0.345007884443845,3.45162720799989,0.000557217022760013,0.00492594178132306,2.30751072530235
"DPP10",68.2326948152764,2.763185965079,0.800738069518049,3.45079879459473,0.000558930090358408,0.00493542877735442,2.30667511096804
"FN3K",822.576456281166,1.76114197187121,0.510371222769808,3.45070782461718,0.000559118504847145,0.00493542877735442,2.30667511096804
"FTCD",2002.28788401267,-2.8638370866868,0.830821358772182,-3.44699502058912,0.000566859029811219,0.00497427842801941,2.30326990938208
"CALB1",13.9463799920509,1.93825567218493,0.562135644625784,3.44802129293052,0.000564709516800026,0.00497427842801941,2.30326990938208
"GP9",21.5128708518455,-2.7202847564129,0.789702737609961,-3.44469460071248,0.000571704938384467,0.00500206841586997,2.30085037249524
"LOC100342497",10.8633274293203,-2.56080330873845,0.743373005904882,-3.44484301743144,0.000571391133361152,0.00500206841586997,2.30085037249524
"FHDC1",171.831095677263,-1.55066225304814,0.450222069795842,-3.44421643690479,0.000572717036185996,0.00500847212418037,2.30029473905044
"CEP295NL",3.8729134826463,-3.9525301941706,1.14851024985493,-3.4414409402701,0.000578624770653247,0.00505518952855659,2.29626255725136
"TDRD9",186.608691450591,1.06013804551852,0.30839720793809,3.4375734222968,0.000586951567098307,0.00511543601261932,2.29111734341723
"MME",18349.9326319853,1.18856684429933,0.345935606053487,3.43580372618701,0.00059079881861415,0.00513644400910891,2.28933744164262
"ETS2",3692.7984149928,-1.57344356474917,0.458134367126267,-3.43445870393633,0.000593738531927906,0.0051551712628944,2.28775690219531
"LOC103348672",38.2091120836477,1.22965404348794,0.358094688552112,3.43387959329923,0.000595008438674504,0.00516127678598299,2.28724285021084
"HCAR2",124.600884811629,-1.608561323325,0.468493191781492,-3.43347854684565,0.000595889357326307,0.00516562670330152,2.2868769815452
"LOC103348133",45.3279757537001,-1.25173624689641,0.364605727454051,-3.43312283006897,0.000596671722822374,0.00516990162164321,2.28651772104223
"LOC100347614",9.0695771355705,-2.39823880588709,0.698618689155005,-3.43282944346625,0.000597317718355906,0.00517267909352087,2.28628446383644
"C16H1orf106",1297.02293614164,-2.15792303814437,0.628741327872303,-3.43213169308738,0.000598856681421611,0.00518129873204806,2.28556136738478
"LOC108175975",20.053380803733,-3.69174718433862,1.07575968645215,-3.43175825496305,0.000599681854505508,0.00518592798707593,2.28517351823244
"METTL24",28.5420546703831,1.57665291015463,0.459700612295495,3.4297385471855,0.000604163101243867,0.00521963046628039,2.28236024261769
"ACCS",1947.70234282763,-1.69844502308125,0.495440185387824,-3.42815353532886,0.00060770166690062,0.00524007105443733,2.28066282401993
"ATP1A3",271.075917322602,-1.24525541858044,0.363237669669248,-3.42821112059861,0.000607572769893318,0.00524007105443733,2.28066282401993
"NR3C2",555.173214180039,1.24930101731059,0.364731011721104,3.42526677787926,0.000614196002106336,0.00528587074513758,2.27688346083349
"NAGPA",1677.3891298105,-1.65678568277489,0.483773331772953,-3.42471478678462,0.000615445147668501,0.00529152574053605,2.27641908691424
"LOC103350364",30.6652194417437,-1.45208837322649,0.423997098693109,-3.42476016393101,0.000615342370921118,0.00529152574053605,2.27641908691424
"LOC103352085",4.72189503607271,3.46010511451312,1.01049830896415,3.42415725372173,0.000616709233963918,0.00529664194109229,2.27599938486387
"SERPINB2",33.2702692304127,-2.66202068955589,0.777664679046341,-3.42309579087526,0.00061912255337334,0.00531226536168363,2.27472023894191
"PMCH",161.247718092283,1.24302957904681,0.363140513451239,3.42299890263751,0.00061934327349643,0.00531226536168363,2.27472023894191
"CHST3",2152.17997000118,-1.35419899406929,0.395735534306433,-3.42197977354413,0.000621669380806037,0.00532455207566263,2.27371692108175
"ACKR3",1088.2192826043,-1.28544616143244,0.376042225581469,-3.41835590257123,0.000630006673475185,0.00536766886957528,2.27021428355291
"LOC103347479",183.533537510455,-1.50921568817499,0.441554689216172,-3.41795869239681,0.000630926817207494,0.00537294752624295,2.26978740085591
"HECW1",13.9748161331843,2.17299952254155,0.63610447688734,3.41610474614913,0.00063523807220368,0.0054070859717337,2.26703672516217
"MBL2",18343.249330121,1.78928106923316,0.524065831584787,3.41422958986342,0.000639626513491095,0.00543750653886978,2.26460020777646
"TMED3",2208.21637441483,-1.28465205355518,0.376424393615278,-3.41277578006315,0.000643048263550502,0.00546315955844354,2.26255611518382
"TAGLN",3307.94831102824,-1.19521127137497,0.350425534300903,-3.41074252411261,0.000647862386735286,0.00549883198617912,2.25972954974711
"DHRS7C",31.7977194476663,-2.37702619983698,0.6969894868716,-3.41041901579626,0.000648631438436919,0.00550274654108207,2.25942049052238
"LOC103346677",12.3444793690834,-1.53567172063323,0.450570857737079,-3.40828017228165,0.000653737349463274,0.00553817778277537,2.25663310694381
"KIF26B",100.378917616996,1.10552840981519,0.324394081404516,3.40797959392054,0.000654457887211181,0.00554165548739927,2.25636047685262
"NXPE1",46.7497307578207,2.07160100874022,0.60794215648516,3.40756268773538,0.000655458505273028,0.00554750037014932,2.25590266011825
"AMPD2",4221.15835369397,-1.09061623682394,0.320127903740045,-3.40681403927089,0.000657258911203598,0.00555747541994528,2.25512244945771
"LOC103347076",184.510700603244,-2.25085900559146,0.660861506823533,-3.40594660507667,0.000659350732629891,0.00556989335810931,2.25415311980437
"PIK3R5",1515.45985965538,-1.44486436522729,0.424306939088434,-3.40523388170692,0.000661074099367432,0.00557654531674981,2.25363476423653
"LOC100343635",13.6162586987808,1.51287890933923,0.444366098791604,3.40457769720352,0.000662664457329787,0.00558732413904242,2.25279613305829
"TCEA3",963.668009300965,1.77343994718747,0.521776351787389,3.3988507549497,0.000676696314904376,0.00568224559266359,2.24547999954064
"LOC108175428",49.0962073926912,1.09844618831028,0.323319509010053,3.39740151057859,0.000680290712966005,0.00570633340885375,2.2436428570401
"LOC108176197",37.9827257844725,-1.50717557777873,0.443747010646038,-3.39647488686059,0.000682598206836165,0.0057203201815267,2.24257966191002
"GIMAP8",777.934496401581,-1.32126687079941,0.389026837710862,-3.39633861399923,0.000682938168798755,0.00572048723864937,2.24256697889144
"LOC100352724",13.2129424222705,1.47985860045725,0.435988951131981,3.39425711733064,0.000688150510490611,0.00575336313144045,2.24007821401487
"LOC100348776",68.5494304886242,-1.63950412930775,0.483293653828243,-3.39235600616931,0.000692943428126237,0.00579072640381322,2.23726695382351
"FRMD4B",2318.94694794817,-1.04130555267976,0.307088530488978,-3.39089692155447,0.000696642970339269,0.00581620415451398,2.23536035771594
"CSGALNACT1",626.21210410189,-1.20880959182955,0.356512303692004,-3.39065322377727,0.000697262657638744,0.0058186601331898,2.23517700912226
"STX11",203.604608253409,-1.26896266217235,0.37438537282479,-3.38945577012759,0.000700315054538355,0.00583595878781962,2.23388778365414
"BCL11A",767.90119778518,1.07195391870219,0.316341834575702,3.38859360836661,0.000702520451919255,0.00584888359480982,2.23292702193208
"TDRD10",8.8303344917152,-2.24321632870215,0.662165451184437,-3.3876976285755,0.000704819192708461,0.00586256075833585,2.23191264331767
"C1H11orf54",3271.76917692574,1.11297168599068,0.328588557951475,3.38712855045622,0.000706282856569603,0.00587168678053967,2.23123711949378
"GDF7",5.75812191352614,2.15448932202824,0.636438400938567,3.38522835650862,0.000711190624295824,0.00589908696486675,2.22921520137563
"BBC3",135.780421002411,-1.36283375959284,0.402809919332933,-3.38331727741397,0.000716158450300517,0.00593203535640489,2.2267962691329
"SOCS3",1292.370909918,-1.55360230757978,0.4592622386449,-3.38282178862309,0.000717451720117605,0.00593352512659711,2.22668721419561
"GHR",18147.3353428201,1.57731586604022,0.466314391944141,3.38251594479882,0.000718251082373487,0.00593561631873605,2.22653417983839
"FREM1",110.589132225182,1.58440196874795,0.468438255097802,3.38230695615829,0.000718797776921943,0.00593738921556365,2.22640448069647
"KCNN2",743.298780557405,1.90683784251125,0.564341103681831,3.37887463817681,0.000727831890465424,0.00600439619289981,2.22153065908145
"PLD3",5806.87665783014,-1.67034215249256,0.494353395612656,-3.37884227622729,0.000727917569231546,0.00600439619289981,2.22153065908145
"MYH6",79.259169814269,2.65449198472169,0.785669827329718,3.37863551887133,0.000728465183740331,0.00600614167867085,2.22140442745851
"HCLS1",4481.65217795379,-1.33389838652872,0.394927696819854,-3.37757619247752,0.000731276908407602,0.00602654436965693,2.21993164165367
"MAP7D2",310.446424918963,-1.80587100532484,0.535419648390976,-3.37281422292174,0.000744041355749536,0.00612045063691807,2.21321660041623
"LOC103347746",479.252299514142,-1.76486711290062,0.523458803722035,-3.37154920377993,0.000747466854624041,0.00614580038013097,2.21142155003726
"LOC103347656",75.6833350563535,1.50908720419342,0.448096535365256,3.36777253357544,0.000757780889925208,0.0062248774850244,2.2058691917184
"CTNNA3",22.2055975604797,2.76285809152125,0.820956946105664,3.36541167551757,0.000764295323491877,0.00627262576098131,2.20255062267932
"SIAH3",7.12084626327267,2.87109337751007,0.853431173681206,3.3641768264989,0.000767723378738376,0.00629497953896719,2.20100567717297
"RPE65",12.1689178479563,3.06687096498344,0.912138321032028,3.36228716003672,0.0007729969145981,0.00632371617777622,2.19902763038938
"PANK1",4189.27566519876,1.20515784970339,0.35855179564202,3.36118202265713,0.000776096611620125,0.00634616968559457,2.19748831979751
"GRIA4",5.71464245767284,2.13626513989569,0.635682444608998,3.36058539607727,0.000777774826353087,0.00635407907726757,2.19694738462891
"CRYM",440.270193997927,-1.45567499956876,0.433295874574447,-3.35954040872978,0.000780722327722877,0.00636690508073818,2.19607162464832
"SLC6A9",253.607526359739,-1.3031645738955,0.38788388851273,-3.35967698708045,0.000780336505353582,0.00636690508073818,2.19607162464832
"RLA-DMB",3417.9246086397,-1.34120589047674,0.399410977468615,-3.35795951072008,0.000785201137772135,0.00640012327299449,2.1938116609746
"HCST",417.789435909973,-2.09721045816553,0.624835858755179,-3.35641821572737,0.000789590699459653,0.0064271100878148,2.19198426114125
"PAX9",292.564427816381,1.45513627606151,0.433709893447285,3.35509126733439,0.000793388042419625,0.00645214342959545,2.19029598691397
"CAPSL",589.153124243681,1.74256549870962,0.519613912010304,3.3535774513194,0.000797740841188235,0.00647846137237491,2.18852812635648
"ALS2CR12",17.3471608311367,-1.50678806639042,0.449493527380657,-3.35219079832129,0.000801747435966444,0.00650532701674997,2.18673086697322
"GRID2",11.3344801361786,2.09717048623029,0.626630042033774,3.34674424389831,0.000817666118357068,0.0066015274912523,2.18035556381146
"ORM1",50815.2808307749,-2.60533209388215,0.778703140821491,-3.34573209905595,0.000820656440426035,0.00662267894926202,2.17896629794171
"VIT",45.0409259438514,1.82254690946716,0.54482963159376,3.34516847796212,0.000822326020550065,0.00662520432260584,2.17880072345728
"GALNT6",2236.78593192929,-1.46162340679296,0.436915505510418,-3.34532281038058,0.000821868538081464,0.00662520432260584,2.17880072345728
"LOC103345961",76.1904428058771,-2.11756365257752,0.633296141220936,-3.3437179144895,0.000826637438133333,0.00665292400118565,2.17698743763229
"MPDZ",3103.98634175937,1.04744993555181,0.313251779241688,3.34379564606927,0.000826405870766456,0.00665292400118565,2.17698743763229
"RIBC1",97.7124664379265,1.09769045920402,0.328578603796418,3.34072409621697,0.000835602156458486,0.00671600204437744,2.17288918033302
"GMNN",1009.65912858162,1.00348967818111,0.300469446040528,3.33973950231785,0.000838570084535566,0.00673682708362842,2.17154459968454
"GYS1",952.155452136594,-1.12786566730878,0.337853784181484,-3.33832480237347,0.000842851631440361,0.00676210633393018,2.16991800424815
"LOC100348005",11753.8433999292,1.09792898709268,0.329012836053011,3.33703997772227,0.000846757675085263,0.00678735131934936,2.16829967075755
"LOC108176508",21.306970593691,1.37194315317797,0.411379459834548,3.33498214453816,0.000853048765360543,0.00683165173871851,2.16547428104971
"FAM26E",140.966094120942,-1.24511144253795,0.373374255320731,-3.3347544047149,0.000853747656222119,0.00683381846348882,2.16533656217059
"KCNAB1",193.18857751226,1.06062091764522,0.318061129223278,3.33464488488522,0.00085408394111519,0.00683381846348882,2.16533656217059
"GAS7",553.847248428571,-1.33017407503669,0.399021889470373,-3.33358672829265,0.000857339384956077,0.00685066674389355,2.16426715856561
"THBS1",2487.88870050707,-1.7902448214484,0.537300883145082,-3.33192235041423,0.000862483174587427,0.00688253872578137,2.16225133629557
"GNAZ",336.785227639531,1.02496324152615,0.307611380272416,3.33200689980476,0.000862221184763055,0.00688253872578137,2.16225133629557
"PHACTR3",11.0355788260738,-2.10141491301209,0.631021310394554,-3.33018057931856,0.000867896782341969,0.00691339348679265,2.16030872385249
"AADAT",5052.44325251682,1.0958533952797,0.329198527626003,3.32885266280619,0.000872045234888259,0.0069402531494335,2.15862468813348
"ALPL",124.049607290499,-1.03189885315057,0.310067684776994,-3.32797935358124,0.000874783493317396,0.00695585184299308,2.15764967687861
"LOC100345427",1170.84947057753,2.01305877487876,0.60524070298547,3.32604658766165,0.000880872043183674,0.00699803900973696,2.15502364092338
"LOC103348486",311.684931791269,-1.35061182976178,0.406175046457494,-3.32519646773309,0.0008835624895344,0.00701629475807526,2.15389217432893
"LOC108176726",66.5905657703287,-2.81907240199123,0.848090107638372,-3.32402462497922,0.000887283608321085,0.0070364660597779,2.15264540280093
"UBE2QL1",361.535549279894,-2.51292246604567,0.756146394309999,-3.32332797584622,0.000889502657183192,0.00704291197647345,2.15224773946096
"ZYX",4528.13227512134,-1.57479897666056,0.47386654027436,-3.32329641959692,0.000889603295552592,0.00704291197647345,2.15224773946096
"DDIT4",6739.66044967775,-1.45902283534842,0.439031663697969,-3.32327473389745,0.000889672461139975,0.00704291197647345,2.15224773946096
"LOC103351136",22.3818228589925,1.36352635117338,0.410488943687889,3.32171273341315,0.0008946675240333,0.00706993014681487,2.15058487715115
"LOC100358198",83.6847941411461,1.92544607561824,0.579822636672828,3.32075009466161,0.000897758844067047,0.00708809158025551,2.14947067987063
"LOC108175365",39.601753683193,1.71094498868949,0.515433930378209,3.3194263859076,0.000902025836178492,0.00711549506694199,2.14779487810094
"FAM65C",145.433074306367,-1.98791258467316,0.599015590926838,-3.3186324609637,0.000904594073204138,0.00712872369191375,2.14698821813912
"EMCN",558.414028177534,1.21327333861193,0.365604746237036,3.31853826051077,0.000904899247941387,0.00712872369191375,2.14698821813912
"NUDT11",36.995053681341,-2.92501113554849,0.881884763912176,-3.31677250276181,0.00091063733866515,0.00716130331220394,2.14500793163222
"EMILIN2",1565.68026994434,-1.61145162873669,0.485948182469812,-3.31609765581703,0.000912839245958282,0.00716810305374364,2.14459575957494
"PLD5",12.0643914609441,1.583929253944,0.477695665601679,3.31577062134105,0.000913908076054923,0.00716810305374364,2.14459575957494
"LOC108175394",4103.07774247899,-1.37099074286133,0.413461850703996,-3.31588208326104,0.000913543660540373,0.00716810305374364,2.14459575957494
"LOC103347048",25.7327329746913,1.14605357730268,0.345592664442254,3.31619763733202,0.000912512712753622,0.00716810305374364,2.14459575957494
"GATM",22320.4115356274,1.70061683015281,0.512917533527847,3.31557554380324,0.000914546190122229,0.00716996190720826,2.14448315165901
"PREX1",2620.9175474499,-1.22419792663489,0.369383740810942,-3.314163000102,0.000919179065624648,0.00719051457244665,2.14324002923079
"MAPK13",594.267934372379,-1.36426978552164,0.411864248129926,-3.31242585807369,0.000924906378390124,0.00721952031166963,2.14149165740483
"LOC100337703",424.904254437957,2.23792357935311,0.675649089376515,3.31225722722169,0.000925464107126548,0.00722050323399715,2.14143253316002
"DNM1",192.645484835736,1.33708868038456,0.403786770120262,3.31137317843854,0.000928393107656529,0.00723725547290033,2.14042609664124
"CYP2C30",8325.16056509697,1.7509521909751,0.528815448693117,3.31108365934145,0.000929354197986809,0.00724158948954412,2.14016609806069
"AGBL2",343.643234216239,1.18452221449489,0.35801568902265,3.30857627420889,0.000937716383014491,0.00730038342612545,2.13665432954016
"GLDC",1216.55724295704,1.56745181608881,0.473829202457545,3.30805236983943,0.000939472396370431,0.007304510258861,2.13640889663649
"CYSLTR1",227.246136231058,-1.16745977898447,0.352901802506032,-3.30817176532985,0.00093907194087492,0.007304510258861,2.13640889663649
"LTC4S",363.319881213996,-1.34205611246837,0.405844156776085,-3.30682625352869,0.000943593985713265,0.00733017926754655,2.13488540408271
"ST18",22.473307147632,1.48353828867564,0.448880736979852,3.30497204815949,0.000949858725059949,0.00737564062139295,2.13220025246803
"LOC108178418",7.03624392080215,1.83672239802351,0.555982576995728,3.3035610719104,0.000954651731382228,0.00740321028132638,2.13057991471037
"SLC6A6",4599.06266722133,-1.32229878384459,0.400451027608968,-3.30202369997607,0.000959899592315383,0.00744067875656438,2.12838744526262
"E2F7",193.699053634519,1.72049531353863,0.521088559834994,3.30173303763075,0.000960894774527489,0.00744193851589206,2.12831392237134
"NLRC5",1267.1917141086,-1.4726652209545,0.446217737844556,-3.3003287320405,0.00096571637165306,0.00747280525683915,2.12651633541842
"SPAG1",479.955157276591,-1.08704347895266,0.32940416019709,-3.3000295998152,0.000966746314303328,0.00747430379246193,2.1264292542642
"CLEC12B",25.3016206057133,2.35021756457447,0.712588863470945,3.29813962167021,0.000973277255247501,0.00751504576136029,2.12406837052009
"CIDEA",61.0808036535075,2.08618825061038,0.632564214937875,3.29798651480035,0.000973808110881395,0.00751589809240282,2.1240191171036
"CPM",472.481703781515,-1.29496157339286,0.392751839875542,-3.29714960419591,0.000976714608073405,0.00753416937471053,2.12296462070359
"TIMD4",3499.38005164271,-1.61412153567712,0.490366720352122,-3.29166207388228,0.00099597209035998,0.00766597034248394,2.11543286524348
"S100A1",91.7598577489807,1.26163753665745,0.383292109552737,3.29158233424021,0.000996254495417633,0.00766597034248394,2.11543286524348
"LOC108176785",14.2285282420949,1.31978706453723,0.401034733506468,3.29095450909601,0.000998480585214389,0.00767649052073428,2.11483728202909
"C19H17orf105",11.9400393265442,-4.67837574404575,1.42180734318102,-3.29044280611097,0.00100029834394657,0.00768715945745698,2.11423411011385
"RASGRP4",157.030055195965,-1.69983292525671,0.517181017840131,-3.28672721275737,0.00101358967834314,0.00776260304215236,2.10999262187608
"ITGB7",1689.99847611379,-1.4016788090899,0.426519536073185,-3.2863179539082,0.00101506362147071,0.00776418598981945,2.109904069705
"B3GNT4",10.4231754955704,-1.22992393653548,0.374405961934943,-3.28500093903203,0.00101982031767905,0.00779695816018521,2.10807479627175
"LOC103346253",22.8478209691622,-2.8999973046453,0.882950305632072,-3.28444000318828,0.0010218525219008,0.00780915512140948,2.10739595024025
"GFRA3",167.158774551751,2.35775279045159,0.718050779729117,3.28354603464263,0.00102509901215089,0.00783061745393044,2.10620399193155
"DSCC1",187.596352318936,1.06779318997323,0.325249821377301,3.28299393202296,0.0010271087651209,0.00784261818732856,2.10553892781442
"LHFPL2",1566.5196445458,-1.03062926283802,0.314068866666014,-3.28153908975005,0.00103242213124057,0.00787645992143628,2.10366893251486
"RHBDF2",1564.94178131365,-1.73642465302373,0.529287217584045,-3.28068503325985,0.00103555314896555,0.00789199003797186,2.10281347162773
"JDP2",820.966300643707,-1.15098408564563,0.350843183966392,-3.28062262072016,0.00103578230092766,0.00789199003797186,2.10281347162773
"TSPO",1366.38483517665,-2.26619375901339,0.691004253425089,-3.27956557109539,0.00103967046620835,0.00791486779534679,2.10155633490534
"LOC100339612",4.43774204621848,-2.15334190925154,0.657159794322754,-3.2767401899118,0.00105012951275199,0.00797339135398637,2.0983569191243
"SLC37A1",397.750899646674,-1.52645776048906,0.46589642774283,-3.27638863402416,0.00105143769715078,0.00797388580253297,2.09832998834818
"SERPINE3",56.3767546975576,1.0176170369741,0.31067203402443,3.27553472963734,0.00105462146610557,0.00799124998161811,2.09738528355707
"C1H11orf63",80.2297965145117,-1.7976643179869,0.549075707143383,-3.27398261223287,0.00106043136281185,0.00802506799757064,2.09555127906706
"LOC103349523",9.78975510950109,1.85488694169355,0.566821166827433,3.2724376756704,0.00106624377357825,0.00805541312456093,2.0939121817356
"NFKBIE",1108.76552103613,-1.6748526104978,0.511922241077356,-3.27169338642724,0.0010690544696882,0.00806641985887569,2.09331917661958
"PAPLN",198.394109876494,-1.21933657778756,0.37272129365113,-3.27144329706278,0.00107000043183672,0.00807015093632122,2.09311834257676
"ADAMTS5",743.103605555863,-1.05508917601536,0.322575506812378,-3.27082854628837,0.0010723290164756,0.00808089425358403,2.09254057636562
"LNP1",28.8717790962226,2.0833766248385,0.637005224010995,3.27058012447719,0.00107327133059529,0.00808458703514154,2.09234215917623
"LOC103346346",236.788104244326,1.23789108879689,0.378710436873251,3.26870074935694,0.00108042503554916,0.00812477808600808,2.09018849217534
"CORIN",56.4942897530945,2.18871320238229,0.669637251326728,3.2685057440366,0.00108116982919273,0.00812695992296893,2.09007188190785
"LOC100342240",764.586227307532,-1.2414003464307,0.379849705554212,-3.26813560278916,0.00108258483462921,0.0081273430991168,2.09005140594079
"ZNF514",18.0112049738324,1.18685120667417,0.363212283808969,3.26765161747225,0.0010844376364434,0.00813783490823922,2.08949112489905
"LOC108177215",19.8921040229321,-2.01897656429254,0.618033887185351,-3.26677324035962,0.00108780775001717,0.00815969934181996,2.08832584327973
"LOC100352648",16.8067210292194,2.8381729081462,0.86900888604199,3.26598836183714,0.00109082732499004,0.00817891712843835,2.0873041922058
"SULT3A1",21940.1506375506,2.65307767682363,0.81248647752862,3.26538071734267,0.00109317036922248,0.00818961456406198,2.08673653738977
"NPR2",685.263444290504,-1.25195521731244,0.383535110839715,-3.26425190791893,0.00109753535587535,0.00821542901435173,2.08536975253316
"LOC108178266",4.77449871955492,-2.57301629335455,0.78867003192662,-3.26247503923663,0.00110443898520641,0.00826018697094752,2.08301012222783
"KLHL32",93.3257015042179,1.01811936643701,0.312188926978432,3.26122830905963,0.00110930682684816,0.00828619286665728,2.08164496242679
"SERPINB1",2165.2607020967,-1.21025114372427,0.371156555596082,-3.26075647991881,0.00111115424665861,0.00828960023331493,2.08146641283352
"TRIM46",45.9605257186527,-1.48381221397896,0.455198219823171,-3.25970566087753,0.00111527889577129,0.00830996676194741,2.08040071329552
"PER1",2217.79285563367,-1.52197059008962,0.467145270795005,-3.25802418485255,0.00112190844465958,0.00834544879246361,2.07855030334068
"RASD1",77.5655946516844,-1.45699465806433,0.447585629759317,-3.25523109141777,0.00113300134174833,0.00841395886321202,2.07499961562823
"LOC103346474",22.3190595826485,-1.31649726672478,0.404565656707419,-3.25410040347757,0.00113752068243605,0.00844050734684287,2.07363144776865
"IL4R",2774.52260451513,-1.17876108899183,0.362275434907569,-3.25377040618993,0.00113884281408099,0.00844681132850524,2.07330720629139
"SI",14779.8792816006,-1.85328062312306,0.569776827735149,-3.25264302251429,0.00114337039184975,0.00847655679955296,2.07178052352434
"LOC100352752",12458.9544690514,1.30804433567018,0.402170492143748,3.25246222988096,0.00114409800196488,0.00847655679955296,2.07178052352434
"SPIN4",37.4490240729996,1.24976603396893,0.384257502157826,3.25241804506296,0.00114427589131867,0.00847655679955296,2.07178052352434
"LRRC32",477.318769456619,-1.39822990044696,0.43022931349126,-3.24996427858551,0.00115419505412978,0.00854295511079499,2.06839187564397
"LOC100345224",115.463274763831,-1.16873373133495,0.359646335449158,-3.24967507280543,0.00115536936701137,0.00854810738217229,2.06813003082337
"LOC100343865",10.3008647377048,1.89168546556999,0.582349303711334,3.24836906906939,0.00116068612803762,0.00858389099655457,2.06631580594139
"TNS2",2759.64122230888,-1.25100061282447,0.385133185417789,-3.24822856141933,0.00116125948200709,0.00858457950408467,2.06628097290006
"MFGE8",9258.97606480439,-1.00423993005514,0.309283274110975,-3.24699074963494,0.0011663218048063,0.00861487696731923,2.06475092051379
"FFAR4",238.214444251865,-1.04532958985224,0.321979991794193,-3.24656691873078,0.00116805984279524,0.00862415104913874,2.06428364556724
"MYH3",10.6616742742817,-2.03671918015349,0.627464584932574,-3.24595081389708,0.00117059062295381,0.0086285803650719,2.06406065160015
"MYOF",2110.95247090388,-1.09907157087243,0.338746771467573,-3.24452264477933,0.00117647662683007,0.00866482064465905,2.0622404224297
"EPHB3",252.380582329406,-1.40830913227945,0.434191397743422,-3.24352149673788,0.00118061901348839,0.00869174829740729,2.06089285881606
"LOC108176419",775.867374420491,-1.48434706844412,0.45783026164747,-3.24213402386901,0.00118638215519163,0.00872698807574088,2.05913561743805
"MYRFL",610.490372930533,1.66018540327384,0.512262997566104,3.24088487976259,0.00119159294470982,0.00875811015077634,2.05758959698661
"LOC108177222",19.2984700971519,1.72604449741436,0.532880788450974,3.23908186375378,0.00119915149877992,0.00878476763962746,2.0562697212674
"ADAM15",1433.50733251861,-1.57581015755656,0.486473522754129,-3.23925164238177,0.00119843787299739,0.00878476763962746,2.0562697212674
"PGLYRP1",729.50619517737,-2.37173453902115,0.732590788102059,-3.23746159184674,0.00120598171992469,0.00880632513195569,2.05520528430829
"PODXL2",19.354975880385,-2.07161885957395,0.639812186685694,-3.23785464341526,0.0012043215258866,0.00880632513195569,2.05520528430829
"LOC108178806",19.2348886728525,2.02379949110088,0.625068624182552,3.23772368793515,0.00120487442857264,0.00880632513195569,2.05520528430829
"GLIPR2",942.461169099155,-1.10484013963424,0.341302179967573,-3.23713179839404,0.00120737635153502,0.00880951080762617,2.05504820730273
"LOC100347263",3613.14513264471,1.13460101688829,0.350626418279709,3.23592563975934,0.00121248965698169,0.00883901004019072,2.05359637278757
"MS4A1",2111.78250622702,1.50842312518896,0.466383845688307,3.23429539666574,0.00121943258842093,0.00887514556922804,2.05182451496087
"CXCR6",247.339075880591,-1.23525129062521,0.381976995689141,-3.23383686600457,0.00122139199962406,0.00888578835705335,2.05130403505852
"LOC100343111",6.81331489936426,-2.13176446689215,0.659265986760664,-3.23354231782331,0.00122265220800177,0.00888772192681237,2.05120954177423
"LOC100351979",779.758389097534,-1.27964584067502,0.395779997995503,-3.23322514315025,0.00122401056537226,0.00889397920976792,2.05090389007638
"POLE2",163.919617543465,1.01786795908212,0.314873299217647,3.23262709671215,0.00122657559889121,0.00890659199638542,2.05028844189973
"LOC103348640",23.4106865671478,1.82316945507623,0.564251108025013,3.23113136890006,0.00123301255669807,0.00894121681581258,2.04860337377318
"ACSM3",2443.50410057547,1.03833391852413,0.321477934679974,3.22987616415344,0.0012384384684871,0.00896238365352505,2.04757646914395
"IER3",736.816911459081,-1.19132675243728,0.369027323468349,-3.22828873819003,0.00124533205846683,0.00899406486670485,2.04604398455211
"F2R",609.983339184884,-2.01346727126638,0.623878893257872,-3.22733673638506,0.00124948322090377,0.00901312048977198,2.04512482313153
"NRXN3",391.121640523853,1.83320718461118,0.568020623416354,3.22736025601566,0.00124938051083159,0.00901312048977198,2.04512482313153
"LOC103347895",12.220447165633,1.69824536811913,0.526241625405058,3.22712093862198,0.00125042597232799,0.00901628247493461,2.04497249055294
"ENO4",48.4686137727804,1.37469221632977,0.426003482696501,3.22695065220663,0.0012511703628117,0.00901801219163673,2.04488918189738
"LOC100349694",2166.23890205889,2.01870304229516,0.625983720509823,3.2248491073395,0.0012603908084054,0.00907714975835883,2.04205049933565
"LOC108178548",59.2457769827681,1.58079919975813,0.490307656962027,3.22409649800871,0.00126370808027036,0.00909371253415166,2.04125877861177
"MAGEE2",16.2133435352476,1.52462062899026,0.473002846328667,3.22328003060446,0.00126731593336863,0.00911600495330552,2.04019544751177
"CCSER1",141.793838769956,-1.13168909782778,0.351120714141998,-3.22307699958171,0.00126821457368483,0.00911879947892851,2.04006233425886
"LOC100358060",11258.8592729364,1.05447159222891,0.327467738448737,3.22007779216389,0.00128155814930863,0.00919624725768437,2.03638936045579
"LOC103350133",30.6267269008373,1.20270090306466,0.373778551805115,3.21768302984848,0.00129230544970359,0.00925823934627631,2.03347159592052
"PLXNB1",1933.77770774083,-1.45899732312903,0.453470787820729,-3.21740090500783,0.00129357704238243,0.00926018807872888,2.03338019250547
"CCL1",4.56864218733316,2.30036121175445,0.71503364983093,3.21713700089272,0.00129476755591441,0.00926350126938671,2.0332248346382
"NINJ1",1724.37308069509,-1.63757034179138,0.509025622962235,-3.2170685873565,0.00129507634529776,0.00926350126938671,2.0332248346382
"TNFAIP8L3",348.038339327884,1.22484467093676,0.380897656504776,3.21567919891207,0.00130136217502292,0.00929406435011513,2.03179432488457
"LOC103347347",134.238043680187,-2.06043016212896,0.640943158384139,-3.21468469579025,0.00130587875376711,0.00931467786256466,2.03083216008387
"LOC100340649",435.610305556472,-1.36873491578559,0.425998389277167,-3.2130049085586,0.00131354044658978,0.00936559053960606,2.02846483334412
"FOLR2",1226.92364609919,-1.46396897499135,0.455694895431072,-3.21260779892318,0.00131535775911919,0.00937333463391787,2.02810587811192
"ISLR",792.782099328331,-1.450960690842,0.451655508775939,-3.21253845607761,0.00131567533406993,0.00937333463391787,2.02810587811192
"PALD1",1384.04948188228,-1.31072591506435,0.408097525161367,-3.21179579451277,0.00131908099996312,0.00938637455188726,2.02750211978341
"LOC103346834",33.9543165815489,-1.58135336659647,0.492990887389506,-3.20767261027903,0.00133813733183117,0.00950306110706483,2.02213647810395
"CREB3L1",1156.59485445532,-1.65938221819555,0.517579566881749,-3.20604275047564,0.00134573993616247,0.00953432475580822,2.02071005932597
"LOC100008986",10710.7927521832,-1.44075079725137,0.449380112817408,-3.20608490709238,0.00134554279245488,0.00953432475580822,2.02071005932597
"CCNE2",410.67086291776,1.36292917162771,0.425591853776138,3.20243247029961,0.00136272246343015,0.00963554748173021,2.01612360414923
"MCOLN1",2981.23630776666,-1.20116094571066,0.375186272547166,-3.20150558162988,0.00136711426541564,0.00966277876405875,2.01489796381658
"AVPI1",1212.46602426171,-1.40198136866955,0.437970794900797,-3.20108414760191,0.00136911542650867,0.0096730981220721,2.01443440680348
"LOC108175897",34.2780940782771,-1.78629852841384,0.558345098357053,-3.1992732338299,0.00137774525755228,0.0097268862599286,2.01202616246051
"NCF4",762.335713107,-1.52795353141743,0.477596182889609,-3.19925825657322,0.00137781683972807,0.0097268862599286,2.01202616246051
"SLC25A45",252.480073951812,-2.03435925116036,0.636084176940721,-3.19825476707299,0.00138262073031609,0.00974924873940832,2.01102884900915
"LMOD3",10.3997064559007,2.44200043090948,0.763707407264625,3.1975602274908,0.00138595466037706,0.00976120549812446,2.01049654413109
"KCND2",14.2233264930438,2.20621060157649,0.690293022935082,3.19604939971119,0.00139323255772093,0.00980859864878364,2.00839303569585
"LOC100342244",9286.25010632054,-3.22716904756932,1.00980103471683,-3.19584644560629,0.00139421290046487,0.00981005727586988,2.00832845699094
"SLC16A14",223.283539187684,-1.69563513241008,0.530585804781039,-3.19577930116285,0.00139453737275443,0.00981005727586988,2.00832845699094
"ARIH2OS",26.8467660456601,-1.01328260434616,0.317146379174221,-3.1949997568458,0.00139830958374649,0.00983272376454311,2.00732616151109
"ADGRG6",513.587825312696,1.1159376074666,0.349299683012497,3.194785628897,0.00139934739375657,0.00983615205009782,2.00717476643108
"TDRD15",28.4247406178149,1.60871008068978,0.503604228462151,3.19439351333939,0.00140124969441889,0.00984176473531297,2.00692702086834
"LOC103345076",919.040419615882,-1.22520893594566,0.383563333348037,-3.19428065569014,0.00140179765125073,0.00984176473531297,2.00692702086834
"TMEM51",445.606971677439,-1.46069346827196,0.458039212042125,-3.18901401860245,0.00142758954421234,0.00999303148248492,2.00030274436661
"EFCAB8",36.0578205070706,-1.33429337343597,0.418471232861272,-3.18849485617641,0.00143015554381964,0.0100015768175963,1.99993152508038
"LGALS3BP",18431.9156834709,-2.27878459069301,0.714790202590299,-3.18804676174214,0.00143237370232462,0.0100131716578227,1.99942833857285
"GRIA3",6.51133726745885,1.54591202512329,0.485334131449275,3.18525305547125,0.00144627479171144,0.010090989582091,1.99606624219045
"YPEL4",192.121012753181,-1.13780182567458,0.357278982189145,-3.18463128926019,0.00144938548190767,0.0101083751420599,1.99531864891444
"LOC108176373",3.96802020761927,-2.54826177060135,0.800239765616083,-3.18437283435861,0.00145068034270729,0.0101134598774933,1.99510024414701
"LOC103345202",177.805060710146,-1.12461895223641,0.353214461805613,-3.18395500141025,0.00145277594393292,0.0101162329559022,1.99498117830964
"LOC103352354",26.2815894395441,-2.31105344465151,0.725998793342351,-3.18327449831134,0.00145619491538836,0.010136091944146,1.99412945863624
"LOC100349626",70.3278038176972,-1.23255734851377,0.38722797379285,-3.183027652783,0.00145743694401902,0.0101407883901674,1.99392827969801
"LOC100347962",395.919053756356,-1.52415628924457,0.478929985962678,-3.18241983988729,0.00146049937997232,0.0101538168030934,1.99337067647636
"SLC7A5",842.055060521977,-1.7390499378873,0.546517047106766,-3.18205982245887,0.00146231610594982,0.0101589197022359,1.99315247239683
"EPHX4",26.9965672221575,-1.52769273610323,0.480379232457854,-3.18018064246202,0.00147183270755934,0.0102131248632078,1.99084135847997
"LOC103351623",7.62523464806198,-1.88525367245165,0.593182581300707,-3.17820133611769,0.00148191806074775,0.0102631868794521,1.98871776307852
"LFNG",322.039659018277,-1.32132874087322,0.415869223680484,-3.17726983780943,0.0014866864168834,0.0102882383669341,1.98765898218765
"DOK5",15.057221245223,1.84956362320916,0.582250876411204,3.17657507809905,0.00149025210381729,0.0103009498668732,1.98712272646751
"ANXA9",43.4949296907009,-1.0113355893389,0.318368766819158,-3.17661685046313,0.00149003749478001,0.0103009498668732,1.98712272646751
"SLC18A1",1743.28273102943,-2.84963434776019,0.897160068430796,-3.17628308262139,0.00149175305066839,0.0103033561749218,1.98702128686456
"GMIP",815.401245064748,-1.62478721467008,0.511886546190034,-3.17411587931613,0.00150293675075224,0.0103645811804384,1.98444824250398
"TNFSF13B",339.088579051683,-1.25885988403071,0.396711854498992,-3.17323485485587,0.00150750525869794,0.0103896357670687,1.98339967738266
"LOC100342543",32.1058782877805,-5.83109726262964,1.83848854069159,-3.17167996077699,0.00151559930902374,0.0104358003269643,1.98147423905123
"ENDOU",6.21932643977334,-2.64201446506299,0.833102733570607,-3.17129491790231,0.00151760983648316,0.0104430703437438,1.98117179661092
"LOC103352316",18.6720383352833,1.06934194253983,0.337244968987608,3.17081658994036,0.0015201108799875,0.0104507622999141,1.98085203007238
"LOC100344430",816.099459482182,1.35963164400637,0.429437978000658,3.16607220054555,0.00154512436802506,0.0105942071647288,1.97493153889345
"ATP11C",2087.60595750337,1.0388457806411,0.328346641247628,3.16386906439417,0.00155686819884826,0.0106583757389555,1.97230897367302
"FETUB",19663.9233112545,-1.4433954023244,0.456348518378769,-3.16292338901906,0.00156193429481295,0.0106807863503372,1.9713967721164
"SLC28A3",29.8540308553996,-1.64766345640017,0.521418309866909,-3.1599647063041,0.00157788251306081,0.0107523127103414,1.9684981134866
"LOC100352011",162.109734409046,-1.05301723278449,0.333247282669613,-3.15986742442088,0.00157840942947893,0.0107523127103414,1.9684981134866
"SLC26A3",8985.36924340898,1.25320147411204,0.396835336676977,3.15798861211833,0.00158861763600192,0.0108094938117755,1.96619464276268
"CD1B",14987.9771538677,1.37771748523221,0.436415890295833,3.15689120370548,0.00159460830086914,0.0108302695418746,1.96536073459425
"LOC103347778",2998.46965987351,-1.36010657073874,0.431127995734653,-3.15476281799118,0.00160628630832105,0.0108965342547396,1.96271161154388
"SAG",49.2840060936675,1.27063626638964,0.402836908059369,3.15422008502354,0.00160927674081894,0.0109126789613576,1.96206862106023
"LOC108177088",16.4634718337624,2.1455368639847,0.680416898658378,3.15326804524577,0.00161453481580911,0.0109400340532933,1.96098132616215
"LOC108178182",8.96760835927283,1.61355991198898,0.512314690540933,3.14954839628996,0.00163523021647107,0.011052064680703,1.95655658209879
"LOC108175644",62.6200560688612,1.13956054559437,0.361820536560905,3.14951869903754,0.00163539642408165,0.011052064680703,1.95655658209879
"FAM83G",401.070632280703,-1.49114528979831,0.473762000640356,-3.147456503018,0.00164697608120875,0.011109319793059,1.95431253144299
"LOC100357878",414.199519508601,-1.49019167913478,0.473493050674026,-3.14723030678794,0.00164825080090617,0.0111095335845391,1.95430417381458
"PARD6B",782.583871957915,-1.07740608341771,0.342396455946834,-3.14666248643942,0.00165145473044153,0.0111269330217273,1.95362452616776
"C5",13774.557815686,1.08127163972542,0.343702773375444,3.14594970854161,0.00165548469537402,0.0111456832127347,1.95289330480363
"ADGRG5",69.4198879884865,-1.37452461767749,0.437222617149551,-3.14376375732488,0.00166790030888059,0.0112039526573621,1.95062873496895
"MUC15",25.957891602148,-1.26374396030643,0.402058400001931,-3.14318507037874,0.00167120140551631,0.0112187336188933,1.95005616387903
"RAB7B",69.0273942209317,-1.30886685210737,0.416991544859293,-3.13883307286008,0.00169622043884562,0.0113557829005114,1.94478291889461
"FAM131C",223.595447349659,-3.0036598987798,0.957042045416838,-3.13848269588988,0.00169824961863682,0.011364786430946,1.94443872120018
"SELL",1878.16193281175,-1.43100836703522,0.455970196340501,-3.13838136465962,0.00169883688634897,0.011364786430946,1.94443872120018
"LRRTM4",15.56160359607,1.77125998259108,0.564610175237561,3.13713790553954,0.0017060586113286,0.0114045615847041,1.94292140525831
"LOC103352280",26.4812675612357,-1.22265571857052,0.389942614797225,-3.1354760217893,0.00171575453935548,0.0114486299020137,1.94124648376935
"LOC103349441",28.7695897095884,1.93781882920869,0.618060535368111,3.13532205717446,0.00171665537530848,0.0114497070274773,1.94120562581124
"ERP27",589.98085668433,1.70386447869522,0.54354210575167,3.13474238824411,0.00172005087991786,0.0114509904947977,1.94115694582889
"LOC103347747",231.155769722675,-1.5149995656046,0.483291875989657,-3.13475073940002,0.00172000191784978,0.0114509904947977,1.94115694582889
"CD274",1622.29392238275,-1.30545554681663,0.416444123919855,-3.13476759986142,0.00171990307040305,0.0114509904947977,1.94115694582889
"NAP1L3",16.6675776878014,1.42176542255516,0.454169645262963,3.13047214269892,0.00174525551256969,0.0116101385512405,1.9351625975155
"LOC103349423",5.3749504981289,-2.49348576004636,0.79668015919748,-3.12984543578709,0.00174898302370316,0.011626281721344,1.93455915767907
"UPP2",4976.26402766459,2.54179593764588,0.812416183187627,3.12868698365017,0.00175589251254717,0.0116435285698192,1.93391538685319
"CASZ1",477.992511794261,-1.36270142587393,0.435504103266677,-3.12902086490674,0.00175389853650009,0.0116435285698192,1.93391538685319
"FOXJ1",5.71417256791784,-2.34561656790066,0.750135732440334,-3.126922857374,0.00176646271332785,0.0116946374076797,1.93201323894975
"FCRLB",8.48220608156623,3.17577291132836,1.01577412343264,3.12645581145182,0.00176927091194821,0.0117002284687659,1.93180565776191
"LOC103347513",50.3703755616665,1.34269552198818,0.429502316806974,3.12616595870799,0.00177101576757542,0.0117074359635394,1.93153820901097
"KIF17",4.79332339422368,-1.96241612624421,0.627801487706399,-3.12585453311631,0.00177289225022375,0.0117111784821691,1.93139940018375
"IL3RA",133.808472143576,1.00175964865889,0.320734092994427,3.12333384738209,0.00178814794407556,0.0117901676504428,1.92848001940495
"CD22",979.316372325312,-1.64267194261564,0.525968023601561,-3.12314032204364,0.00178932417144164,0.0117935728482741,1.92835460599665
"SCARA5",122.029760684548,-1.97062564169778,0.63103595997582,-3.12284206715143,0.00179113832707362,0.0117957406431325,1.92827478499229
"C1QTNF1",539.428517917361,-1.6247775612019,0.520862641892568,-3.11939738142522,0.00181221373281024,0.0118961882019769,1.92459217373682
"FLNA",5058.31330821607,-1.05001626383169,0.336642325105397,-3.11908570469547,0.00181413184469495,0.0119044077547438,1.92429220590754
"TTR",107093.882050872,1.82173209084367,0.584140545169217,3.1186537313823,0.00181679336730123,0.0119131259869807,1.9239742653212
"LOC108175690",64.4958262625193,-1.1330950455844,0.363325500384772,-3.11867745144344,0.00181664712753009,0.0119131259869807,1.9239742653212
"PLA2G2E",9.46928299514951,-2.77930180884051,0.891471164048087,-3.11765755408168,0.00182294481194895,0.0119446988686171,1.92282479454084
"DMC1",35.0264293427666,1.56767885354254,0.502880578400771,3.11739788903356,0.00182455139829893,0.0119479989883289,1.92270482284086
"PROK2",64.8894845188561,-1.90347708228905,0.611259012899137,-3.11402701984067,0.00184552588188165,0.0120528955566805,1.91890860676346
"EXOC3L1",284.287669037699,-1.22788342474022,0.394480968448996,-3.11265567403153,0.00185412199412498,0.0120913647008333,1.91752467940446
"LOC108175763",62.7919453698328,-3.05322449454296,0.980947778081887,-3.11252501179332,0.00185494295074527,0.012092306799625,1.91749084266409
"RNF182",20.1335689847801,1.2778974288896,0.41066680473489,3.11176217350843,0.00185974256739328,0.0121147588892693,1.91668522486959
"USH2A",45.3223391181946,3.10953426324331,0.999487617603935,3.11112835064207,0.00186373912146602,0.0121363704175611,1.91591117679551
"LOC103349613",42.1565911336175,1.20940718209861,0.388994007820515,3.10906378449058,0.00187681196152548,0.01220371546463,1.91350792669184
"XKR4",51.6770913100176,1.45338753215468,0.467679425136191,3.10765762622857,0.00188576392464846,0.0122387969805453,1.91226126931365
"SIGLEC15",185.280119953345,1.4015453647248,0.451009893353344,3.10757122045382,0.00188631528287566,0.0122387969805453,1.91226126931365
"PIK3CD",3557.08772428977,-1.45485354744775,0.468303756755937,-3.10664504920034,0.00189223452033122,0.0122638477341989,1.91137325024498
"LOC103347271",38.9176091176289,-1.94214858533266,0.625234386744801,-3.10627282585047,0.00189461823298072,0.0122703988820762,1.91114131914187
"ROR1",57.2822496429575,1.32782507193776,0.427550020308069,3.10566017744779,0.0018985476301853,0.0122869438412608,1.91055612670918
"CD38",2013.04328177299,-1.00456138873065,0.323532814331161,-3.10497527370565,0.00190294931787783,0.0123109732381709,1.90970761276652
"LOC103352122",40.7566654140186,-1.66115415893562,0.535089503972056,-3.10444168051251,0.00190638506747072,0.0123287384518955,1.90908136066386
"SLC19A3",765.649082420728,1.45441619011751,0.468513487131286,3.10432085749104,0.00190716382461366,0.0123293140560467,1.90906108479604
"CNKSR1",335.238922506444,-1.08927039879869,0.350908496110627,-3.10414370376283,0.00190830618599731,0.0123322390002538,1.90895806718543
"GSG1",19.5194112562855,-1.44900282081502,0.467609848043414,-3.09874316564968,0.00194343414303576,0.0125185172276628,1.90244710866391
"ARPC1B",10590.8684775664,-1.4622898584921,0.472034296722013,-3.09784663666772,0.00194932277618926,0.0125474053382726,1.90144607209308
"LOC108178115",53.1603403907061,-1.22741092470265,0.39626569804907,-3.09744429241679,0.00195197079849345,0.0125547926691454,1.9011904548658
"LOC103346698",33.9993868144239,2.13806201366427,0.69036437999338,3.09700511153947,0.00195486503005278,0.012560464562255,1.9009942974545
"IKBKE",2648.82513307938,-1.46139021575122,0.471922558843855,-3.09667378336697,0.00195705111171703,0.0125699923183406,1.90066498771606
"ZFYVE28",138.289058170447,-1.1934194682477,0.385540258206643,-3.09544708456373,0.00196516434137754,0.0126062307624552,1.89941474719108
"LOC100345735",5.16722289195475,2.49721027210069,0.806905577541947,3.09479862527146,0.00196946563269419,0.0126225163802111,1.89885405704914
"LOC103350087",7.56089124801869,-2.72193617604801,0.879928180400398,-3.09336175005719,0.00197902736893458,0.0126656334478001,1.89737308490978
"COL4A6",112.775569554503,1.16345128050024,0.376248834990449,3.09223889166269,0.00198652910925265,0.0127000027996749,1.89619618330521
"TXNRD3",54.6122561525884,-1.0716015217438,0.346724995804582,-3.09063821388802,0.00199726825799853,0.0127440231465894,1.89469344841009
"GYPA",327.722159695295,1.28499337494919,0.415872988156395,3.08986977164758,0.00200244274078304,0.0127561168893431,1.89428150979878
"LUZP1",1625.64412675995,-1.07015176529349,0.346394498766471,-3.08940173445121,0.00200560040301649,0.0127671321951281,1.89390664476493
"MPPED2",25.9890243168339,1.74979741926707,0.566550232884514,3.08851239961232,0.0020116129885371,0.0127962925872244,1.89291583833126
"SLC36A2",56.833714991839,2.46821438456364,0.799363611613158,3.08772422049917,0.00201695550550833,0.0128211520842679,1.89207294819009
"DCT",4.52482192427303,-2.70630300746698,0.877151330299376,-3.0853319307437,0.002033251007899,0.0128925949303594,1.88965966212567
"GCKR",3063.30822612324,1.40709273566034,0.456074213027191,3.08522756926064,0.00203396462677559,0.0128925949303594,1.88965966212567
"TNP2",3.62473198808056,-3.14414942806961,1.01933056510488,-3.0845238391788,0.00203878270261062,0.0129094016327187,1.88909388737192
"LOC100356756",17.9805187809111,1.33682739338448,0.433444364415981,3.08419604252027,0.00204103052975439,0.0129190583283852,1.88876914096093
"LOC100348108",994.677197009514,-1.30107817965008,0.422275203912158,-3.08111432448856,0.00206227449878414,0.0130396733872538,1.88473328650976
"GALNS",1425.25811985261,-1.0588696882408,0.34370284738181,-3.08077077716068,0.00206465528332379,0.0130460726694687,1.88452020669186
"SUSD2",1520.59986931952,-1.27758696955237,0.414783902088684,-3.0801266951754,0.00206912557031469,0.0130691235227474,1.88375353728542
"RLA-DMA",2314.36927292678,-1.26157146632453,0.409732630362426,-3.0790114646437,0.00207688689204255,0.0131088817779875,1.88243435318879
"BDKRB2",85.4222208614657,-1.19604240927,0.388793501358824,-3.07629218361381,0.00209592349656225,0.0132010685345491,1.87939091425803
"PLEKHA4",220.830254027401,-1.44624289690945,0.470221475504368,-3.07566321882296,0.00210034935676813,0.0132196284338839,1.87878075146019
"PARPBP",159.321906812902,1.21479592376965,0.395120579504524,3.07449418426393,0.00210859832510516,0.0132575431098328,1.87753695200257
"ATP6V0C",4884.57910388363,-1.36012840035738,0.442480747576223,-3.07387023685834,0.00211301318778935,0.0132667284517242,1.87723616006956
"LUZP2",85.4169771679808,1.62842174030118,0.53042059732623,3.07005751381038,0.00214017553323406,0.0133943437798949,1.87307855863298
"LOC108177688",27.6528400067005,1.29400314379959,0.421504362240758,3.06996382414773,0.00214084700302991,0.0133943437798949,1.87307855863298
"LANCL3",7.31140215255436,-2.14228559587229,0.697989407143658,-3.06922365002507,0.00214615859418889,0.0134041177047961,1.87276176717525
"LOC100344919",1320.98511818653,-1.68918681653459,0.551296781040593,-3.06402445039891,0.00218381061231625,0.0135917878465017,1.86672341296573
"SLC9C2",59.0287289053101,1.02866860525164,0.335756445066107,3.06373450269616,0.00218592810040989,0.0136002313939529,1.86645370249287
"CAPG",2378.3961449862,-1.30246057615264,0.425168127259129,-3.06340125857747,0.0021883641066637,0.0136059159675178,1.86627221564475
"PRR16",559.39930421994,-1.19823254198976,0.391460622502357,-3.06092739119003,0.00220652596240205,0.0137045349471636,1.86313569732313
"SDS",7107.68801335028,-2.33122569766312,0.761885101175728,-3.05981268575224,0.00221475461400441,0.0137365505639587,1.86212231088024
"MPP3",39.8344230823209,-2.14031992020531,0.699490490696361,-3.0598270436451,0.00221464844683301,0.0137365505639587,1.86212231088024
"LOC103347753",1270.08597189187,-1.42983039214755,0.467888725878635,-3.05591973703258,0.00224371309783038,0.0138730568848092,1.85782783294771
"F2RL1",224.146386765743,-1.27413450238533,0.417048724982664,-3.05512144279614,0.00224969406971842,0.0138992668854604,1.85700810593264
"ARHGEF4",251.491190311627,1.68707847421566,0.552566619273742,3.05316755549411,0.00226439464777586,0.0139611975027645,1.85507732909553
"PTK2B",2985.15720248173,-1.14633695307978,0.375519829432775,-3.05266689860648,0.0022681756077851,0.0139661174609572,1.85492430967929
"SLC6A8",178.217095582878,-1.09797486927601,0.359705697991649,-3.0524255673634,0.00227000020609327,0.0139725391473544,1.85472466493223
"INSC",18.013597537861,1.48218038386368,0.485690011642969,3.0517003609974,0.00227549126391224,0.0139966986725503,1.85397438699079
"TRPM2",314.985556906634,-1.73255422199389,0.567799059841576,-3.05135098757877,0.00227814096155606,0.0140033595900325,1.85376775886635
"LOC108175948",4657.35393117188,-2.50028480332385,0.820166718421601,-3.04850800107521,0.00229980788532634,0.014107435123613,1.85055193825953
"SGIP1",99.9946274277391,1.09810978463259,0.360265211739391,3.04805945411943,0.00230324353226785,0.014118819663679,1.85020160887754
"NOL3",72.5213525180955,-1.60212631471462,0.525726745433039,-3.04745065498799,0.00230791415177166,0.0141363275370098,1.84966340083377
"LOC100342847",6507.3905482999,1.47938950822375,0.485463080371199,3.04737799441426,0.00230847217233744,0.0141363275370098,1.84966340083377
"RN18S",10274.0362915405,1.0317384202129,0.338797373804762,3.04529639243148,0.00232451108890604,0.014210203732625,1.84739969551936
"LOC108177415",6.47940602585395,1.55925929970173,0.512063902773291,3.0450482669388,0.00232642970865522,0.0142170704417819,1.84718988476259
"LOC100354396",15.0531092093153,1.34575071575515,0.441978148981309,3.04483540386985,0.00232807681886216,0.0142174148059997,1.84717936545983
"FGF14",12.3986940861789,2.23941425444481,0.735544881620973,3.04456507060406,0.0023301701662816,0.0142222726212045,1.84703100079419
"LOC100350841",10.3027611691963,1.83401930049307,0.602567625434565,3.04367381033854,0.00233708392765117,0.0142578072378036,1.84594726114246
"DGAT2L6",6.59936038320575,2.0086792974944,0.660043879860482,3.04325115160372,0.00234036917469355,0.0142729781636463,1.84548539863801
"C7H2orf72",1469.72161145083,1.42005444406257,0.466719939673618,3.04262647328852,0.00234523242642661,0.0142920317223599,1.8449060285156
"LOC103345863",6.31682769022443,2.79891281917497,0.919980796095005,3.0423600482264,0.002347309415039,0.0142957941375885,1.84479171438833
"IGFBP1",1558.15137834428,-2.55114848497666,0.839348161418677,-3.0394401301418,0.00237018306845915,0.0143939344049912,1.84182048077978
"MAST1",23.8842921274359,-1.9544556520394,0.642991606000401,-3.03962856404409,0.00236870080330044,0.0143939344049912,1.84182048077978
"PGRMC2",5756.33324826771,1.02830369751508,0.338327003815778,3.03937813392809,0.00237067093081365,0.0143939344049912,1.84182048077978
"FZD4",5799.57613387579,1.09181533151482,0.359265587709217,3.03902007001715,0.00237349041679799,0.0144061600000897,1.84145176609895
"LOC100341622",448.087025527625,1.22336791559567,0.402579694231519,3.03882171188725,0.00237505366010173,0.0144107549810993,1.84131326585247
"SOCS1",182.99849498069,-1.89188121369673,0.622801644590032,-3.03769463380607,0.00238395397372379,0.0144549448033625,1.83998356235658
"LOC100356073",11.339508296149,-1.82724443614041,0.601597045687335,-3.03732282137914,0.00238689679446762,0.0144580752968854,1.83988951780065
"LOC100346229",1597.77519429235,-1.23080920890842,0.405222794556572,-3.03736419925557,0.00238656913250364,0.0144580752968854,1.83988951780065
"LOC108177081",74.5402977631161,1.06309470587744,0.349997320491348,3.03743669918673,0.00238599512136806,0.0144580752968854,1.83988951780065
"LOC103346473",166.699077715665,-1.05028115656393,0.34583793083538,-3.03691718842682,0.00239011109070507,0.0144726408354855,1.83945221555445
"DFNB59",53.5895917676199,1.17145764197978,0.385925832196952,3.03544760222722,0.00240178952316654,0.014529081018148,1.83776185448168
"SLC44A3",767.664222119556,1.12909920583622,0.372079402908071,3.03456519498659,0.00240882686604919,0.0145613054550657,1.83679968776224
"MYOC",8.37386721165106,-2.07506374364779,0.683865542583454,-3.03431539452737,0.00241082249078781,0.0145684421983881,1.83658688479927
"LOC100348748",71.7508926548358,-1.76428522153248,0.581553817644653,-3.03374368459656,0.0024153955065178,0.014586214418583,1.83605740656056
"AGXT",5848.76753486685,-2.48125235969971,0.818828501560609,-3.03024669386896,0.00244354061276114,0.0147312945878939,1.83175908563032
"INPP5D",2206.48655158947,-1.11929501238893,0.369642679645423,-3.02804593198655,0.00246140672047572,0.0148140219287891,1.82932701680978
"CCNA1",5.81380297433776,2.29807985149924,0.759035662328421,3.02763093429581,0.0024647890980045,0.0148293857714003,1.82887683694302
"FAM155B",19.0373062519696,-1.09538616241537,0.36189605963081,-3.02679770410551,0.0024715930632,0.0148553214541695,1.82811794606419
"LOC100348029",674.44954990884,1.48174956357637,0.489560523034391,3.0266933174926,0.00247244667043426,0.0148554568853823,1.82811398675839
"ARID5A",633.871077564288,-1.67558247277977,0.553662851769108,-3.02635885255046,0.00247518352880086,0.014861909834503,1.82792537783718
"RNF150",150.174766727312,-1.54097262512427,0.509285172607566,-3.02575591830881,0.00248012422009626,0.0148815778564017,1.82735101919341
"LOC108176550",7.60988519533949,1.96793314827773,0.650518566367116,3.02517599039155,0.00248488489981627,0.0149051401289315,1.82666393664339
"PLS1",4075.37217835723,1.05612013787475,0.349327975697792,3.02329103692631,0.00250041645998077,0.0149832196520806,1.82439485373349
"VTCN1",12.8767234228796,1.9014547842464,0.629186358861166,3.02208520173268,0.00251039877590099,0.0150228919046636,1.82324645765503
"B4GALNT2",41.2943691271107,-1.68677244605878,0.558283931594179,-3.02135230946412,0.00251648370715111,0.0150542658183822,1.82234041974605
"GCSAML",157.098892373869,1.1081011283316,0.366794655385835,3.02103946189178,0.00251908527029426,0.0150647872888959,1.82203699607897
"LOC108177988",20.1720633525868,-2.32893262632654,0.771081258502877,-3.02034655964583,0.00252485603502411,0.0150892014797914,1.82133374247068
"DUSP4",243.618833333255,-1.38098857393563,0.457350707231422,-3.01953960516528,0.00253159191203371,0.015119346952089,1.82046696685261
"SHH",32.9418971958029,1.75608075967583,0.581633161324092,3.01922393090191,0.00253423140389087,0.0151300555593017,1.82015947719467
"ICAM4",5.75067202061382,-2.48041365312256,0.823054296193188,-3.01366952896672,0.00258108789991587,0.0153431813139329,1.81408458277032
"SDCBP2",7327.87027223509,-1.63326120643952,0.54197875737157,-3.01351516867622,0.0025824013123365,0.0153458854581167,1.8140080477027
"LOC103345487",404.85722005592,-1.84446728998291,0.612253817191462,-3.01258601937979,0.0025903201261958,0.0153878272701063,1.81282269733667
"FGF10",59.0340472486997,1.16502500694602,0.386887887769838,3.01127288750662,0.00260154935413809,0.0154288967170598,1.81166512817042
"FAM129B",2219.21932135872,-1.35982463765833,0.45217800183994,-3.00727729373194,0.00263599192061824,0.0155969399473853,1.8069605999997
"SPRED3",48.5411651077775,-1.0529862704663,0.350345853265051,-3.00556224842677,0.00265090329777025,0.0156564255516644,1.80530738278772
"LOC108177413",5.62286186303696,-1.72479181312158,0.57431555271764,-3.00321278948468,0.00267145571692817,0.0157323636126202,1.80320602456018
"TTN",97.0106462602593,-1.19466539408895,0.397976462376644,-3.00184937308761,0.00268344917939114,0.0157888920610983,1.80164834425601
"ACTA1",847.903804462491,-2.75290545067518,0.917569975776558,-3.00021308821198,0.00269790791754343,0.0158532415071949,1.79988192431342
"LOC108175633",42.4697441063292,1.36603800451926,0.455475631629847,2.99914618841651,0.00270737369001608,0.0159034849520333,1.79850769771738
"LOC100359182",300.844188601498,1.02634115881604,0.342572278550261,2.99598427274803,0.00273560542403723,0.0160429615992997,1.79471545603274
"MFAP3L",1012.80909419711,1.08242524248685,0.361323560056285,2.99572284275688,0.00273795164498803,0.0160514547898199,1.79448560010902
"LOC108178943",18.8659626043164,2.32694653421998,0.777228985875773,2.9939008664197,0.00275435421151036,0.0161264597218302,1.79246096379698
"CDCP1",1449.3174860284,-1.00505533359133,0.335852556974089,-2.99254929796134,0.00276657981103336,0.0161795702602646,1.7910330177098
"LOC100337780",6.22002179592992,2.48942436664791,0.83200069645395,2.99209408989443,0.00277070853651971,0.0161851029706829,1.79088453324274
"CD40LG",78.0348397702129,1.03322983195083,0.345469164345488,2.99080189662758,0.00278245937869702,0.0162325265646897,1.78961387772743
"DIRAS3",52.1018261523402,-1.05463790529892,0.352701505502513,-2.99017126052899,0.00278821071817837,0.0162607721329326,1.78885883604144
"LOC108176170",722.943973864165,-1.34980655916509,0.451951836080902,-2.98661594312778,0.00282083850512801,0.0163913360756436,1.78538564517078
"ISG20",38.176742203282,-2.25950396412923,0.756887271654946,-2.98525823956425,0.00283339011700676,0.0164491225532627,1.78385726369818
"PKIA",129.2098506197,1.03116762584107,0.345444141469453,2.98504881702345,0.00283533070653111,0.0164502932705801,1.78382635518153
"LOC103351915",19.4301863907708,-1.7138104045277,0.574241510475442,-2.98447669362801,0.00284063840918722,0.0164591285459389,1.78359316290923
"TMCC2",353.084611447292,-1.39852162821195,0.468622323458161,-2.98432566739816,0.00284204102226508,0.0164619194014868,1.78351952897333
"HFE2",1501.65429815327,1.18108767445071,0.395843489417378,2.98372388589514,0.00284763617847226,0.0164836453012279,1.78294673929285
"CNKSR2",123.856223768993,-1.16832300514888,0.391558780137647,-2.98377424901102,0.00284716753431319,0.0164836453012279,1.78294673929285
"FBXO43",28.6538536467465,1.62910546606429,0.546124965509528,2.98302690583712,0.00285412902625599,0.0165105360337624,1.78223882663266
"F9",6389.38262076751,1.75074193255341,0.587155166578639,2.98173639986004,0.00286618666867214,0.016566512866589,1.78076889786773
"GPR1",19.8645252425156,-1.67726305888547,0.562520232046734,-2.98169374776573,0.00286658597462152,0.016566512866589,1.78076889786773
"LGR5",366.430765776193,1.82017723497932,0.610649093498021,2.98072535333292,0.00287566569357259,0.0166082469378384,1.77967620652532
"TRNAR-ACG_6",3.65820468787497,2.20445085127027,0.739645626003272,2.98041490920751,0.00287858198707101,0.0166151030533077,1.77949696071425
"COL13A1",315.248115082799,-1.21338611303559,0.40712175149603,-2.98040109273655,0.00287871184090036,0.0166151030533077,1.77949696071425
"LOC100354805",13.120372262532,1.30767854513978,0.438798578473249,2.98013395961697,0.0028812235376393,0.0166242319997749,1.77925840893999
"C3H8orf88",5.90907424770892,1.6076811196469,0.53969090309319,2.97889238160698,0.00289292364741903,0.0166755918083248,1.77791874424626
"WFDC1",194.22243736995,-1.70487494971764,0.572350852840145,-2.97872352466609,0.00289451823016175,0.016679404695081,1.77781945383347
"CDK15",188.401639197304,1.53060078404729,0.513917403101868,2.97830113323462,0.00289851055331687,0.016697027438137,1.77736083915915
"CERCAM",266.104634071276,-1.33827767974345,0.44936368383944,-2.97816162692315,0.00289983023085948,0.0166992478661769,1.77730308902757
"TESK1",2586.8959907932,-1.10219331877772,0.37028000596836,-2.97664821489686,0.00291418182989689,0.0167677276120957,1.7755257896537
"MICALL1",1331.42546684854,-1.25354615907227,0.421278579085577,-2.97557535869307,0.00292439489773431,0.0168019792397422,1.77463955623435
"PDE1C",1168.54703251873,1.70204900000166,0.572053839460765,2.97533008712268,0.00292673434633567,0.0168054534021041,1.77454976600464
"LOC100355422",65.9619216983207,-2.65812419904704,0.893652631026981,-2.97444902723818,0.00293515216357576,0.0168265660440176,1.77400450555125
"ITGA5",2151.01063019658,-1.02026498786486,0.343020673368025,-2.97435422141519,0.00293605927224005,0.0168265660440176,1.77400450555125
"DCHS2",15.0712821246205,2.15559842483519,0.724758399302998,2.97423034615153,0.00293724490484825,0.0168279656006931,1.77396838442806
"ADA",3184.05021492627,-1.15674154970855,0.389021705920636,-2.97346274540408,0.0029446014980023,0.0168593055018549,1.77316031956444
"GSDMD",1810.32602610981,-1.62502133937239,0.54652993200414,-2.9733437168087,0.00294574375831076,0.0168604449823263,1.77313096762239
"LOC108176013",35.3890210227882,1.00758923240109,0.338939855055417,2.97276704811344,0.00295128349803785,0.0168759413075581,1.77273199371016
"SGCZ",5.61856020136763,1.63659151867853,0.550858440148714,2.97098383068561,0.00296847409294902,0.0169525477352919,1.77076502405494
"LOC103347274",18.4931885217419,1.15024968941594,0.387409397304073,2.96908050610121,0.00298692330577995,0.0170415748773752,1.76849027289391
"LOC100348203",69.466226826901,-1.53260216704886,0.516335816573004,-2.96822749430974,0.00299522557575751,0.0170780405635296,1.76756195924787
"GPC5",14.6266374307183,2.55569025473537,0.861432166562766,2.9667922257105,0.00300924241234707,0.0171209036377276,1.76647331708165
"LOC103350042",106.536942007653,2.97873453617927,1.00446373698255,2.96549733604868,0.00302193962545251,0.0171701115082529,1.76522688438121
"RND2",763.662947224891,1.27692686231386,0.430622835271543,2.96530224995767,0.00302385679834104,0.0171755450493633,1.76508947213305
"LOC100344012",10312.5576332248,-1.78985274260897,0.603799873266132,-2.96431453840348,0.00303358039194841,0.0172051280243317,1.7643420914212
"PDPN",109.415235559698,-1.21820381835028,0.41096050845084,-2.96428438572462,0.00303387768015069,0.0172051280243317,1.7643420914212
"LOC100341106",13.1552134501351,-2.22784893686518,0.75164316164417,-2.96397153669557,0.00303696376155692,0.01721170806526,1.76417602877133
"CYP4A7",3823.10062282336,1.68197105840958,0.567545438754067,2.96358836413523,0.00304074744630014,0.0172276895729366,1.7637729624246
"LOC108176786",24.3368055083189,1.15965534579472,0.391665307387462,2.96083243504512,0.00306808812853116,0.0173484664062256,1.76073891054176
"RIMS2",43.5202506083568,1.79161093709236,0.605161255984943,2.96055129004647,0.00307088984167215,0.0173544596648402,1.76058890364232
"ZNF367",409.172567626053,1.10134035365963,0.372134747712484,2.95952033619428,0.00308118365128797,0.0174016296261524,1.75941007904467
"A4GALT",585.126837994096,-1.29763749433283,0.438669751971794,-2.95811937910016,0.00309522228004848,0.0174533432983806,1.75812136887892
"LOC100353328",146.033500204852,-1.30415811989727,0.442155926406876,-2.94954345742994,0.00318243812705919,0.0178270390226208,1.74892078486304
"LOC103350375",27.7725938141389,-1.64636891082127,0.55850848971017,-2.94779567572129,0.00320048524837356,0.0179056882049068,1.7470089822282
"AVPR1A",30.9019517920092,-1.96881202640933,0.668511214839893,-2.94506955561076,0.00322882068273499,0.018033577776734,1.74391810275354
"MYCN",18.2345853707342,1.58396023132385,0.537912863910101,2.94464092159836,0.00323329666556669,0.0180384450365183,1.74380090255714
"RBP2",2690.3031613417,1.88303381734085,0.639921238467585,2.94260247065738,0.00325466053359588,0.0181349928422776,1.74148261149573
"AQP7",16.9240623419535,-2.92963107693654,0.997223216332457,-2.93778868056342,0.00330562257305513,0.0183617164367186,1.73608672378005
"LOC100340903",5471.42478062342,-1.17291584421495,0.399518306771475,-2.93582502812783,0.00332661903885167,0.0184554051270868,1.73387641687162
"HYAL2",1808.272734377,-1.31507025545798,0.448701528149506,-2.9308352500636,0.00338052011241697,0.0187021965365068,1.72810738342807
"FGF1",639.009604421331,1.51353978896225,0.516522322440047,2.9302504910384,0.00338688863708841,0.0187258380414338,1.72755873711976
"SLC51A",2509.18268160258,-1.93586236211998,0.660785968487881,-2.92963600082178,0.00339359272892936,0.0187419249512581,1.72718580550929
"NECTIN2",1317.81751626663,-1.88546877280526,0.643772808661421,-2.92877976117951,0.0034029544557863,0.0187682230475718,1.7265768439032
"TRPV4",51.3609696273276,-1.04593401434876,0.357146558897725,-2.92858488564713,0.00340508841628634,0.0187741997042314,1.72643856678419
"PNPLA1",18.06650086365,-1.2419224361885,0.424102216394029,-2.92835639188133,0.00340759206073445,0.0187822103255098,1.7262533004785
"LOC100351519",1679.71731451577,1.15547889326809,0.394743830452965,2.92716137435812,0.00342071339121673,0.0188429127482278,1.72485196286448
"LOC108178652",43.5451530343785,-1.8294641238753,0.625087301304168,-2.92673378591814,0.00342541948764552,0.0188514080485418,1.72465620594233
"NANOS1",4.23649159313627,-1.74719843489604,0.597015571388467,-2.92655421169773,0.00342739766267282,0.0188564891413594,1.72453916464591
"MUC17",1109.08687992108,-1.63171761364671,0.557598686734577,-2.92632972864842,0.00342987201224154,0.0188642960673285,1.72435939612314
"CRABP2",44.7217878748647,1.14583798582826,0.391643379605526,2.9257177460331,0.00343662581140373,0.0188956279233595,1.72363867140408
"LOC108177256",10.5478994710883,1.42982227133605,0.488912821597975,2.92449330059045,0.00345017506253499,0.0189256935849877,1.72294819559997
"PDE1A",842.806690538202,1.39295726303294,0.4762833318567,2.92463995664673,0.00344854966282066,0.0189256935849877,1.72294819559997
"ST14",2421.27124510746,-1.17449039791426,0.401542314321506,-2.92494802172673,0.00344513762471741,0.0189256935849877,1.72294819559997
"TMEM63C",57.6024649044829,-1.23585797977928,0.422866642835541,-2.92257145536997,0.00347153955005897,0.0190232279145629,1.72071578884236
"LOC103350695",3.58456271293353,1.98997783675705,0.681109128038485,2.92167254091567,0.00348157374033094,0.0190665228579705,1.71972850156783
"LOC108177281",6.0793809437785,-1.34728776457469,0.461466377426997,-2.91957947637871,0.00350504006586107,0.0191715395279274,1.7173430106672
"LOC103348514",18.882042916597,1.05576948874917,0.361677189315035,2.91909337923314,0.00351051048163817,0.0191897170823493,1.71693142810352
"SGCD",58.1184574941958,1.14173385733305,0.391222735660143,2.91837297085126,0.00351863206706459,0.019222355806473,1.71619338820468
"MLNR",11.2107744094625,-3.37248388888202,1.15599711765292,-2.91738088043795,0.00352984446724124,0.0192776324468698,1.71494630437493
"FBXO10",442.899620319068,-1.08988652318086,0.373595922779765,-2.9172869850171,0.00353090733600289,0.0192776324468698,1.71494630437493
"LOC103352486",484.724998364688,2.25873008103138,0.774307168070623,2.91709824495046,0.00353304469946349,0.0192834119092855,1.71481612176727
"RTN2",62.2924999086612,-1.10063590490405,0.377551661998257,-2.91519284825484,0.00355468814935089,0.0193719666675754,1.71282628689478
"OAF",1027.05576173588,-1.20416186037299,0.413160716747137,-2.91451198423098,0.00356245130651777,0.0193995572891737,1.7122081808462
"LOC100345607",413.41530546023,1.03476279953833,0.355136403548233,2.913705238888,0.0035716697150187,0.0194230593720594,1.7116823622881
"LOC108178741",11.1348261617626,2.06228477584319,0.708346941712591,2.91140492659874,0.0035980738839779,0.0195369279226486,1.70914372573153
"NPVF",19.8066594672389,-1.83524486335676,0.630758399319048,-2.90958450230397,0.00361909536497271,0.019609375461924,1.70753623793647
"STK32A",11.4762523892882,2.23038777396089,0.768124181922453,2.90368123599324,0.00368803444616894,0.0198864602489502,1.70144251356525
"COL4A2",5027.76527241391,-1.55246437758935,0.535209328380372,-2.90066763650655,0.00372368603498593,0.0200183121429695,1.69857254313525
"NCF1",289.121755961593,-1.28774570602745,0.443977736345166,-2.90047360624025,0.00372599215820128,0.0200246872603271,1.69843425787418
"SMTNL1",120.144968715614,-1.18233674317828,0.407938072182285,-2.89832409329513,0.00375162693213461,0.0201321919579424,1.69610893731137
"LOC108178927",14.0572363209648,-1.31542194310054,0.454091196816073,-2.89682326440992,0.00376962052160456,0.0202054261850765,1.6945319847227
"PIP5KL1",153.790641516134,-1.63689673279896,0.565090681168603,-2.8966974458221,0.0037711325309598,0.0202065329708952,1.69450819617179
"OLFML1",460.788898546819,1.07838919637568,0.372546353709558,2.89464434596616,0.00379588341062975,0.0203080960322804,1.69233079158461
"MVP",6725.59827037469,-1.27278903291127,0.439800685141488,-2.89401330173417,0.00380352048854193,0.0203252402788302,1.69196431160581
"LRRN4CL",50.18226196138,-1.22943116769384,0.425197790823705,-2.89143357333103,0.00383488652448536,0.0204561613324905,1.68917585979918
"LOC108176482",60.1092881529009,2.25969183125426,0.781847573592454,2.89019485073205,0.00385003108883796,0.0205246960074496,1.6877232665235
"PLBD2",5467.11656461733,-1.23480347524201,0.427238299738,-2.89019845832933,0.00384998690374133,0.0205246960074496,1.6877232665235
"THEMIS2",602.895146625328,-1.19803483561691,0.414638064269771,-2.88935083113221,0.00386038113568868,0.0205670968253172,1.68682700736837
"SLC35F6",1481.78433388969,-1.0909007247559,0.377654645810946,-2.88861989877918,0.0038693648328354,0.0206031862933967,1.68606561057102
"LOC103346647",60.4503167883544,-1.13432492038278,0.392712752057507,-2.88843414032217,0.00387165096573076,0.0206092200751749,1.68593844312893
"CLDN18",528.159980893517,2.38652103770107,0.826411230418624,2.88781293121122,0.00387930511389323,0.0206376722948933,1.68533928797947
"GALE",1525.50113498044,-1.14298786786103,0.39579434165122,-2.8878327645933,0.00387906052715398,0.0206376722948933,1.68533928797947
"LOC100348276",1703.88365990613,1.31426390637774,0.455374753585201,2.88611499875749,0.003900296153201,0.0207246711469881,1.68351235198066
"CHST13",33.9903169129389,-2.10397096983071,0.729025608546747,-2.88600420227323,0.00390166947666124,0.020725807398312,1.68348854199354
"LOC108178006",482.581034956103,1.6375116187746,0.56879066327977,2.87893547572028,0.00399019963799633,0.0210890693960548,1.6759425840858
"LOC108176411",228.364672479819,-1.30402253289788,0.453025337163554,-2.87847593925435,0.00399601762156002,0.0210953127927572,1.67581403069161
"SNPH",76.6799461640444,-1.10898883899978,0.385384850410121,-2.87761399499645,0.00400695108426019,0.0211343318474922,1.67501147764495
"METTL21C",5.17930121629946,2.34426841123341,0.815965509033591,2.87299939186143,0.00406594899036472,0.0213761288831674,1.67007094070344
"LOC103347592",198.8529945275,-1.95883981614338,0.681791046385881,-2.8730794083129,0.00406491929478075,0.0213761288831674,1.67007094070344
"RGS9",17.6637270650152,1.59714892996905,0.556674376623143,2.86909007678341,0.00411654545940362,0.0215786657146157,1.66597541279003
"LGMN",11467.7612424336,-1.0289035314247,0.35860784604354,-2.86916068004763,0.00411562663035313,0.0215786657146157,1.66597541279003
"LOC103347628",5.01387313780885,-1.6310130136087,0.56869564161557,-2.86798929735994,0.00413089507018828,0.0216285147567708,1.6649733028025
"LOC103347389",470.971159850552,-1.06218120310235,0.370564006919861,-2.86639064579217,0.00415181570602542,0.0217214779214024,1.6631106288404
"LOC100340280",188.941192062724,1.07743206059677,0.376063410652852,2.86502762586324,0.00416972863664486,0.0217808005201715,1.66192616245425
"CASP1",618.440743481051,-1.22946867067678,0.429247233791299,-2.86424366633087,0.00418006323718882,0.0218175221957106,1.6611945735384
"PPP1R36",9.4965860018108,1.95082945129687,0.681695247895448,2.86173250777314,0.00421332337600354,0.0219550265483403,1.65846603340401
"LIPA",12574.0587057665,-1.16869795475535,0.408396991014646,-2.86167131606863,0.00421413684404787,0.0219550265483403,1.65846603340401
"CBLN1",7.60463382018429,2.32479021687814,0.812493219381881,2.86130414558631,0.00421902091430143,0.0219612693194928,1.65834256210353
"CCL24",6.49157379684757,-2.17001674761003,0.7587801233296,-2.85987558304479,0.00423807241878937,0.022054015861968,1.65651231740282
"PLK3",325.71778420757,-1.50328479508641,0.525716133012829,-2.85949907314282,0.0042431065815551,0.0220737864217979,1.65612316384572
"LOC103351044",12.2201254285725,-1.48151267949597,0.518136133564971,-2.85931164325986,0.00424561465266232,0.0220804078895371,1.65599290818292
"TMEM262",6.86862241572266,-1.31691960035088,0.460615017844783,-2.85904616508759,0.00424916941884259,0.0220860434317567,1.65588207813756
"ALAS2",3377.88081270954,1.37691230795398,0.482196701858555,2.85549922396167,0.00429692278852211,0.0222888841685527,1.65191167272973
"LOC100350239",15.7568783525875,-1.4562434279269,0.51022011885891,-2.85414740442563,0.00431525038416367,0.0223321078798279,1.65107028286796
"LOC108175602",219.512565864048,1.09036363449462,0.381991151639265,2.85442118178777,0.00431153287268943,0.0223321078798279,1.65107028286796
"BCAR1",2979.17350518622,-1.38124186520949,0.483986827944884,-2.85388317503299,0.00431884100337013,0.0223377554789471,1.65096046739229
"PPP1R3D",8.13884055274702,-1.57711491309534,0.552681768994718,-2.85356782432679,0.00432312985681828,0.0223470058388163,1.65078065753382
"LOC103349550",17.9368322847356,1.11234328639159,0.389840121342586,2.85333198276449,0.00432633988822542,0.0223571337097512,1.65058387582277
"LOC108176200",13.6288172475224,2.78724233728075,0.977169540395603,2.85236309776126,0.00433955003608827,0.0224108465203498,1.64954173863793
"POMGNT2",208.367349888377,-1.01636519699737,0.35636008400789,-2.85207362611036,0.00434350389186212,0.0224191358639138,1.64938113111511
"SCN4A",38.9776457451417,-1.80627794874836,0.633366146862166,-2.85187005604429,0.00434628638466925,0.0224213186510715,1.64933884909862
"GPSM3",3289.42815572239,-1.22500352041428,0.429589777649078,-2.85156580568116,0.0043504480362982,0.0224363123626169,1.64904852228988
"LOC108176612",7.20936529708044,1.89236242834094,0.664275292765687,2.84876232632732,0.0043889654302288,0.0225958401685886,1.64597150590179
"CSRNP1",1687.35305617655,-1.13427851831318,0.398202485668021,-2.8484968304764,0.00439262909021472,0.0226081903217933,1.64573419947302
"TMC1",19.9777985268193,2.40199567444767,0.843880351452702,2.84636995080255,0.00442207876222261,0.0227270436672597,1.64345705360623
"LOC103349294",27.2971128191831,-1.89599108992575,0.666414991824201,-2.84506068018636,0.00444029633755137,0.0228010046060703,1.64204601768107
"ARHGAP11A",978.28444691909,1.02015163007956,0.358620235458006,2.84465718666625,0.00444592435898861,0.022823348051959,1.64162064677862
"LOC100357419",509.95066502764,2.13380972065791,0.750500081859717,2.84318386131337,0.00446652958193669,0.0229159633401602,1.63986188118499
"C7H2orf88",357.390771173819,1.05824161849233,0.372769007844763,2.83886695573423,0.00452740293798781,0.0231750651536461,1.63497903621996
"CALB2",30.0163012912297,1.94779017118957,0.686194394463589,2.83853990487957,0.00453204521867935,0.0231921867403073,1.63465830075937
"CCDC88C",1426.25169490283,-1.03887823964586,0.36624121086796,-2.83659568835469,0.00455973126705992,0.0233071765509568,1.63251033405593
"CCDC102B",42.6797780321265,1.07642922282627,0.379518244138568,2.83630428695082,0.00456389405953648,0.0233151204098927,1.63236233730934
"OSBPL10",138.06178340968,-1.17502794511284,0.414462544294506,-2.83506425680265,0.00458164693365409,0.0233757908193626,1.63123368772065
"SLC46A2",748.587563607797,-1.76883007186545,0.624120268680971,-2.83411733383332,0.00459524563324467,0.0234217324477469,1.63038098438451
"MMP25",20.1795394062951,-1.9190112942714,0.677263707088434,-2.83347723226048,0.0046044587860701,0.0234553151328022,1.62975872773419
"KLHL31",6.84323996066473,1.91804317891675,0.676914280274711,2.8335096995418,0.00460399107339287,0.0234553151328022,1.62975872773419
"LOC103349219",4.88747155584574,2.9416691975071,1.0383604900871,2.83299415336994,0.0046114229422257,0.0234707246845912,1.62947350087178
"LOC103346344",439.739059647564,-1.70733650203057,0.602770365348665,-2.83248248450798,0.00461880965779823,0.0234815764030556,1.62927275068817
"PRTG",75.4679245448848,1.04782765621925,0.370163879149436,2.83071286865416,0.00464443942948582,0.0235716509943382,1.62760999776335
"EFCC1",1233.10649136996,1.31552293036177,0.464850525691754,2.82999127171926,0.00465492740172934,0.0236114719937321,1.62687693715559
"LOC103349012",126.465973959941,1.30483975288952,0.461115404620787,2.82974660966401,0.00465848828080629,0.0236228306438049,1.6266680635672
"SEMA3A",34.2951310701505,-1.18594120051772,0.419348572883156,-2.82805588764495,0.00468316300212025,0.0237277603919783,1.62474325189252
"DKK3",234.750728638919,1.09568145173773,0.387425622223547,2.82810787125875,0.00468240258363642,0.0237277603919783,1.62474325189252
"RAB19",378.764784641346,-1.24243704456501,0.439392944522924,-2.82762174507375,0.00468951802498067,0.0237532260403881,1.62427739840152
"CDKN2B",807.212773883506,-1.0752116251119,0.380485363183074,-2.82589484156989,0.00471487397692386,0.0238563356236151,1.6223962639624
"SLC22A16",171.494474183619,1.29520980927384,0.458469867417772,2.82507074362121,0.00472701781311801,0.0239092935510709,1.62143325581247
"LOC108178941",110.918833999463,-2.71345499581826,0.963328276272594,-2.81675007643026,0.0048512259484138,0.024399542302269,1.61261832027862
"ENPP6",19.9296579929714,1.05649976934713,0.375413191312609,2.81423187515906,0.00488939465210035,0.0245391648837164,1.61014022125714
"LOC100346910",28.5842105948662,1.91093285098472,0.679264067945165,2.8132400065934,0.00490450295664702,0.024584405594522,1.60934028768457
"LOC100339261",13.2107967313382,1.60584566569219,0.570864071409561,2.81300881613917,0.0049080305505826,0.0245951909424345,1.6091498014875
"SYDE1",331.627367829113,-1.27036719992455,0.451744123560832,-2.81213884955714,0.00492132541573773,0.0246479943419199,1.60821841438575
"PCSK5",1918.63642705641,-1.31031378307393,0.46602624479767,-2.81167380099552,0.00492844565943696,0.0246698309051906,1.60783382729155
"LOC108178848",11.3950273685857,1.8075599566837,0.643077418487351,2.81079681033654,0.00494189840529021,0.0247080897451415,1.60716082987972
"LOC100341751",54.4243779019447,1.44386128232277,0.51372997051687,2.81054516027181,0.00494576476129322,0.0247080897451415,1.60716082987972
"TNF",198.933312657786,-1.54396068583544,0.549383127117335,-2.81035330287035,0.00494871429948133,0.0247159173241768,1.60702326618904
"UBALD2",1748.66182861276,-1.4481060088569,0.515432824419153,-2.80949512768959,0.00496192702029018,0.0247611517274391,1.60622915863259
"TRIM16",260.113630507066,-1.0514687145387,0.374356092958098,-2.8087394176763,0.00497358856448965,0.0247889384178067,1.6057420714234
"ATP13A2",1237.90050343398,-1.4264436806775,0.507893752103609,-2.80854740734537,0.0049765554683153,0.0247926223512085,1.6056775348527
"DTX2",1080.46938011834,-1.16992104238373,0.416816680054465,-2.80679996354957,0.0050036302592751,0.02492056029104,1.60344219762396
"EREG",23.6374945699427,1.53618019191097,0.54745723985204,2.80602772250514,0.00501563769647005,0.0249664505219722,1.6026431968675
"LOC103351799",26.27612359782,-1.65681990922459,0.590547963571134,-2.80556366532119,0.00502286576429937,0.0249885125346093,1.60225959490347
"GIMAP2",318.61377141991,-1.40208890603311,0.499801124775804,-2.80529361886099,0.0050270762910311,0.0249991711061629,1.60207439092746
"PLPP2",2393.40460475731,-1.31638128906384,0.469370932794759,-2.80456499772101,0.00503845277580278,0.0250312238375416,1.60151791615696
"LRP1B",6.46016243346074,1.73282670387032,0.618601676708306,2.80119949414138,0.00509130344232672,0.0252376730536855,1.5979506900987
"LOC103349044",96.1491823413986,-1.82553594286855,0.652952548969893,-2.79581716274565,0.00517686784718661,0.0255691688166076,1.592283389464
"C3H8orf46",10.6235420889531,1.56240190843468,0.559396842219059,2.79301166992081,0.00522198080024749,0.0257072175170542,1.58994492772839
"UBTD1",522.580023293048,-1.61101546238728,0.576913648602164,-2.79247243723684,0.00523069236839233,0.0257430137899265,1.58934061066724
"LOC108175647",142.733497333547,1.33755156712033,0.479665075631682,2.78851147409238,0.00529508716936992,0.0259864725771005,1.58525266795067
"BARX2",154.708669698518,-1.09100367152883,0.39149185667002,-2.78678509639706,0.00532337689485695,0.0260842549329956,1.58362156389119
"AQP8",625.285419257182,1.71406793797132,0.615324125206789,2.7856342174058,0.00534231182106279,0.026162691452465,1.58231758057605
"LOC103348793",140.015517604059,2.18511025157579,0.784672945982039,2.78474014271139,0.00535706361031872,0.026206215663505,1.58159568928303
"MS4A10",115.365945681265,1.51919477662294,0.545603690183063,2.78442907179241,0.00536220474535169,0.0262241887341071,1.58129793816778
"LOC108176278",73.8630574398957,-1.68193409911405,0.604244264569319,-2.78353341146376,0.00537703240511891,0.0262607798474045,1.58069238112561
"LOC100338041",180.573589801359,1.8339601614182,0.65904915072737,2.78273655218905,0.00539025552438005,0.0263171771696909,1.57976069580932
"CD101",373.733897217731,-1.62347868834308,0.583956943808555,-2.78013423002523,0.00543364333741539,0.0264577430281395,1.57744720596224
"LOC100328613",4905.18150234477,1.75932766835152,0.633060537959638,2.7790828251937,0.00545126236899365,0.0265290810905966,1.57627779276907
"LOC103345647",5501.64934688774,-1.23049326878801,0.443090163279116,-2.77707196134004,0.00548510334798585,0.0266792441755775,1.57382647816724
"TOX2",663.040929662105,-1.17385962418073,0.422775400380899,-2.77655611732172,0.00549381503140893,0.0266998215569425,1.57349164114831
"LOC108177958",11.6083840549603,1.62952518894042,0.58710009555469,2.77554918024813,0.0055108563888123,0.0267608144390165,1.57250067337849
"LOC103346967",23.7618172216542,2.37069695006504,0.855221876283468,2.77202561792194,0.00557086521315869,0.0269789259510191,1.56897534387206
"LOC103350193",9.56305698622039,-1.74248747639295,0.62865116659354,-2.77178754926191,0.00557494088144004,0.026987500102463,1.56883734300883
"LOC108175631",104.829332369694,1.46613202849096,0.529322315244749,2.76982848874045,0.0056085817444011,0.0271060224763032,1.56693420589156
"CBLC",410.928218487791,-1.73517499109892,0.626662086527393,-2.76891649966296,0.00562430474876796,0.027164130609086,1.56600419004931
"NMRK1",2019.35029277695,1.00211309631888,0.36199448799303,2.7683103736601,0.0056347765543039,0.0272073557288445,1.56531366506242
"VSNL1",44.2460958903043,1.45280683021997,0.524861158269868,2.76798312721206,0.00564043757387302,0.0272199842421653,1.56511213054865
"PKD1L1",7.42659834178694,-1.93317009004111,0.698521386839487,-2.76751739669401,0.00564850306923324,0.0272295017158965,1.56496030592469
"ST6GALNAC4",905.052559437409,-1.45517144261477,0.525870363827426,-2.76716761907563,0.00565456733806538,0.0272440407460697,1.56472847885999
"ESRRG",40.6816874052024,1.08479212992411,0.392273798200742,2.76539533076073,0.00568538474660381,0.0273851394086616,1.56248504388041
"LOC103350124",30.0710315814721,1.43729340931503,0.519980232680333,2.76413086302577,0.00570746443588152,0.0274471150904983,1.56150329660988
"NXPH3",29.6032714700064,-1.44203712769765,0.521761921851549,-2.76378376287095,0.00571353888943828,0.0274605170588907,1.56129128961533
"GLYAT",4377.23142476899,1.66849538871024,0.604383750387119,2.76065560604755,0.00576854706350921,0.0276219605572534,1.55874549921943
"TOR4A",471.218613849579,-1.51515580000432,0.548913351366116,-2.76028228541619,0.00577514364749761,0.0276461415905249,1.55836547205807
"LOC100352491",8701.19229616271,1.14235769861046,0.414006140147586,2.75927718898862,0.00579293754551722,0.0277090603762698,1.55737820104274
"PRF1",438.472462749659,-1.61061221647624,0.584667130755266,-2.75475074919241,0.00587368627777103,0.0280577611478239,1.55194698619211
"LOC100349542",8.16373489383662,-1.40095630122138,0.508590403574121,-2.75458658161096,0.00587663389366149,0.0280643416642263,1.55184514104264
"YDJC",157.684238581095,-1.38459022466313,0.502682930648498,-2.75440071712183,0.00587997268504326,0.0280652901856204,1.55183046296285
"SPAG6",5.2905602478424,-2.72293749526495,0.988655698116158,-2.75418176464607,0.00588390804849448,0.0280765767129842,1.55165584544866
"LOC100125981",1101.29333117197,-1.06410100771378,0.386502880793573,-2.75315155615129,0.00590245648282858,0.0281425472474155,1.55063659611839
"ADAM23",173.118289483288,1.00158058225992,0.363828253171867,2.75289390949744,0.0059071035238116,0.0281496868803339,1.55052643160835
"SNX20",675.631414032063,-1.27886272172832,0.464619328235936,-2.75249574008017,0.0059142915878492,0.0281689214316026,1.55022978152935
"DUSP1",2043.30461813432,-1.19623693476831,0.434742136200593,-2.75160108753837,0.00593047131506369,0.0282159102360297,1.5495059349701
"LOC100348711",62.8650830522679,-2.85811048638545,1.03888650359183,-2.75112870992535,0.00593903031196429,0.0282415979851986,1.54911073338088
"LOC100347604",50.367570741759,1.22629243061198,0.446194065978911,2.74833872548618,0.00598980938459487,0.0284301228756328,1.54622126327495
"TMEM27",31.9881889048307,1.01307611118123,0.368771483385806,2.74716499735788,0.00601128846106148,0.0284942405837905,1.54524291316512
"EMILIN3",11.3215923121656,-1.3899489221757,0.506409058029648,-2.7447157592002,0.00605633284442513,0.0286849362994433,1.54234611021699
"CHRND",4.70436309433647,-1.72473717704701,0.628702030565118,-2.74333005652409,0.00608195201566236,0.0287529469135056,1.5413176374896
"VDR",633.211056316884,-1.05159564868137,0.383326782187603,-2.74333988008882,0.00608177005243555,0.0287529469135056,1.5413176374896
"ADAMTSL3",129.279720850091,-1.33400460418099,0.486561949514097,-2.74169528774946,0.00611230145809835,0.0288506439301579,1.53984448919132
"PQLC2",702.775458639083,-1.10401456764933,0.402813501957191,-2.74075859494567,0.0061297525407744,0.0289253766278623,1.53872097753309
"LOC108178074",39.8101193039481,1.98050474651951,0.722726437751397,2.74032419885097,0.00613786078948605,0.0289483539873517,1.53837612535739
"ARHGEF16",241.711850222933,-1.37600076136298,0.502437188501151,-2.73865229894269,0.0061691579507947,0.0290576280291055,1.53673984000064
"DNAH12",179.641942229139,1.32216351551325,0.483145642137781,2.7365734060294,0.00620827422222669,0.0292187734919173,1.53433801827414
"TRNAP-UGG_3",11.5060144846701,1.86958085638285,0.684201644395863,2.73249979987063,0.00628557096598702,0.0295203838720489,1.529877999409
"FAH",2897.07669553121,-1.0336806741601,0.378281104374523,-2.73257284650595,0.00628417731160756,0.0295203838720489,1.529877999409
"GEM",254.808086410894,-1.09457056415093,0.400743651217107,-2.73134848381648,0.00630757366675235,0.0295926192370599,1.52881659381674
"CRISPLD1",132.152035506387,1.18071412555495,0.432428076068022,2.73042892193988,0.00632519710362443,0.0296441788744852,1.52806057484234
"ANKRD45",48.2481999988871,1.14497784815685,0.419401148184179,2.7300303137321,0.00633285020371336,0.0296567192537009,1.52787689406355
"LOC100346168",18.1329106139655,-2.53915071684575,0.931062125079112,-2.72715498617238,0.00638830253874385,0.0298538321255023,1.52499991364216
"APOBEC2",18.7840566626795,-1.68363695875296,0.617384554990584,-2.72704742148698,0.00639038543749473,0.0298557605058072,1.52497186170314
"IRAK1",1880.42933029774,-1.13108549879687,0.415009857423894,-2.72544248904808,0.00642153625534726,0.0299777906932181,1.52320037699473
"KLB",1656.83314577154,1.18401280313763,0.434612439210258,2.72429570881386,0.00644387821913944,0.0300663855826462,1.52191877728226
"CEBPB",854.95173242166,-1.54303891486837,0.56672442773291,-2.72273231814102,0.00647444938461363,0.0301853893453231,1.52020321804026
"LOC100342219",11.591038559055,1.93881803578598,0.71258288996411,2.72083158758362,0.00651179272929025,0.0303278517550972,1.5181583514417
"TMEM104",641.059650294045,-1.27338259281588,0.468481636459813,-2.71810567098954,0.00656568655012009,0.0305152488516372,1.51548308402454
"MC5R",8.78033340586694,2.58483327114942,0.951064697005081,2.71783116257927,0.00657113599861009,0.0305247026962462,1.51534855729327
"WBP2NL",12.6245700373052,-1.91094256186077,0.703110653246094,-2.71784043242468,0.00657095191042339,0.0305247026962462,1.51534855729327
"LOC108178087",7.3702853082849,-1.21098306362937,0.445657131353208,-2.7172976228436,0.00658173928678191,0.0305660144846003,1.51476118542132
"LOC103346467",136.317252453673,1.42015441678363,0.522692256904297,2.71699914820749,0.00658767772370587,0.0305855046778111,1.51448434900694
"ERICH5",365.783199703424,-1.09102968377364,0.401709307700467,-2.7159681462675,0.00660822757270042,0.0306391042079433,1.51372393627293
"IL2RB",335.32018903461,-1.37394813220935,0.505992446192335,-2.71535305032418,0.00662051505157625,0.0306823195610385,1.51311181113505
"TNFRSF8",44.3410854342623,-1.43750108593942,0.529620422003896,-2.71421007615307,0.00664340226965265,0.0307485281123876,1.51217566844035
"RASIP1",579.741110223581,-1.00783302446583,0.371363287116811,-2.71387360956018,0.00665015330569583,0.0307718069736766,1.51184700048133
"UGT8",1996.20733347554,1.33510196341773,0.492025857849518,2.71347926560815,0.00665807347266698,0.0307925131497858,1.51155486444063
"CMTM7",807.795543542642,-1.16603813128019,0.429753420476669,-2.71327248538676,0.00666222992054747,0.030803766122552,1.51139618264721
"MED15",1337.25975996575,-1.00654946900764,0.371232680933011,-2.71137084827204,0.00670056385904481,0.0309409917283456,1.50946577029905
"CPB1",36192.9621970539,1.88380126078528,0.695310553381961,2.70929479154681,0.00674264010523079,0.031103146291871,1.50719567695115
"PDZD3",313.805351105879,-1.0460186634584,0.386210333902981,-2.70841707648653,0.00676050040971026,0.0311694466916613,1.50627090708765
"TTC21A",33.9207641797768,1.13205114692735,0.41801093616672,2.70818547789344,0.00676522020972262,0.0311712894709819,1.50624523177678
"SLC2A2",2048.53181806006,1.11008047416988,0.409905011622325,2.7081407708981,0.00676613164461034,0.0311712894709819,1.50624523177678
"SH2D2A",1144.84614432494,-1.00149435879703,0.370029400603435,-2.70652644671967,0.00679911666011318,0.0312909913232552,1.50458067784455
"CHRNG",5.84342004569515,-2.13795226588493,0.790077813744756,-2.70600215408102,0.00680986042404758,0.0313243065053655,1.50411853515351
"ANO3",358.093483287166,2.09546666845309,0.7745759149912,2.70530832149215,0.00682410184014734,0.0313494783841259,1.50376968088687
"TNIP2",226.736447789175,-1.28723541559575,0.476092631922638,-2.70374992025694,0.00685618675986441,0.0314483803778743,1.5024017162303
"LOC100339265",7055.00375019144,1.77333520795047,0.655988779490862,2.70330112860593,0.00686545174560619,0.0314666538340284,1.50214943753426
"AOC1",2001.73030102425,-1.24235736657344,0.459646342189337,-2.70285489634483,0.00687467504578206,0.0314927771510391,1.50178903996076
"PCDH15",22.2133718629329,1.52236885998496,0.563482551426564,2.70171428756897,0.0068983012251814,0.0315767309603374,1.50063283314261
"CUX2",989.623760496824,1.40242037053125,0.519217115849765,2.70102877528606,0.0069125357610076,0.0316256915096009,1.49995996967318
"LOC103350305",57.7373643344788,2.51659620992948,0.932863350623302,2.69771152253756,0.00698179137175063,0.0318772722273416,1.49651884873446
"LOC108176135",9.62677431664173,1.33417119296294,0.494846312680464,2.69613243298925,0.00701497706798446,0.0320042662302762,1.494792125531
"LOC103346792",141.261142596362,-1.34863084146513,0.500261868146681,-2.695849768565,0.00702093238879904,0.0320157658862516,1.49463610445377
"LOC103351284",42.9298979236544,1.07758322917922,0.399720354708836,2.69584277229052,0.00702107984750244,0.0320157658862516,1.49463610445377
"LOC108175448",172.830755960941,-1.74689436301644,0.648149432655398,-2.69520310441313,0.00703457372277088,0.0320609396467439,1.49402375342867
"LOC103350057",6.2307408031872,-1.61017108016312,0.597608522411199,-2.69435762673948,0.00705244491397553,0.0321178223789331,1.49325390800335
"LOC103347640",46.4814127800919,1.34097215156714,0.497814685353863,2.69371754393692,0.00706600169742397,0.0321468007995555,1.49286224091184
"TRNAY-GUA_10",8.79476104809962,2.0682519289278,0.76825232901426,2.692151850137,0.00709926134813868,0.0322460857632651,1.49152299527941
"RGS7",31.4125087024868,1.5465222938427,0.574567042958845,2.69163070314402,0.00711036308459532,0.032282890560615,1.4910275861457
"KIAA0556",817.627062002555,-1.05751611561077,0.39306537930784,-2.69043312202407,0.00713593364514304,0.0323825371685534,1.48968912732028
"GALNT8",78.3155196886972,-1.66179099151284,0.617854370082545,-2.6896159871635,0.00715342832659937,0.0324372225616346,1.48895633934978
"HN1",1303.23580944516,-1.00540919220452,0.37399424048017,-2.68830127146791,0.0071816569241363,0.0325322142724116,1.48768637589545
"LECT1",51.0944102992982,1.19887573378466,0.446001429904069,2.68805356530477,0.00718698666684414,0.0325398649113068,1.48758425436154
"ZMYM4",2224.41212460053,1.0018834541502,0.372825434928448,2.68727227353058,0.00720382051266632,0.0325913165436372,1.48689809562297
"LOC100347861",125.552722107096,-1.25304086530905,0.46631157227697,-2.68713225192017,0.00720684117892577,0.0325967323059965,1.486825934061
"LOC103352391",2215.14903747263,-1.1909601582972,0.443280340641706,-2.68669744426999,0.00721622846985547,0.0326309344545071,1.48637048911053
"GPR37",164.532871910067,1.16459104163446,0.433831086427526,2.68443428345473,0.00726526647803339,0.0328096696083012,1.4839981429152
"ASPHD2",312.074451595489,-1.92182911560972,0.716178768436512,-2.68344888219077,0.00728671137302106,0.0328831016896621,1.48302722449048
"C4H12orf50",19.7312306296093,1.19352572638949,0.445034749769304,2.68187085841765,0.00732117160169743,0.0329886418906835,1.48163556355508
"LOC103348556",97.950654248696,1.35482354566902,0.505517381440745,2.68007311995429,0.00736060798490544,0.0331343555467911,1.47972147188726
"LOC103351522",66.2748065664443,-1.37490284948248,0.513087323750798,-2.67966637614743,0.00736955698027516,0.0331648617881215,1.47932180824895
"CYP2C5",1749.24128317801,1.62988878063824,0.608298351079386,2.67942330888471,0.00737490949550794,0.0331805958299029,1.47911581953783
"NINJ2",17.7175502514042,-1.59483016782103,0.595824679780586,-2.67667691846589,0.0074356297384975,0.033411734936059,1.47610097262304
"SLC25A31",3.3042206798768,3.06073613694852,1.14381742260819,2.67589571241998,0.00745298322645472,0.0334644750497056,1.4754159832947
"LOC100343925",99.9291687036107,1.12567137890991,0.420813072080641,2.67499147149639,0.00747311512367398,0.0335296016153796,1.47457160664485
"GPR68",286.067160195383,-1.38354829308766,0.517244657438803,-2.67484308090965,0.00747642352580443,0.0335360277349446,1.47448837986229
"LOC100357313",12.6440781136858,1.00683035340768,0.376478525603747,2.67433674149955,0.00748772236881344,0.0335530301685987,1.47426825266111
"LOC103345169",243.99806086375,1.03158037740508,0.385879639297431,2.67332160692197,0.00751042098941964,0.0336041990452756,1.47360645153124
"LOC100343557",13835.9231145174,-1.76539031826484,0.660703693246379,-2.67198494016366,0.00754040324255846,0.0337299068970802,1.47198485756977
"ETNPPL",3640.29096868292,1.11929098533179,0.419076841708208,2.67084905185748,0.00756596621374587,0.0338104115176769,1.4709495432606
"RNF152",1852.5213354907,1.22508153840499,0.458878825937575,2.66972775634595,0.00759127695574356,0.0338980953244856,1.46982470336932
"RAB9B",30.9086065123598,1.20026421912246,0.44999044685225,2.66731044518497,0.00764610074186083,0.0340323831575604,1.46810763785868
"LOC100338675",102.230424487933,1.31418319111244,0.492780440261104,2.66687369006795,0.00765604396584363,0.034054779398507,1.46782192866346
"ATAD3A",7.16861568164661,-1.17354648166689,0.440634528938974,-2.66331030501112,0.00773760245564936,0.0343285291374367,1.46434480424042
"C8A",4206.48667498739,1.33206166931337,0.500238790318872,2.66285161225554,0.00774815734515435,0.034359840818728,1.46394885682299
"KCNT2",99.2999381828985,1.06381656974189,0.399505022589057,2.66283653418838,0.00774850452253386,0.034359840818728,1.46394885682299
"TIGIT",79.9328010914724,-1.13218025439016,0.425314627633118,-2.6619828729869,0.00776818309817098,0.0344230973822753,1.46315005453404
"LOC103350594",50.4912619741004,1.02784547665593,0.386164662838215,2.66167667725348,0.00777525241852579,0.0344357376068257,1.4629906100754
"LOC100345694",96.2567955446151,1.21849847061026,0.458047708542257,2.66019990469585,0.00780942853963283,0.034527216212203,1.46183843562145
"GREM2",123.36790672346,1.10934950793332,0.417010152355579,2.66024580376977,0.00780836429980078,0.034527216212203,1.46183843562145
"LOC100349084",1048.14045895673,-1.09248970470551,0.410735265324605,-2.65983906651432,0.00781779964932685,0.0345412183557953,1.46166234783784
"DUSP27",76.2666717105454,-1.35112299060693,0.508030550606373,-2.65953098488714,0.00782495321712199,0.0345531222223457,1.46151270363937
"TMEM220",458.930111234747,1.16558067942838,0.438410054045664,2.65865408120173,0.00784534678305702,0.0346089767391767,1.46081124101499
"SKA1",241.290773500023,1.29267504395055,0.486268025557905,2.65835912708312,0.00785221702828674,0.0346221952098237,1.46064539927725
"NXPE2",39.3857178484077,1.68133983579166,0.632756833258995,2.65716582961573,0.0078800670583678,0.0347192996471098,1.45942904393516
"LOC100350385",1187.86937487381,-2.192570953678,0.825187562643472,-2.65705768353336,0.00788259541650513,0.0347218809931073,1.45939675576515
"DIRAS2",22.1559310902997,1.19497947950132,0.449821693446038,2.65656258226833,0.00789417971942977,0.0347643415828547,1.45886599149455
"ITPRIP",927.934621077167,-1.15480322408338,0.43481441707177,-2.65585311512973,0.0079108063038564,0.034798919784345,1.45843423705858
"LOC108176543",11.5377896807293,-1.53664365935891,0.578911857435347,-2.65436549558069,0.00794577100440438,0.0348969672490733,1.45721231413603
"IGSF1",48.5167416820635,-1.15778079018061,0.436439359364757,-2.65278730100276,0.007983015800168,0.0350347182489573,1.45550137077538
"KMO",1127.59635462912,-1.59035575730978,0.59960724725869,-2.65232911139856,0.0079938581447549,0.0350736903135724,1.45501853698408
"CD8A",6393.12773964309,1.05590593553767,0.398145371203146,2.65206131204504,0.00800020130410208,0.0350929075609386,1.45478064759083
"KIAA0101",1208.63679564063,1.12249118782393,0.423404600896908,2.65110767678512,0.00802282595323616,0.0351748869055915,1.45376729023597
"ACCSL",10.5411361856055,-1.30140647663693,0.491286274028903,-2.64897788811492,0.00807356138151368,0.0353539710177749,1.45156179843712
"PLPPR4",12.8360485802834,1.64675085136034,0.621713531634703,2.64872930629394,0.00807950173133405,0.0353713185029626,1.45134875110161
"IL1RAP",1159.75312827553,-1.26134119652182,0.476320441000805,-2.64809377878387,0.00809470670026523,0.0354184124741772,1.45077090867829
"LOC100009332",607.132110883881,-1.61457467314032,0.609756932417822,-2.64789883853911,0.00809937576838644,0.0354236216931509,1.45070703882797
"LOC108176848",45.7726250128417,1.46896206232003,0.55518519322106,2.64589560430716,0.0081474956519122,0.0356079424884916,1.44845312016765
"AGXT2",5893.65679003141,1.18756225895597,0.44897664961355,2.64504236462664,0.00816806899573791,0.0356891306034747,1.44746403144228
"LOC103346235",16.5274920994352,-1.84045415034559,0.696121256124734,-2.64387006452193,0.00819641135996684,0.0357867252221317,1.44627804128666
"LOC100350231",166.850510358978,-1.36024405334412,0.514699722173157,-2.64279150492043,0.00822256509068605,0.0358642962949845,1.44533768617814
"LOC108175688",154.3850631907,-1.22395185139378,0.463140287509373,-2.64272378025203,0.00822420981891701,0.0358642962949845,1.44533768617814
"NYAP1",31.609422046522,-1.43490709874234,0.543017483758671,-2.64246942623314,0.00823038956591332,0.0358824910952928,1.44511741425155
"RIPPLY3",72.3622285174274,-1.08684858162273,0.411362599752428,-2.64206950820719,0.00824011431715096,0.0359073728471656,1.44481636874519
"GABRD",27.4211216000567,2.21893437509013,0.839883935937383,2.64195358447189,0.008242935140093,0.0359109104628716,1.44477358390237
"ST6GALNAC1",177.962011488155,-1.62593189776786,0.615587138544965,-2.64127009152757,0.0082595844462887,0.0359571534284974,1.44421469678388
"NPHP4",291.719390731165,-1.5208143092209,0.576336331333032,-2.6387618245467,0.00832094182465551,0.0361890109770602,1.44142328572503
"TAS1R2",8.74094211482674,2.37152999755966,0.89884730565182,2.63841253419555,0.00832951845458417,0.0362086922119874,1.44118716077741
"LOC108176252",23.0928021828998,-1.48944609027647,0.564978740039588,-2.63628696926207,0.00838188122282929,0.036399478696646,1.4389048361529
"CD70",27.2966701094125,-1.4084796410868,0.534649184414223,-2.63439968140972,0.00842862066466617,0.0365594744918485,1.43700005546913
"SULT1C2",1463.56491403245,1.56501267133708,0.594494444662084,2.63251016958896,0.00847564855733597,0.036722117125042,1.43507228854873
"KIAA1024",15.2500932074144,1.56787325729737,0.595679684510011,2.63207441527414,0.00848652724836388,0.0367500246779299,1.43474236494754
"APLP1",19.3992151392365,-1.34157598624394,0.509790007707585,-2.6316247199052,0.00849776707049503,0.0367790766065614,1.43439917857018
"LOC100346200",81.942928158237,-2.15852643296069,0.821165530960944,-2.62861305251663,0.00857338529809753,0.0370298671729683,1.4314478457726
"LOC103348363",11.7226794465531,-1.482454083718,0.564078291324373,-2.62809986932384,0.0085863303387259,0.0370547211020583,1.43115645116777
"LOC108177077",11.9798861702006,1.22705051143643,0.466896229128144,2.62810113872145,0.00858629829663874,0.0370547211020583,1.43115645116777
"LOC100341802",8840.42145810719,1.30860041393891,0.498199211173224,2.62666095126335,0.00862272026587633,0.0371938042356514,1.42952939910659
"FMO3",10635.3462910264,1.52133573209833,0.579518977162716,2.62516982540707,0.00866057591057069,0.0372906497379833,1.42840004959223
"SLC38A4",6906.86529636907,-1.4203829553953,0.54107368208879,-2.62511928118917,0.00866186169018779,0.0372906497379833,1.42840004959223
"DIO1",2322.71901720115,3.20768790772836,1.22339394455086,2.62195830052598,0.00874261272668462,0.0375388427791226,1.42551911963124
"FAM186B",4.83460218361019,2.3685409552518,0.903336877923,2.62199076904474,0.00874177987159714,0.0375388427791226,1.42551911963124
"SNAI1",21.7921629762475,-1.6165524754714,0.617144034057322,-2.61940873809249,0.00880823375585455,0.037766173755313,1.42289701308428
"CHRDL1",105.605903625286,-1.18797841092987,0.453516909142759,-2.6194798627804,0.00880639718726861,0.037766173755313,1.42289701308428
"ALOX5AP",452.45535524764,-1.07762083478538,0.411394062057707,-2.61943701713958,0.0088075034985342,0.037766173755313,1.42289701308428
"LOC108176093",4.04041143799126,-2.38791126199509,0.912476251144687,-2.61695716354206,0.00887174740959704,0.0379838287297119,1.42040126096868
"LOC100351389",1057.93176520287,-1.21776128547852,0.465668194013645,-2.61508366071237,0.00892056024175023,0.0381106630787011,1.41895349497184
"LOC100347521",608.338205113398,1.95611260204608,0.748129289345526,2.61467186207522,0.00893132147669741,0.0381384069268911,1.41863745175436
"COL11A2",60.4059310296319,-1.15955847055075,0.444532001680582,-2.60849267581855,0.00909419578709154,0.0387136817561946,1.41213552435751
"LOC100346046",24633.7135587668,1.52312467398389,0.584009182397459,2.60804918808159,0.00910598683059869,0.0387454212323141,1.41177961318434
"LOC100339205",25.8717372126374,-1.01238637673025,0.388372492749265,-2.6067406822858,0.00914085575583921,0.0388567887361774,1.41053309390055
"LOC108177933",4.01394281774797,2.82626922320862,1.0875187357582,2.59882347795893,0.00935438629946811,0.0395309462356777,1.40306279000777
"CACNA1E_1",46.4215245218639,1.0540829985628,0.405588656463355,2.59889664507427,0.00935239274758224,0.0395309462356777,1.40306279000777
"CAPNS2",11.3504138697282,-1.67840000730372,0.646092544320059,-2.59777027619171,0.00938312445463136,0.0396228087943623,1.40205474129987
"LOC108176065",14.7097193123234,1.44112520945096,0.554872386872508,2.5972191868724,0.0093981931009133,0.0396763662202658,1.40146810977269
"LOC108178948",18.3992079990113,1.44690167916024,0.557184667187304,2.5968081398655,0.00940944656819407,0.0396883387341427,1.40133707931643
"LOC103347285",549.692285585195,-1.33369339926732,0.513624303625748,-2.59663218787077,0.00941426737861336,0.0396883387341427,1.40133707931643
"LOC108175643",30.7827522866101,1.28216635955343,0.493774328551519,2.59666468144394,0.00941337693952282,0.0396883387341427,1.40133707931643
"PBK",358.738873689791,1.01893931935612,0.392473555688156,2.59619865998241,0.00942615477001902,0.0397084513258808,1.40111705057751
"LOC108178858",49.1278204411538,1.05941989541482,0.408287471086133,2.59478913863445,0.00946489661524117,0.039836361430995,1.39972033597638
"LOC108176608",20.386886236262,-1.1038659006038,0.425585410183499,-2.59375879480418,0.00949330624134177,0.0399183366417276,1.39882756363641
"LOC108175858",30.4448986544662,-2.10287695899869,0.810974787794148,-2.59302384075159,0.00951361754367781,0.0399874350140546,1.39807645270491
"KLF15",634.607480130697,-1.37559658702591,0.530918396530889,-2.59097555483911,0.0095704289438272,0.0401576097114815,1.39623214546483
"LOC100348929",51.5600879067849,1.48877058107077,0.574739932256046,2.5903378163178,0.00958817895367986,0.0402101179873785,1.39566465255757
"AK5",29.3561188548935,1.31741835090137,0.508600281230621,2.59028238779916,0.00958972306673932,0.0402101179873785,1.39566465255757
"LOC100341060",4.54432563904673,2.5744585295925,0.994499463509461,2.5886977560627,0.00963396119928272,0.0403624918843636,1.39402202929783
"MKX",21.3569225458193,2.48364958935233,0.95966713829941,2.58803233978972,0.00965259178756123,0.0404162971523432,1.39344347805399
"ENO2",77.1469911911261,-1.09140362701737,0.421723943880478,-2.58795746092778,0.00965469028478352,0.0404162971523432,1.39344347805399
"LOC103346094",5.4080085697308,1.83091631559988,0.707603192239421,2.58749018613865,0.00966779495804261,0.040442741604262,1.39315941135887
"LOC103352496",24.7811190648109,-2.50303242681188,0.967631300662733,-2.58676256658662,0.00968823254385747,0.0404998027879917,1.39254709155806
"DOK6",11.864243857767,1.85988211058482,0.719943242503216,2.58337324497703,0.00978394116636279,0.0408521252858526,1.38878534486207
"AHSG",255469.204356803,1.14310459268145,0.442862804756101,2.58117091886051,0.00984658183004325,0.0410277661218584,1.38692212883765
"LOC108178661",5.27384703102945,-1.54657375947126,0.599360829494444,-2.58037176165781,0.00986940043290698,0.041107916713022,1.38607453204875
"PAMR1",189.011212211621,1.00619497673208,0.390116753323121,2.57921498669574,0.00990251367425077,0.0412028472828753,1.3850727714301
"KY",88.3747296416276,2.29484752717379,0.890767305175634,2.57625926977789,0.00998757248115101,0.041489160609011,1.38206535154274
"LOC103349583",11.6042257464502,1.63321133325972,0.634252866075165,2.57501608682706,0.0100235424557229,0.0416095730134806,1.3808067408002
"LOC103346640",105.500468562924,1.39007844624849,0.540161742573954,2.57344853714473,0.0100690620188631,0.041759740971503,1.37924220385148
"KCNA5",8.83079888596205,1.20427823421726,0.468043395054353,2.57300550962248,0.0100819602725807,0.0418035351130549,1.37878699058919
"LOC108176706",6.30518242932987,-2.93267374733346,1.14033656424839,-2.57176156520633,0.0101182550213385,0.0419151352274452,1.37762912837349
"WDR86",139.13778711464,-1.67834136259112,0.652816700709743,-2.57092283449003,0.0101427924132488,0.0419875901775873,1.37687905040633
"CDHR5",2810.59645952512,-1.05391687630755,0.410154715145591,-2.56955933307616,0.0101827952634447,0.0421336725310356,1.3753706844656
"CYP4B1",7560.21711585338,-1.11576167015677,0.434546997574904,-2.56764326156561,0.0102392469672117,0.04234764912978,1.37317069391185
"LOC108177987",182.631092849358,-2.06620249771137,0.804757567798735,-2.5674843957828,0.0102439399874937,0.0423572582180081,1.3730721595024
"LOC100341030",10.8894080388929,3.04590113788131,1.18653017885733,2.56706588012336,0.0102563124368973,0.0423888057363098,1.37274881908729
"LOC108178623",14.8989153929765,1.77219259618891,0.690583148003839,2.56622624127378,0.010281174539729,0.0424621060299573,1.37199846955516
"LRRC4C",31.9721367575754,1.23099623281622,0.479826899489024,2.56550067144448,0.0103027021960514,0.0425255421080293,1.37135014137148
"LOC103351842",7.27191807999748,1.58839548991252,0.619216752504313,2.56516879346131,0.0103125623808334,0.0425524128710518,1.37107580886087
"LOC103346461",23.7831492138496,-1.48839134606984,0.581010681320923,-2.56172802655881,0.0104152844704405,0.0428575529256733,1.36797262986948
"NEGR1",13.0271135776415,1.2147127971955,0.474286073217779,2.56113950163941,0.0104329454300798,0.0429005980130379,1.36753665392361
"LOC100356881",62.4964155176817,1.23656800929353,0.483230168485992,2.55896276751061,0.010498498481781,0.0431007488198978,1.36551518446747
"LOC100341360",30.9612021966702,-2.07100969289198,0.809478830257419,-2.55844824531531,0.0105140469242084,0.043154670211303,1.36497219792686
"KLHDC7A",386.083651477304,-1.44102126753626,0.563261861541148,-2.55835050431688,0.0105170028919081,0.0431568931801785,1.36494982727157
"SMIM17",5.64510646228551,1.16919065186599,0.457556536451752,2.5552922070195,0.0106098688074328,0.0434598745281931,1.36191153185332
"CACNA1E",3.90172741083524,2.53583246694254,0.992783116080422,2.55426631040441,0.0106411833502059,0.0435764381179679,1.36074827131168
"GADD45G",407.469760443057,-1.60590128877377,0.630252557802297,-2.54802819741594,0.0108333714219714,0.0441555278960562,1.3550149187122
"LRP8",281.116209025752,-1.23019402946013,0.482857380283162,-2.5477378615166,0.0108423909609975,0.0441555278960562,1.3550149187122
"DACT2",79.2688522638935,-2.35071907750936,0.924241841808701,-2.54340257189515,0.0109778667264629,0.0445975835762556,1.3506886719589
"LOC108176330",155.588331942261,1.5677413234815,0.616426665844209,2.54327304503357,0.0109819374197761,0.0446039834988633,1.35062635352282
"LOC103350429",65.1546823797864,-2.49599781300669,0.981479484360868,-2.54309728606509,0.010987463213074,0.0446162891716713,1.35050655371342
"UPK1A",4.44209317246387,-1.95988694145515,0.77071602787679,-2.54294301735796,0.0109923153967213,0.0446258545801485,1.35041345410913
"PPP1R3B",4554.46995738343,1.05627060255401,0.41540869708089,2.54272625964865,0.0109991362517957,0.0446314862766712,1.3503586504436
"IFNG",17.3285835610981,-2.04457864739842,0.804185889984817,-2.54242044390635,0.011008765949317,0.0446520742782033,1.35015836148645
"PTPRR",229.452866314859,-1.251866416128,0.492774408380165,-2.54044527239778,0.0110711418854324,0.0448745263496836,1.3480001223647
"LOC108178947",19.5058017873349,2.24693931700988,0.885173866895104,2.53841578591943,0.0111355599403667,0.0450743056915887,1.34607095427021
"LOC108178556",7.71513731611142,-1.27557864953292,0.502606930106768,-2.53792491333527,0.0111511906716661,0.0451273564084291,1.3455601070041
"NLRC4",3.84567623661461,-1.46963343224848,0.579152764271782,-2.53755748553903,0.0111629033316513,0.0451525120224081,1.34531808306648
"LOC103351375",5.43141032232105,-1.29709795887637,0.51131303388169,-2.53679815088871,0.0111871436120102,0.0452012188211308,1.34484985456572
"LOC103347344",22.8386268052369,-1.81447798542111,0.715600497864893,-2.53560190474279,0.0112254262853909,0.0452636662354737,1.34425027226925
"GSTP1",9576.51162744,-1.11009977867608,0.437823904261402,-2.53549376329462,0.0112288927918968,0.0452636662354737,1.34425027226925
"LOC103350775",106.122243858185,-1.508164213091,0.595286734897719,-2.53350885325898,0.011292688758367,0.0454325481782154,1.34263290420006
"CCDC74B",8.8232182415132,-1.18021842215328,0.465865053427803,-2.53339119015114,0.0112964805918363,0.0454375766379555,1.34258483928711
"LOC100339835",1165.39815996544,2.23946388851947,0.884130951290715,2.5329549714894,0.0113105481231316,0.0454649463548327,1.34232331701074
"TEF",2349.75663894392,1.00604892017262,0.397488273642261,2.53101534531824,0.0113732872704893,0.0456540556838076,1.34052063581073
"CST6",122.72177020293,1.42562049220611,0.563673679676586,2.52915923451327,0.0114336141150398,0.0458653169448691,1.3385156010241
"LOC100355642",12.2205939719111,-3.49415384611178,1.38180759949968,-2.52868333288725,0.0114491274261012,0.0459031190364394,1.3381578039117
"VWA1",72.9471402052523,-1.9721103828348,0.780048518513084,-2.5281893831348,0.0114652488213989,0.0459406686129803,1.33780268844411
"LOC103350974",23.698988157473,1.91500928942013,0.757950971998273,2.52656089927739,0.0115185416301912,0.04612319257161,1.3360806391864
"LYPD6B",75.8107074906457,1.37897092464854,0.546156098513772,2.52486592825947,0.0115742436321517,0.0463254825178485,1.33418004845272
"CHRDL2",19.0460480719857,-1.69874876155856,0.673216078267037,-2.52333361664713,0.0116248057215493,0.0464818089308529,1.33271697886642
"LOC103348953",5.42633307120648,-1.65486527153838,0.655836771791633,-2.52328832831007,0.0116263030897815,0.0464818089308529,1.33271697886642
"LOC108177938",23.6555875400615,1.1214013374251,0.444873740005831,2.52071820964393,0.0117115598343984,0.0467808116290215,1.3299322476199
"GPR4",238.029114663345,-1.16164324946777,0.461029401280472,-2.51967281531589,0.0117463963320783,0.0468893279631801,1.32892599170078
"LOC108178662",72.6601302139867,-1.06578184759336,0.422985229364847,-2.51966681955711,0.0117465963982725,0.0468893279631801,1.32892599170078
"PROM2",9.09261987309802,-1.43258609076371,0.568687721569437,-2.5191085307946,0.0117652385998365,0.0469427767794814,1.32843122440214
"LOC100346862",17.9711736553657,-2.2259168345959,0.884368178760872,-2.5169571769472,0.0118373215520614,0.0471461949071073,1.32655335271522
"CARD6",282.851098831685,-1.16812797719816,0.464267100716003,-2.51606882201355,0.0118672007150553,0.0472048451381412,1.32601342279036
"LOC103350768",5.34665469246591,1.67498492902851,0.666076716851432,2.51470271614691,0.0119132791852199,0.0473485117867865,1.32469366677568
"LOC100008885",3749.34124443956,-1.04762324729944,0.416830543780527,-2.51330729700808,0.011960510097505,0.0474886979104625,1.32340973814705
"EPHA2",1222.17634729607,-1.01011317493363,0.401894909289119,-2.51337638667866,0.0119581677110181,0.0474886979104625,1.32340973814705
"LOC108177476",314.800518113434,-3.20504702167273,1.27563687901723,-2.51250733997434,0.0119876611337162,0.0475648041654112,1.32271428699789
"LOC108178441",5.33579899488657,-1.2101087670411,0.481811561921009,-2.5115810052717,0.0120191697642621,0.0476792409090514,1.3216706675219
"SLC28A2",1659.56249003202,-1.64538282613705,0.655314734051289,-2.51082837091874,0.0120448241310601,0.0477704085517415,1.32084104443973
"LOC108177648",10.9218444761962,1.48338272818919,0.590916919215608,2.51030674524982,0.0120626327793254,0.0478092152839115,1.32048838453395
"AGMO",1393.47781466457,1.44317129041739,0.575680009784914,2.50689839127224,0.012179571791552,0.0481765536123017,1.31716427118481
"CSTA",122.533880350574,1.23355659920365,0.492223613741536,2.5060898436526,0.0122074596660024,0.048276181754379,1.3162670863083
"LOC103349960",7.11708266564058,-2.47289121292677,0.987940976779263,-2.50307586288051,0.0123119150474438,0.0486354655189078,1.31304692287835
"LOC108175409",13.0136620576881,1.73651508364469,0.693734560475746,2.5031405130715,0.0123096661852261,0.0486354655189078,1.31304692287835
"HTR4",36.4428590003507,1.07375292779447,0.429349015463993,2.50088596717538,0.0123883060290382,0.0488940097745766,1.31074434499095
"SHISA4",99.7138644625387,-1.10387132601408,0.44176851887577,-2.49875506933643,0.0124630416639899,0.0491367015036005,1.30859400062081
"PLA2G4D",7.34626693859043,-1.84518012657065,0.738521105018065,-2.4984798864015,0.0124727220338377,0.0491512139230268,1.30846575161493
"EMP3",951.541491796986,-1.01919477382986,0.408022703967944,-2.49788740655453,0.0124935868607234,0.0492008956015488,1.30802699171901
"C1H9orf131",13.2979351179842,1.07585095248158,0.431465606964354,2.49348021051063,0.0126497635502036,0.0496954996615143,1.30368293844303
"CELF3",110.989043370107,-1.21547511676315,0.487714765902052,-2.49218437033594,0.0126960115005156,0.049855273631748,1.30228889576696
