"Gene","baseMean","log2FoldChange","lfcSE","stat","pvalue","padj","negLogPadj"
"LOC100358069",309.218558374976,-5.34594051457342,0.197537069618954,-27.0629736731726,2.68749452774373e-161,4.83319015869433e-157,156.315766117494
"LOC100342826",6444.64591343165,5.20445616053176,0.315555849955375,16.4929794876811,4.12116253306542e-61,3.70574934973243e-57,56.4311239589268
"LOC100352749",232.043640289831,7.61480754154692,0.463302775407781,16.4359204083003,1.05805999902022e-60,5.86849586117435e-57,56.2314731973725
"RTP4",3805.27613825046,2.90051570547923,0.176611013512105,16.4231870244062,1.30527043175586e-60,5.86849586117435e-57,56.2314731973725
"IFIT3",8626.30378971448,4.20099179857168,0.256342863659521,16.3881753468726,2.32313882787229e-60,8.35586573609104e-57,56.078008546976
"IFIT2",3090.57283705314,3.89897818442394,0.250493422116875,15.5651918979523,1.2549319368939e-54,3.76144932551666e-51,50.4246447846481
"LOC100358731",1906.23808149159,3.44614682785796,0.239200208577167,14.4069557813375,4.67883087571059e-47,1.20205849241113e-43,42.9200743989611
"RSAD2",3751.51480663215,6.82961792098567,0.476736726643552,14.3257641782066,1.51057294074228e-46,3.39576797078865e-43,42.469061992294
"FCGR2A",1372.81607410554,4.08861761100686,0.286482982957438,14.2717643079495,3.28169776147921e-46,6.55756139360468e-43,42.1832576347401
"LOC100345779",3110.1888506683,4.32819410033362,0.311785934342857,13.8819414976369,8.15059158221449e-44,1.24134685877236e-40,39.9061068504086
"IFIT5",3368.06373106146,3.08943441662651,0.222569119070204,13.8807864699866,8.28300839928179e-44,1.24134685877236e-40,39.9061068504086
"PARP9",2839.85508881521,1.97660253849383,0.142339410455833,13.8865443671846,7.64349522258566e-44,1.24134685877236e-40,39.9061068504086
"LOC100351756",130.965976526671,4.94480255596761,0.356592860960664,13.8668018833755,1.00666027494692e-43,1.39259833728042e-40,39.8561741276944
"OAS1",2196.28247650338,4.55133804614264,0.333058864651514,13.6652662012308,1.63704025931732e-42,2.10289514454019e-39,38.6771823817516
"LOC100356242",10937.0334110879,6.88130238567734,0.504566840283198,13.6380392770462,2.37870437870643e-42,2.8519079697771e-39,38.544864493148
"XAF1",1529.06131896301,4.26917478979299,0.322921527839846,13.2204712963897,6.68437959638902e-40,7.51324266634126e-37,36.1241725838807
"USP18",1784.806813244,4.58599512866786,0.347420844662935,13.2001150740312,8.76011321387496e-40,9.26716917872513e-37,36.0330529085537
"OAS2",5652.83218869818,3.63230595602935,0.278125937692325,13.0599324398416,5.57772635446777e-39,5.57276837548602e-36,35.2539290074263
"UBE2L6",3085.31773007391,2.62385634728296,0.205334423321677,12.7784533388853,2.16328680070881e-37,2.04760788547091e-34,33.6887532066223
"CLEC1A",257.3687543109,1.57276940158941,0.123470345915247,12.7380334924225,3.6344046960173e-37,3.26805670265876e-34,33.4857104168158
"FCER1G",4907.47057989687,2.53457594900793,0.201879276819131,12.5549089978102,3.73610544476331e-36,3.19952953898207e-33,32.4949138759441
"HSPA6",78.9778084812571,2.63689677608873,0.210961567350833,12.4994178285731,7.51999616370286e-36,6.14725504581965e-33,32.2113187678952
"IRF7",14410.8733973724,5.88047147634336,0.482438073507293,12.1890700574122,3.55454373399942e-34,2.77934410922807e-31,30.5560576801074
"MYO7A",1168.82973603599,1.88340314739537,0.155663306335094,12.0992107371855,1.06631432233924e-33,7.99024865539541e-31,30.0974397052935
"TRIM25",5269.15783231635,1.50109472076443,0.124645037186158,12.0429561790136,2.11247451566526e-33,1.51962966758896e-30,29.8182622363437
"UBA7",3231.99755753836,3.07714136030501,0.257057658207852,11.9706270638196,5.06444142948553e-33,3.50303517953337e-30,29.4555555012206
"MX1",20317.045565078,3.93343279420747,0.328733152534856,11.9654277759235,5.39189897957485e-33,3.59140412032126e-30,29.4447357234312
"DTX3L",2974.84896856483,1.86250924461597,0.15634500295048,11.912815948495,1.01490851889394e-32,6.51861242992448e-30,29.1858448395686
"OASL",1545.63549574264,3.15792689927019,0.26658352050513,11.8459194074955,2.25926898046065e-32,1.40105839119325e-29,28.8535437644683
"ISG15",6739.30391584661,6.41973815550234,0.548240904453822,11.7097029852195,1.1367713586806e-31,6.81456537150397e-29,28.1665618379624
"IFI44",2328.72014977844,3.47399598309964,0.298030376088615,11.6565164554458,2.12562147212447e-31,1.23313472757053e-28,27.9089894714627
"SAMD9L",7021.29796676799,3.44021741525721,0.295945714250884,11.6244880381705,3.09442886966565e-31,1.73906902475209e-28,27.7596831802319
"LOC100353852",4153.70623346643,2.18444434411817,0.191374654221525,11.4144913964917,3.53968458694578e-30,1.92902083671615e-27,26.7146630812094
"LOC100340255",4473.91932048377,2.46254796836067,0.221664091081473,11.1093680367722,1.12956073027251e-28,5.97471181565321e-26,25.2236830376417
"IFI35",1579.12412420766,2.36679578125984,0.213264614308574,11.0979300946537,1.2838273769278e-28,6.596671870477e-26,25.1806751179182
"LOC100009451",3003.63412906783,4.86532423581076,0.446295074996084,10.9015862114397,1.13265293212134e-27,5.65823064757505e-25,24.2473193532863
"ZNFX1",9823.09143603378,1.90722430392513,0.175101419509888,10.8921121785505,1.25690843385183e-27,6.10925439848415e-25,24.2140117898201
"IFI44L",2484.44970291946,3.18523286188153,0.293336394489949,10.8586350746555,1.81440822120215e-27,8.58692564476301e-25,24.0661622976939
"ETV7",396.774996157075,4.27356167817499,0.394606298336916,10.8299378296446,2.48323863531965e-27,1.14509137480996e-24,23.9411598565622
"TMEM86A",726.465944270451,1.32074280634557,0.123447756987878,10.6987995454244,1.03105276260232e-26,4.63561322066003e-24,23.3338928072081
"LOC100358539",14521.5703395907,4.38945250192364,0.414245150174841,10.5962676933477,3.10110526203149e-26,1.3602506593262e-23,22.8663810549154
"S100A12",2263.11044809637,4.32910890799447,0.40910256549946,10.5819647029326,3.61301373598744e-26,1.54705807209519e-23,22.8104933838332
"LOC100345657",3773.92126923204,2.67915829020656,0.25428677242501,10.5359719054857,5.89709412053574e-26,2.46635675962127e-23,22.607944102303
"LOC100342321",3602.24106524346,4.19893873780855,0.398767099607348,10.5298023381144,6.29665597439407e-26,2.57361502371598e-23,22.5894564168644
"LOC103345926",8803.57019788493,4.83060325510341,0.463213849690484,10.4284516931676,1.83859739044439e-25,7.34785232661155e-23,22.1338395805075
"LGALS9",9072.52000372808,3.94889747126923,0.379214374399255,10.4133644130052,2.15469337668129e-25,8.42391427961657e-23,22.0744860611102
"LOC108177586",93.2754045527144,2.99796202031251,0.289397700625926,10.3593152738545,3.79670181153919e-25,1.45276351869619e-22,21.8378050745415
"CXCL10",8198.75600480112,3.87226138623393,0.374164159057678,10.3490975618459,4.22448879099929e-25,1.5827751336944e-22,21.8005807813679
"CASP4",1882.30345011771,3.45603225588376,0.334436185751371,10.3339064465143,4.95025893761506e-25,1.81684605579733e-22,21.7406818695825
"S100A9",4455.53262650173,4.69836448221946,0.456728486673456,10.2869968029356,8.06527164321674e-25,2.9009169046322e-22,21.5374647111755
"LOC100337909",3177.10929238105,3.0195723877831,0.294197363380344,10.2637642740508,1.02626442175999e-24,3.61889007077092e-22,21.4414246090395
"LOC103347708",113.96666521595,3.33978204224944,0.327523446967816,10.1970777151036,2.04328025970092e-24,7.06660619047333e-22,21.1507891104781
"CD163",1913.77376623993,6.43111633434312,0.636775827357139,10.0994982190745,5.55255667667104e-24,1.88409772213683e-21,20.72489657549
"LOC100338913",1394.04409046555,3.998686738122,0.396130529155596,10.0943664873438,5.85076232500872e-24,1.94852054912883e-21,20.7102950097706
"LOC100009259",92706.8256126651,6.72937139457404,0.672861228298093,10.0011281844772,1.50670632462692e-23,4.92665573492557e-21,20.3074477843145
"HSPB11",161.540910316642,-1.04509779293705,0.105098988618884,-9.94393767885669,2.68018311533002e-23,8.60721663323127e-21,20.06513726623
"IFIH1",3112.92949501103,2.0387358883191,0.205190431516356,9.9358233873425,2.90763721643118e-23,9.17385047373654e-21,20.0374483427914
"LOC100009266",5652.12456197942,-3.17543480320897,0.323126595570161,-9.82721585515385,8.5962403576763e-23,2.66542735504225e-20,19.5742331494677
"IL1R2",8285.09556543322,3.69012633619601,0.375818162032651,9.81891432877428,9.33433752073607e-23,2.79781209954863e-20,19.5531814559876
"CX3CL1",1078.3181544395,4.57094073044192,0.467928066374094,9.76846882868442,1.53758193827154e-22,4.53309402915989e-20,19.343605272355
"DDX43",25.2405849443347,2.69619899655142,0.27888468389819,9.66779157200218,4.13198085311683e-22,1.19854102681376e-19,18.9213470952024
"LOC100353536",2083.80706512169,3.27023103241608,0.338588338482504,9.65842783325825,4.52758664218219e-22,1.28879541951542e-19,18.8898160161043
"ESAM",793.776464012267,1.76773538269912,0.183050258425891,9.65710399919921,4.58646056767052e-22,1.28879541951542e-19,18.8898160161043
"LOC108176037",353.23276913171,2.91711425448913,0.303671123460306,9.60616281603886,7.53030873710904e-22,2.0834626512026e-19,18.6812142804344
"LOC108178445",1253.04561416306,3.5835820455374,0.376262670056861,9.52414983127571,1.66398315170875e-21,4.53410196974699e-19,18.3435087170281
"LOC100345649",424.922806796937,3.48171476348005,0.366601378189498,9.49727679878045,2.15450759416942e-21,5.78308426470788e-19,18.2378404795914
"MB21D1",199.173465719695,3.40888265522637,0.36268108129139,9.3991190361748,5.50218121770503e-21,1.45516510322364e-18,17.8370877287736
"VSIG4",5856.76692804757,4.52807521985152,0.486448605615411,9.3084349869253,1.29729709421431e-20,3.38124506410871e-18,17.4709233515255
"PSME1",6926.23886100865,1.0937269701999,0.117864758817077,9.27950798166349,1.70262969863576e-20,4.37429892860937e-18,17.3590915416894
"PLPP1",4750.1585250004,1.59631072300579,0.172656988306401,9.24556103210222,2.34009812595457e-20,5.92736967565733e-18,17.2271379860238
"TLR3",2116.50037536623,1.63525406789077,0.177040607620199,9.23660447098578,2.54443576684088e-20,6.35543511539812e-18,17.1968547107673
"DHX58",2313.47815847394,2.92418661369074,0.318158286309245,9.19098052611608,3.89276564852223e-20,9.59006814014024e-18,17.0181783070335
"FPR1",1398.21308285359,2.7793106684737,0.302479839357881,9.18841624081049,3.98667547114634e-20,9.68869887474268e-18,17.013734541779
"IL18BP",1948.12475156805,2.98346053032726,0.326078410314537,9.14951875363169,5.71877356560336e-20,1.37128565071748e-17,16.862872068472
"CMPK2",1201.73357917703,3.9904340360467,0.437893302975131,9.11279987370195,8.02828117411335e-20,1.89974485046387e-17,16.7213047240348
"ACOD1",1753.11906419843,4.30273239727028,0.473046299097679,9.09579549713761,9.3896547624326e-20,2.1725073603831e-17,16.6630387435015
"LOC103347003",325.633499817098,2.51214488198216,0.276199032573962,9.09541521044049,9.42257418315625e-20,2.1725073603831e-17,16.6630387435015
"NEURL3",456.572195307935,4.39049997637447,0.4828075164773,9.0936860478246,9.57370297031172e-20,2.17941106605172e-17,16.6616608482848
"LOC100008606",3517.75564519183,4.16594210257068,0.460080057813585,9.05481998582654,1.36793232521583e-19,3.07511186708518e-17,16.5121390807425
"RNASE6",1353.71498951514,2.46656942529419,0.272477570911029,9.05237600675613,1.39890652842385e-19,3.10591790212031e-17,16.5078100280432
"LOC103347240",1954.32083140266,2.91058491804919,0.322157068181736,9.0346765771014,1.64488110396447e-19,3.6075050943533e-17,16.4427930469433
"WNK4",188.375686410194,1.44972350813952,0.161029502215673,9.00284412602761,2.19944498395295e-19,4.76564079414576e-17,16.3218786953088
"SLC37A2",1537.8836109353,2.27589695129472,0.253171652492927,8.98954100462849,2.48265057599386e-19,5.31523666174685e-17,16.2744773936802
"FPR2",270.821182337507,3.57548133576239,0.399062753753841,8.95969694522758,3.25571967558221e-19,6.88833678184358e-17,16.1618856276809
"NREP",1016.21031085228,-1.90184887827299,0.213308989492525,-8.91593402977344,4.83721454998407e-19,1.01154030775481e-16,15.9950168068262
"S100A8",3839.0766976729,4.44687030618876,0.499150978783468,8.90886824869439,5.15561348042944e-19,1.06573049232233e-16,15.9723526081571
"RIBC1",130.204098617619,-1.57132317617109,0.176405282315937,-8.90746102124589,5.221455268752e-19,1.06707558583223e-16,15.9718048164263
"LOC103352261",754.645353180699,3.00383316207878,0.33754613471837,8.89902994915056,5.63368923636481e-19,1.13838502502005e-16,15.9437108258489
"SP100",2532.47940504822,1.42395767335878,0.160548937982704,8.86930608978673,7.36031054771031e-19,1.47075360988914e-16,15.8324600769857
"CTSS",10842.4876966493,1.49083197761307,0.168420841007135,8.85182598957524,8.60988688520571e-19,1.70154072245648e-16,15.7691576526061
"HERC5",1320.36215142047,2.92342998367372,0.330329536275034,8.85004113358989,8.74870450111188e-19,1.71018154073909e-16,15.7669577855398
"LOC100343655",58.2836666270775,-2.55946484985863,0.289620541219474,-8.83730428470912,9.80558090045824e-19,1.89616738617033e-16,15.7221233275035
"IGSF6",1140.55979070393,2.65765826428857,0.305033904500558,8.71266513353667,2.96812473478134e-18,5.61881634003239e-16,15.2503551632804
"DDX58",7837.08783282206,2.52407545699272,0.290412244609886,8.69135342548432,3.58146991038215e-18,6.70928696544923e-16,15.1733236323534
"LOC100338778",525.333478341728,2.16592167699566,0.249743994127894,8.6725676209314,4.22483732674931e-18,7.8329355138412e-16,15.1060754488561
"LOC108175715",14.957141374336,3.72046835596537,0.429324544570472,8.66586456101082,4.48099404961365e-18,8.22308132533182e-16,15.084965414597
"SLC11A1",1005.50016135609,5.16497621531787,0.600272392833547,8.60438740308701,7.67254277592757e-18,1.39376777052809e-15,14.8558095823212
"CXCL11",1481.17294308877,4.63598679355718,0.539429517845163,8.59424010031257,8.38176059887899e-18,1.49245131297267e-15,14.8260998276038
"PARP12",3738.18758339055,1.65206630168002,0.192212734827202,8.59498879283529,8.3272924349066e-18,1.49245131297267e-15,14.8260998276038
"CD68",3727.43357361226,2.30222920829773,0.26807603232872,8.58797106290612,8.85185559998542e-18,1.56070363833469e-15,14.8066795571908
"CLEC4F",260.763226832354,4.0457141308158,0.471885016498224,8.57351683009209,1.00371855439185e-17,1.75251208564884e-15,14.7563389783756
"ADM",369.94070363527,1.92900806681429,0.227325339373309,8.48567111846034,2.14477254442431e-17,3.70880667681988e-15,14.4307658038724
"LOC108178049",215.514340343803,2.84399697354341,0.335885086502629,8.46717251770912,2.51421569580942e-17,4.30625286413681e-15,14.3659004718941
"SAMD9",2927.32279492308,2.70927694674997,0.32165103878935,8.42303185759113,3.66864665733415e-17,6.22423976278278e-15,14.2059136863191
"MRPS33",734.960596620152,-1.06242752396378,0.127168623752477,-8.35447842882773,6.57224565698654e-17,1.1046286532266e-14,13.9567836956979
"IL4I1",389.450028436858,3.92641732995979,0.470722995761011,8.34124817635477,7.35104336481247e-17,1.22408485067396e-14,13.9121884768781
"CD14",2854.50663437081,2.15031028178106,0.25786023404333,8.33905347894677,7.48875408513556e-17,1.23557571988145e-14,13.9081306345444
"C3AR1",516.036573698819,3.20543854921465,0.385608150592582,8.31268359937077,9.35617363042629e-17,1.52964933245078e-14,13.8154081184874
"CCL5",2882.08460766956,4.47880344156756,0.538968694129944,8.30995100522058,9.5741594811124e-17,1.5409810697915e-14,13.8122026963469
"GPNMB",8199.90557888902,3.88557681776916,0.467597006057386,8.30967000950451,9.59685719621041e-17,1.5409810697915e-14,13.8122026963469
"BATF2",708.460514916293,3.45013770004708,0.416294916163346,8.28772479818924,1.15435288459604e-16,1.83715772359073e-14,13.7358535570613
"C13H1orf162",3308.95470525055,2.42723422508842,0.293847412546616,8.26018580205589,1.45445887275086e-16,2.29447266382031e-14,13.6393171120912
"LOC100343299",11975.3771594542,5.25992944390289,0.642309095388304,8.18909382051181,2.63200312283552e-16,4.11599514444122e-14,13.385525146238
"PECAM1",3555.02688618905,1.30227007932619,0.159119550469573,8.1842242231272,2.74063377951113e-16,4.24892740437311e-14,13.3717206890445
"EPSTI1",1946.71548677499,2.92351419043108,0.357378095347604,8.18045153995104,2.82782198896433e-16,4.34662826064398e-14,13.3618475006545
"C5AR1",1865.68926883483,3.00103535945362,0.367462462595986,8.16691680084115,3.16370925379251e-16,4.82170739154275e-14,13.3167991486027
"LOC103347102",366.445450867613,3.39545552637244,0.417303337024022,8.13666037417043,4.06330489639883e-16,6.14071220645685e-14,13.2117812559929
"EIF2AK2",552.186712495832,1.50148716500218,0.184983236228633,8.1168823489843,4.78312054360829e-16,7.16830332135428e-14,13.1445836261133
"NMI",2315.25179991083,1.26869598995708,0.156419917473307,8.11083403220426,5.02734839442834e-16,7.47205235747102e-14,13.1265600936194
"LOC108176261",13.6181790561795,5.27671214434773,0.655509125347121,8.04979204759885,8.29348301073633e-16,1.22254097102526e-13,12.912736577446
"PTX3",162.190957432172,3.53959146557178,0.443316209468817,7.98434929733999,1.41265486551753e-15,2.04880525011833e-13,12.688499321647
"LOC100357801",7464.88635742119,2.56895339114621,0.322518770907042,7.96528333504858,1.64845628210774e-15,2.37166702219405e-13,12.624946285196
"LOC100359306",1884.09449661005,2.29318721521501,0.28797839985004,7.9630528414949,1.67845738666848e-15,2.39566489221e-13,12.6205739315425
"LRP11",354.826465557937,-1.66816212234304,0.210102821783226,-7.93974163785469,2.02602824959042e-15,2.86898362524678e-13,12.5422719304871
"ADRA1A",330.295746544863,-2.68377548990334,0.338149211728604,-7.9366604942948,2.07697557703683e-15,2.91815068573674e-13,12.5348922860223
"LOC100349257",11719.7756537643,4.07860867124031,0.514919011443695,7.9208741192231,2.35846618238974e-15,3.28795781582149e-13,12.4830737630521
"CTSK",17386.396377314,2.32136123099227,0.294091441275393,7.89333147855362,2.9422477347955e-15,4.07026025096633e-13,12.3903778212551
"MILR1",833.411026657374,2.99603448976712,0.382294379605605,7.836982832073,4.61501120165668e-15,6.33560011073235e-13,12.1982122422745
"LOC100343913",2556.40492852114,4.35912504605785,0.557643801356792,7.81704205346092,5.40790411642633e-15,7.36785966892508e-13,12.1326586544713
"MRPL17",1970.80376217362,-1.05007109805401,0.135379341195276,-7.75650914521255,8.72990172057243e-15,1.18044024468252e-12,11.9279559925425
"TRIM21",288.055553577562,1.31538906016611,0.169736723263665,7.74958438500559,9.21937970950275e-15,1.22819406395616e-12,11.9107330059583
"PRAM1",560.132693502276,2.97565983039661,0.384935069779225,7.73029028532854,1.07301620645118e-14,1.41890613653074e-12,11.848046333038
"SERPINB6",4373.23050806582,1.21515628918386,0.1572600508867,7.7270500825371,1.10067351878833e-14,1.44485493152476e-12,11.8401757553995
"GBA",1785.73065441576,1.55637399865391,0.201709113090678,7.71593298292994,1.20100409418358e-14,1.56513461085489e-12,11.8054483046112
"LOC100349005",12976.2136506223,3.84603889381279,0.502053894781024,7.66060961540849,1.8505256663596e-14,2.39423407077777e-12,11.620833393329
"STAT1",14375.347630784,1.53660339659633,0.200864035876688,7.64996775002403,2.01029723934312e-14,2.5823703965962e-12,11.5879814655317
"IL15RA",273.243455120493,1.85336443156222,0.242472969684772,7.64359191860311,2.11244198472184e-14,2.69433735129344e-12,11.5695480282742
"LOC103346244",47.2467992820209,3.89419626496499,0.509783865928839,7.63891626477756,2.19057706960524e-14,2.77431957885779e-12,11.5568435132193
"CGA",16.6768200998906,3.9609103409672,0.519995100325414,7.61720704385187,2.59223365571459e-14,3.26005105345253e-12,11.4867755986869
"SLC15A3",2394.60523480899,1.77804425327211,0.233557031405351,7.61289113230001,2.68031549963688e-14,3.34741624621317e-12,11.4752902804138
"CXCR1",392.114065919582,2.86397464224469,0.376444762706204,7.60795454200509,2.78467740664257e-14,3.45376817110759e-12,11.4617068171414
"LOC103345165",67.4549665928572,4.31624312836275,0.568478569891714,7.59262240823771,3.13495091237546e-14,3.83530321143948e-12,11.4162002959002
"MSR1",772.81411475082,3.59429025428498,0.473390555338413,7.59265307208237,3.13420886707952e-14,3.83530321143948e-12,11.4162002959002
"SERPINE1",2599.22666087806,3.69435391045423,0.488516930609572,7.56238664204414,3.95739962807419e-14,4.77650167189841e-12,11.320890065904
"NLRP3",275.199939059307,2.92334062392272,0.38656290710053,7.56239300311987,3.95720604097462e-14,4.77650167189841e-12,11.320890065904
"CTSB",48341.7121585787,1.83733208414362,0.24531629149127,7.48964560394474,6.90598327518499e-14,8.27981354806179e-12,11.0819794429204
"SERPING1",18603.8166690024,1.9132000487303,0.2559571832038,7.47468785514397,7.73873242051342e-14,9.2167790629479e-12,11.0354208229357
"LOC100358241",304.79226301946,2.78878751598084,0.373263534970102,7.47136340602953,7.93681284816751e-14,9.39050278035818e-12,11.027311154391
"LOC100347754",2134.27311437397,2.95724010439102,0.39664488037907,7.45563664294573,8.94349100455725e-14,1.0512401452677e-11,10.9782980624196
"LOC100341366",1205.93905910256,1.48180447548622,0.198781667091964,7.45443227820745,9.02556211593522e-14,1.05399811099337e-11,10.9771601674782
"PLAC8",12450.4603019204,3.5282491846057,0.474658962360257,7.43322988585609,1.05977481546382e-13,1.22961227621299e-11,10.9102318095739
"AXIN2",371.020897473103,-1.80588427805383,0.24393136662784,-7.40324749136924,1.32893735733878e-13,1.53202624579363e-11,10.8147337945561
"ANKRD29",525.591031313467,-1.44978451533384,0.196238800319217,-7.38785863435524,1.49212255514287e-13,1.70919312303754e-11,10.7672088632413
"CFP",3900.28105933851,2.12262698929256,0.287487021172219,7.3833837111589,1.54316454728726e-13,1.75647286192495e-11,10.7553585558106
"MMP14",1634.13006689822,2.06433821812738,0.284210331033381,7.26341723969534,3.77431401937706e-13,4.18995452620229e-11,10.3777906904291
"CSF2RA",1831.16680504111,2.29834750987022,0.31654016894001,7.26083996722007,3.84693870661321e-13,4.24437703679338e-11,10.3721860437797
"LOC103347017",97.7580841734075,3.11033779284193,0.429926424791961,7.234581578341,4.66966581051984e-13,5.12068719124322e-11,10.2906717532158
"LOC108176663",65.5459434022817,3.00199524288068,0.415326978567025,7.22802851198894,4.90055857668114e-13,5.34131184503235e-11,10.2723520656139
"LOC103349708",134.192907727153,2.99460083022962,0.414544219981969,7.22383930563517,5.05399758981032e-13,5.4753670274186e-11,10.2615867636769
"LOC108176006",14.2806312194036,3.08185770678357,0.427117522795556,7.2154794460604,5.37442783192123e-13,5.76440044173513e-11,10.2392458572135
"CSF1R",5668.39396664409,1.94736353636059,0.269896823618766,7.21521472631807,5.38489365108709e-13,5.76440044173513e-11,10.2392458572135
"CFB",17143.5076339695,3.84206897275044,0.533171625148427,7.20606422309301,5.75922479370351e-13,6.12863305857774e-11,10.2126363805088
"GPX3",25587.4124254517,3.36678140138181,0.467574784674281,7.20051959971954,5.99835341123918e-13,6.34555222045444e-11,10.1975305775314
"LOC103351365",24.7104697714782,3.53568740263489,0.491578317365781,7.19252106476455,6.36057501529033e-13,6.68939070613926e-11,10.1746134375404
"LOC103349335",69.203870559509,-3.71527336110043,0.518856948082148,-7.16049650068906,8.03853823662569e-13,8.3912639917933e-11,10.0761726156535
"CCRL2",168.660657291002,2.32101164420462,0.324167026246709,7.15992515055557,8.0721122696855e-13,8.3912639917933e-11,10.0761726156535
"HK3",1071.56564065977,2.26144549592082,0.316900857318001,7.13612930889462,9.59957095862465e-13,9.92176345516699e-11,10.0034111311942
"LOC100347711",1064.45622236738,2.69306064648079,0.379390017254597,7.0983961728059,1.2621295194766e-12,1.29490820271667e-10,9.88776101804348
"LOC100357024",11.973940779699,2.57295045477155,0.362497898794505,7.09783550008966,1.26725891724941e-12,1.29490820271667e-10,9.88776101804348
"LOC100349198",77.1159860146321,-1.35777427424262,0.192039567832079,-7.07028395017985,1.54616986257475e-12,1.57097846375957e-10,9.80382976857842
"CLEC4E",445.517061118233,3.3226181603491,0.470633171535997,7.05988944532985,1.66635125781397e-12,1.67417100673332e-10,9.77620018344698
"LOC103351679",2713.28566516491,3.0493467363411,0.431905872100898,7.06021134074496,1.66249558464502e-12,1.67417100673332e-10,9.77620018344698
"PKHD1",290.716096550135,-2.51196883741131,0.356369244694467,-7.0487812144534,1.80491678601966e-12,1.80331241554319e-10,9.74392902724721
"LOC100342069",3258.42926112221,2.64480644998408,0.376027836263566,7.0335389961138,2.01359663290386e-12,2.00069181470403e-10,9.69881980465788
"OAS3",2476.40480635241,2.77547101985061,0.395781872761895,7.0126279419582,2.33882813749227e-12,2.30146565651887e-10,9.63799550145462
"SIGLEC1",6333.43994657552,2.10104947808868,0.299617289004737,7.01244405844502,2.34190511089275e-12,2.30146565651887e-10,9.63799550145462
"COL4A3",142.610919655529,-1.25008708990745,0.178655174501122,-6.9972061732788,2.61116904728595e-12,2.55213392099948e-10,9.59309654012914
"RGS2",5270.16908911828,1.96124245944298,0.280501066812661,6.99192513500435,2.71139566800107e-12,2.63576971315304e-10,9.57909253667127
"MOV10",1799.34592570704,1.4355369569131,0.205503576278112,6.98545973219638,2.83924691299094e-12,2.74521593995856e-10,9.56142348806494
"LOC100346553",106.441470689398,1.6058321604781,0.230040699817837,6.98064369370169,2.93830654481178e-12,2.82580240117086e-10,9.54885821017375
"LOC100346209",571.334448519162,3.86420576591977,0.555356385254577,6.95806489043681,3.44978321693867e-12,3.30004794539495e-10,9.48147975034357
"LOC100357183",189.697093387819,-3.44555829264184,0.497007498590434,-6.93260826529541,4.13151127166867e-12,3.93127506400473e-10,9.40546656833962
"TAPBP",3475.79897725037,1.77859758248886,0.257204782061183,6.91510308725821,4.6752326915373e-12,4.4252307749793e-10,9.35406407599741
"GPR156",222.012709291654,-2.81877234802688,0.408969842353589,-6.89237214119523,5.48696031783805e-12,5.13945283104164e-10,9.28908311546164
"MPEG1",16203.540687599,2.22347908931702,0.323189479998463,6.87980032434099,5.99365122893426e-12,5.584964958609e-10,9.25297954740611
"HAVCR1",1980.30854979812,2.09626795690274,0.304975999468001,6.87355057630588,6.26232922436453e-12,5.80524375108101e-10,9.23617954034798
"ZMYND15",64.2284433761279,2.45525110303611,0.357495736708744,6.86791715515318,6.51460323937585e-12,6.00813459779155e-10,9.22126034657257
"FKBP5",8496.56971316033,2.45202701495953,0.357756981903419,6.85389003986367,7.18683329068231e-12,6.59428621936892e-10,9.1808322066022
"B2M",70022.2556664823,1.17776847817065,0.172182886166757,6.84021800534812,7.90727547227756e-12,7.21849959865176e-10,9.1415530633365
"CTSA",11724.2353518565,1.12044153701398,0.164045390869377,6.83007020847144,8.48730851267364e-12,7.70887658040013e-10,9.11300890735527
"LOC100344475",14.7592190121195,2.15707872431455,0.31586555242241,6.82910405320129,8.54465838556181e-12,7.721966653565e-10,9.11227207815926
"MLANA",907.972684537542,1.91913947650446,0.281571419144644,6.81581775002025,9.37290589251188e-12,8.38618604830516e-10,9.07643550696274
"APOBEC1",828.623143772996,2.84780188653708,0.417986442777898,6.81314414795577,9.54883738027748e-12,8.50130155677773e-10,9.07051457832648
"TLR4",2051.26635435408,1.81602008326237,0.266989046617368,6.80185238409789,1.0328240124591e-11,9.14990494584457e-10,9.0385834175958
"ICAM2",709.273062837086,1.4584848551374,0.214985932227144,6.784094382494,1.16816944632319e-11,1.02982153542531e-09,8.98723803053307
"NUAK2",542.232818840044,2.41366423812576,0.35616024489196,6.77690526312933,1.22777336259877e-11,1.07708664160859e-09,8.96774936034263
"LOC108176303",13.9031370863565,5.89370821176219,0.871956036754858,6.75918046705278,1.3877445274548e-11,1.20566171892498e-09,8.91877452819304
"TCN2",5917.24392543079,1.82584701721605,0.270444684766013,6.75127713748842,1.46549361994115e-11,1.26708832985681e-09,8.89719310900585
"VASH2",2392.29214026318,1.20908245190594,0.179651390542008,6.73015916135207,1.69477598817195e-11,1.45831824742987e-09,8.83614768999574
"SLC7A7",3236.05972956625,1.5324415085768,0.227766766505565,6.72811724066585,1.71872417888694e-11,1.47188264919537e-09,8.83212681420947
"LOC100359168",218.601113886096,2.37044231624761,0.352595441079944,6.72283881205986,1.78217702939666e-11,1.51898917993694e-09,8.81844531969246
"PARP3",823.274928048978,2.35095119114556,0.349904299176241,6.71884054205755,1.83176225293758e-11,1.55388737532215e-09,8.80858046175688
"LOC103352415",25.8555712846013,-2.14373058019982,0.319786779932868,-6.70362477351266,2.03311933807635e-11,1.71660179229883e-09,8.76533043836528
"CCR5",269.854637350121,3.11983610032623,0.465793898358786,6.69788958446837,2.11450931751716e-11,1.77247552563355e-09,8.75141975284768
"PANX1",782.502377567283,2.61721962295227,0.390770998081874,6.69757898052585,2.11900710637908e-11,1.77247552563355e-09,8.75141975284768
"MYH15",54.7883428463166,-2.37504638233087,0.355225821076202,-6.68601841818638,2.29324177178685e-11,1.90933611221364e-09,8.71911761333982
"BPI",1183.55103230223,3.32368374533345,0.498639976900546,6.6654979530379,2.63769486673187e-11,2.17597726987642e-09,8.66234564556338
"TAP2",3228.48590057011,2.05450282779894,0.308210295282342,6.6659123956806,2.63026125713726e-11,2.17597726987642e-09,8.66234564556338
"PTAFR",2149.82217886483,1.8424853887234,0.276464374596935,6.66445863561844,2.65642704790085e-11,2.18142392828534e-09,8.66125992734915
"IL10",77.9405422119084,2.44811006503732,0.367451395945802,6.66240512908109,2.69382211906273e-11,2.19211298593774e-09,8.65913706519464
"LOC103346551",119.243624464238,2.73613971908638,0.41115069416804,6.65483424422505,2.8361950733527e-11,2.29757352248535e-09,8.63873058227099
"C2",15447.4250051767,2.17283211622282,0.32731882694703,6.63827417594421,3.17377112099763e-11,2.5595112035884e-09,8.59184296509949
"LOC108175666",25.1661600975631,2.05321759346472,0.30949580086376,6.63407253906023,3.26549218848542e-11,2.62172372846972e-09,8.58141307524039
"LOC103345141",56.550085556557,4.37668734007349,0.66099994388296,6.6213127256308,3.5602286774005e-11,2.84565122374981e-09,8.54581833014177
"LOC103345927",731.317791107508,4.06851168499904,0.614679436430536,6.61891620878847,3.61841867670246e-11,2.87936466733704e-09,8.54070332887568
"TIMP1",4095.34736974908,2.7970578498482,0.423073870183999,6.61127535158749,3.81023003698426e-11,3.01864215793502e-09,8.52018836695214
"SAMHD1",6681.47355963899,1.3801918008636,0.209015343693612,6.60330374064199,4.02094506384126e-11,3.17160859772462e-09,8.49872041351606
"FGF23",40.9305975538923,4.32095411089751,0.655923258358065,6.58759093512541,4.47020204062202e-11,3.4953092825455e-09,8.45651438965792
"SGCD",65.5789234131087,-1.44315461172193,0.219238691089969,-6.58257264968663,4.62376741139465e-11,3.59973303578015e-09,8.44372970628456
"BCL2L14",419.068721751899,2.01555209785013,0.306550851186897,6.57493557772341,4.86742376638392e-11,3.77309262994174e-09,8.42330253267901
"IRF9",3122.57779535421,1.1151197942104,0.170265301444665,6.54930737354496,5.78045473286129e-11,4.46161793629946e-09,8.35050762259122
"LOC103348788",59.2791933683658,-2.95172656203303,0.450816570621523,-6.5475112371393,5.85038202381818e-11,4.49629360326265e-09,8.34714533753828
"CXCL16",3019.38094586701,2.46936344190212,0.378018820314944,6.53238227621785,6.47316746124834e-11,4.9327730348767e-09,8.30690886669239
"APLNR",1931.76800205969,-1.26700148429155,0.193952708743615,-6.53252791620657,6.46687380373755e-11,4.9327730348767e-09,8.30690886669239
"LOC100357840",157.849706747565,7.65950279119932,1.17294765266973,6.53013182111381,6.57118305709185e-11,4.98633570036877e-09,8.30221848637979
"CCR1",359.367892790544,3.91556332960222,0.600988551268504,6.51520452650496,7.25906807110904e-11,5.4622209284864e-09,8.26263073808824
"LOC100357076",101.960947849611,-2.56796541372209,0.39449102667018,-6.50956609938069,7.53681863012294e-11,5.64758942683879e-09,8.24813688351072
"TLR2",882.745714138719,1.64312360665389,0.252498316414448,6.50746361396283,7.6430255903778e-11,5.70340963557487e-09,8.24386543499374
"LOC100348455",304.860153085872,2.20185077174813,0.338771659836657,6.49951289552905,8.05804944092704e-11,5.98826285725752e-09,8.22269914437592
"CD84",2223.14686952608,2.28120429580633,0.351739484576695,6.48549394035667,8.8441554643861e-11,6.51857753571802e-09,8.18584716435815
"RENBP",1318.56264838658,1.49771144820341,0.230927731812575,6.48562836714207,8.8362728676305e-11,6.51857753571802e-09,8.18584716435815
"UNC5CL",866.208708919143,3.16079073282592,0.48791288021076,6.47818670304537,9.2831444000662e-11,6.81420689350166e-09,8.16658468448372
"LOC108176894",228.859575907166,2.61346952360678,0.404148083124997,6.46661368129876,1.00223435829292e-10,7.32690353639829e-09,8.13507952620164
"LOC100358696",307.18797858105,2.81017608655058,0.435718245254945,6.44952585106071,1.12200621640216e-10,8.13635475636144e-09,8.08957012383023
"LOC100349504",281.545516651706,3.72217207119939,0.577831422325704,6.4416228114042,1.18202744522083e-10,8.46915600591691e-09,8.07215986714702
"TYROBP",2691.84382063574,2.2232347822478,0.345447713534115,6.43580691127731,1.22819086156183e-10,8.7193392014711e-09,8.05951642699736
"GRN",12840.6751229987,2.14322868757316,0.333037397866939,6.43539945153384,1.23149030091952e-10,8.7193392014711e-09,8.05951642699736
"ZCWPW1",411.762127846227,1.38327663573026,0.214972435705487,6.43466978075902,1.23742053317413e-10,8.72696896807984e-09,8.05913656832291
"LOC100355072",78.5131363986043,-1.00740905672001,0.156643872849646,-6.43120626675876,1.26595228692186e-10,8.89331481562609e-09,8.05093633376448
"C3",50329.0095021551,1.3031153490413,0.202688503776186,6.42915273813575,1.28317143530551e-10,8.97920431616121e-09,8.04676214622923
"LOC100348199",409.772852596262,2.64640186293481,0.413378047712295,6.40189259584645,1.53462611384748e-10,1.06558749156112e-08,7.97241088612598
"LOC100349056",79.8494779082344,-1.50017822962274,0.234320203835136,-6.40225727474291,1.53096400191409e-10,1.06558749156112e-08,7.97241088612598
"NFAM1",961.041734616961,2.44497804513473,0.382120565248479,6.39844663567074,1.56965581744164e-10,1.08571885464887e-08,7.96428262012658
"NEU1",2500.91775349553,1.23489536543642,0.193504862074886,6.38172783978174,1.75100957487632e-10,1.20651939442819e-08,7.91846569254886
"EFHB",31.2419704295776,4.65446880292828,0.731081325203714,6.36655409250308,1.93322141787116e-10,1.32698679309141e-08,7.87713339945362
"IL13RA2",364.206288062307,-1.48987652161065,0.234188839376366,-6.3618596239604,1.99325573155133e-10,1.3578299650083e-08,7.86715461141199
"LOC100339446",257.088349991201,-2.62838748692568,0.414407830986981,-6.34251404145945,2.26045599600851e-10,1.53403926914027e-08,7.81416352294725
"KLHL38",46.9127216008743,1.8446058899849,0.291289371309937,6.33255474337992,2.41134687772365e-10,1.63028805447301e-08,7.78773565362334
"LOC100353428",736.624419619706,-3.31135583952972,0.523109922879067,-6.33013386804983,2.44948589922709e-10,1.64987095174907e-08,7.78255002374674
"RBP1",368.180838625149,-1.37022291578717,0.216794775836096,-6.32036870124169,2.6093996006683e-10,1.75102397083652e-08,7.75670790855346
"LOC103346250",402.913456869867,2.7183212070599,0.430254679845333,6.31793524718214,2.65081033035185e-10,1.77219973907241e-08,7.7514873317219
"PSMB10",3857.43783150996,1.31768342671623,0.208825750580746,6.30996619455092,2.79096424138223e-10,1.85898892285252e-08,7.73072319804863
"LOC100328967",123100.473848428,2.69787613127911,0.428254665550414,6.29970050136329,2.98221310509412e-10,1.97176913536811e-08,7.705143935797
"DDX4",5.95057905732438,-5.66113848863221,0.899293770048681,-6.29509363589359,3.0721435489849e-10,2.02378862948514e-08,7.69383484847347
"LOC103346068",100.079883406038,2.91281103293467,0.463072020361396,6.29019008892272,3.17077461241125e-10,2.08113907407314e-08,7.68169889668199
"CXCL9",868.403653179623,2.01315558929486,0.320386937544055,6.28351331900989,3.31005837156092e-10,2.16465780924187e-08,7.66461074748785
"CSF2RB",2777.34270742455,2.23046956486896,0.355145215619341,6.28044379248985,3.37607922884251e-10,2.19983365403999e-08,7.65761015820683
"ANGPTL4",2363.58169645767,3.10523528274274,0.495311821797935,6.26925331899213,3.62783524550622e-10,2.35534256516909e-08,7.62794591938726
"DRAM1",2591.69040203215,2.00810838717908,0.321038075232847,6.25504742925778,3.97395121125844e-10,2.57077476918244e-08,7.58993597111523
"TSKU",2932.25113764463,1.15526529400128,0.184907697570327,6.24779448979886,4.1628890122773e-10,2.68334752676685e-08,7.57132307716662
"PILRA",792.999796767877,2.2456637198652,0.359657309017763,6.24389846545367,4.26797102730676e-10,2.74125681982446e-08,7.56205027485534
"FSD1L",61.498015673602,-1.5286244576021,0.244857187529651,-6.24292255017833,4.29469588669712e-10,2.74473701720546e-08,7.56149926048451
"GRINA",3903.28564739794,1.40618894565995,0.225257393181799,6.24258731665717,4.30391369468382e-10,2.74473701720546e-08,7.56149926048451
"LOC103346281",48.8563219077001,-1.89736469639504,0.304059994150029,-6.2400997595851,4.37291917428743e-10,2.77888969718675e-08,7.55612869138522
"SPATS1",21.4189121777478,-2.2301292113007,0.357502416548645,-6.23808150118406,4.42969865634093e-10,2.80505988153645e-08,7.5520578631268
"LOC103350214",87.0285214593012,1.24683530726385,0.200085400335683,6.23151566866965,4.61943780342499e-10,2.91494629672965e-08,7.53536944201948
"CAPN3",132.487319284433,1.7529570796651,0.281423721195572,6.22888885207692,4.69754897112221e-10,2.95387135303013e-08,7.52960842300029
"PKIB",1990.46221452144,1.90944626493734,0.30664947316768,6.22680432225373,4.76045067092759e-10,2.98299459463281e-08,7.52534753360517
"NKG7",216.684850895092,2.41341020462011,0.387682356327516,6.22522579433882,4.80862972954996e-10,3.00272212000786e-08,7.52248485672248
"ABCA1",4558.17869850656,1.33608800807351,0.214884383758904,6.21770639960778,5.04474352123959e-10,3.1392618507257e-08,7.50317245760919
"NIPA1",630.426015839511,1.72914362006293,0.278973446140388,6.19823730174222,5.70990085419483e-10,3.53090625305378e-08,7.4521138129727
"RLA-A3",19062.8831291589,1.4830892410619,0.239300520713988,6.1976013952535,5.73301059770743e-10,3.53090625305378e-08,7.4521138129727
"PSME2",4671.60320116751,1.03569141055855,0.167099787442218,6.19804146020642,5.71700830971601e-10,3.53090625305378e-08,7.4521138129727
"TTC39B",671.185768762437,-1.32356622479471,0.213662110792385,-6.19466979843148,5.84073456155284e-10,3.58497509743912e-08,7.44551385675555
"FADS2",2385.23057742056,-1.00835977568269,0.162841418269712,-6.19228072561095,5.9299813914663e-10,3.62737365116088e-08,7.44040770599134
"CYP2C2",36040.9767034833,-3.83522501699641,0.619711980154415,-6.18872176077794,6.06540343885531e-10,3.69763442184318e-08,7.43207602893253
"TAP1",5633.19113179604,2.20145002689775,0.355866700694713,6.18616471448477,6.16455956365302e-10,3.74538645921405e-08,7.42650336396054
"LOC103346277",42.0035488350127,2.85798111181942,0.463080854473297,6.17166761314296,6.75734432549679e-10,4.09171987709543e-08,7.38809410614168
"SRGN",15282.4378487978,1.72193942183805,0.279215932079299,6.16705289348965,6.95744900229387e-10,4.19875043145144e-08,7.37687993852343
"PCP4L1",52.8000536443143,-2.0874367989658,0.338866005000698,-6.16006553670529,7.27148451171956e-10,4.37359121935667e-08,7.35916181102723
"TREX1",806.399110825172,2.34048760626564,0.380187106124551,6.1561467197651,7.4536175622702e-10,4.46819527466224e-08,7.34986785506066
"NRIP3",168.808705762709,-1.74785779033661,0.284338977759006,-6.14709177092852,7.89164747892345e-10,4.71506273292224e-08,7.32651252469108
"LOC108177650",309.92509609298,1.92905537708134,0.31404436583765,6.14262055597134,8.11710273912973e-10,4.83370780332812e-08,7.31571960614965
"MERTK",2285.03110717789,1.66603081020817,0.271508864942536,6.13619305049497,8.45224372670515e-10,5.01203711650942e-08,7.29998572150958
"CD63",13634.9751077109,1.28270771555378,0.209052498637423,6.13581623713808,8.47230473431308e-10,5.01203711650942e-08,7.29998572150958
"LOC103346239",166.010080690896,2.02686063249346,0.330454682031553,6.1335509608544,8.59388719377412e-10,5.06729400960111e-08,7.29522389676655
"CDH5",2308.34477562835,1.00652866724151,0.164200252811571,6.12988500326217,8.79426145954575e-10,5.16849666955787e-08,7.2866357592382
"LOC100345936",8.04819502469354,-3.04216213758187,0.497762658903496,-6.11167206532395,9.85926220823238e-10,5.75678479067698e-08,7.23982000573132
"LOC100009168",30927.7122553494,3.74112824730847,0.612411839098382,6.10884376895181,1.00355504376492e-09,5.82191416357044e-08,7.23493420194814
"PRDM1",588.579502598394,1.49850689563859,0.245292814305519,6.10905337721046,1.00223807422885e-09,5.82191416357044e-08,7.23493420194814
"FAM169B",273.12969938171,-1.69713508824362,0.278153629200004,-6.10143068463549,1.05123227010025e-09,6.0788942589977e-08,7.21617541100497
"CP",30883.0296524934,1.7020287793073,0.28024833675318,6.07328770984397,1.25317634501084e-09,7.20035891011977e-08,7.14264585512434
"LOC100347810",55.1810451078164,-1.3429385205375,0.221607927640135,-6.05997508680406,1.36142633602994e-09,7.79741758826827e-08,7.10804920665091
"LOC100349247",2499.71866477014,2.62240891479482,0.433093510454234,6.05506397924181,1.4036186637589e-09,8.01354858699686e-08,7.09617512555418
"MT3",70.3718698674928,2.22733881221158,0.36796255902794,6.05316698007434,1.42025511193476e-09,8.08286959906162e-08,7.09243442761798
"CNTN2",55.9550271032126,-2.41523083269991,0.399055625226936,-6.05236633696469,1.42733418755937e-09,8.09753250128316e-08,7.09164730017489
"PFKFB4",1123.44861746238,1.56796588300265,0.259139430272363,6.05066500823387,1.4424912617254e-09,8.13144076451933e-08,7.0898324973772
"LOC103348229",174.289970187898,1.43391732092837,0.23698931002242,6.05055696728565,1.4434590740069e-09,8.13144076451933e-08,7.0898324973772
"SCARB2",11814.7118127269,1.05091040012622,0.173699141511767,6.05017613201632,1.44687558087533e-09,8.13144076451933e-08,7.0898324973772
"FAM43A",613.423455206987,1.0448834194509,0.172753471828862,6.04840764350031,1.46284440272946e-09,8.19557437342261e-08,7.08642060420858
"LOC103350560",98.4836545699471,-2.14569482668954,0.354787642958691,-6.04782852298881,1.46811089280748e-09,8.19953611684775e-08,7.08621071683481
"MS4A6A",344.385851808048,1.83244702218669,0.303070341468416,6.04627629780016,1.48231805383071e-09,8.25325321365064e-08,7.08337483032937
"MYBPC1",639.975387898153,1.87019785419515,0.30942164616783,6.04417266004964,1.50178620089768e-09,8.33584044350119e-08,7.07905060680489
"SKIDA1",54.4970442103386,-1.63880045838849,0.272010946785784,-6.02475921558805,1.69361567214665e-09,9.34293995333904e-08,7.02951644233477
"APH1B",1632.93393429396,1.55285983121966,0.258194827766659,6.01429488209208,1.80671370150325e-09,9.90607902677881e-08,7.00409821171021
"LOC100349085",13594.8559286336,2.6709710655629,0.444389502894646,6.01042789751971,1.85034290216988e-09,1.01144579795207e-07,6.99505738553879
"TIFAB",152.161960733864,2.78982304888427,0.464527192553194,6.00572602337979,1.9047760669471e-09,1.03804523599929e-07,6.98378372036347
"WDR54",269.93809888203,1.06774137235587,0.177925430956602,6.00106104346774,1.96032269576629e-09,1.06508892328281e-07,6.9726141318695
"CEBPD",2113.2914885367,2.2710295931362,0.378536980070559,5.99949202509325,1.97935749829208e-09,1.07219172437604e-07,6.96972754916414
"UPK3A",40.781515822767,4.14162338897345,0.692267729905801,5.98269023682068,2.19481931983658e-09,1.18178534874075e-07,6.92746139851652
"SLC43A2",4703.78488526657,1.69706331794179,0.283865055191168,5.97841575391837,2.25318085472206e-09,1.20958819377079e-07,6.91736246076914
"SH3TC2",92.528981432826,-1.13800959343729,0.190492607125639,-5.97403547890296,2.31455431136551e-09,1.23516156485452e-07,6.90827623095855
"CD36",16020.6527448444,2.44135478059021,0.408718049568489,5.97320031050186,2.32643956236813e-09,1.23783103815469e-07,6.90733863173344
"ITPKA",456.647025306714,-1.77800085248042,0.297833620545763,-5.96977886251504,2.37575372419705e-09,1.26034085474807e-07,6.89951198558312
"SHISA5",2736.88184834347,2.28233107491996,0.382518241723019,5.96659407572147,2.42257087453122e-09,1.27850598647701e-07,6.89329723409221
"MMRN2",1693.65784120156,1.67222931490547,0.280270503406378,5.96648343147555,2.42421341964335e-09,1.27850598647701e-07,6.89329723409221
"DNM1",192.677315591268,-1.80748854145801,0.303021035392624,-5.96489461240223,2.44791985127777e-09,1.28723364343215e-07,6.89034261794104
"LOC108175404",56.439176614352,3.00302419717161,0.504293741705491,5.95491069751444,2.60213879584886e-09,1.36434006135702e-07,6.86507736841569
"PTGIR",179.744729524405,2.27185541703937,0.382622101222514,5.93759589365218,2.89231877689305e-09,1.51207735126874e-07,6.82042599165894
"LOC100350215",157.818595961534,3.82610282587182,0.644599609451229,5.9356269686994,2.92724682082909e-09,1.52590164712436e-07,6.81647345818174
"LYVE1",3214.68733573496,2.77627541534937,0.468044987866889,5.9316422295263,2.99919594034965e-09,1.55888843327307e-07,6.80718496534206
"C1QTNF3",251.795173966193,-2.88191607324539,0.486440632750621,-5.92449700788633,3.13254713922093e-09,1.62350800437317e-07,6.78954556583285
"GNE",2870.63479559756,-1.08928186319588,0.183892462746763,-5.9234720495093,3.15214326010415e-09,1.6243021315104e-07,6.78933318578225
"HPSE",432.650744838676,1.42384834668426,0.241148920039451,5.90443592470299,3.53855365525462e-09,1.81820996960283e-07,6.74035596524256
"ENKD1",87.0024354917246,1.81050039542758,0.306895896679816,5.8993959026975,3.6483486579004e-09,1.86928496477723e-07,6.72832448717303
"MUC1",577.784082168003,3.42875343234679,0.581463142984037,5.89676830546922,3.7068978784906e-09,1.89388782519247e-07,6.72264574779454
"LOC100338822",983.058116072052,2.76163308202719,0.469181270402758,5.88606846913674,3.95490523685394e-09,2.01161884933503e-07,6.69645430359205
"C17H15orf48",3224.06523323842,3.0640077034005,0.520660932481185,5.88484273017972,3.98432676554292e-09,2.01842626905701e-07,6.69498711027473
"PM20D2",354.017099855341,-1.6659679197047,0.283795043717687,-5.87032070004001,4.34952950195014e-09,2.19109071605242e-07,6.65933964130493
"LOC103347376",80.6300854853399,-1.75757496634243,0.299548974885325,-5.86740437691457,4.42670146415359e-09,2.2237374059033e-07,6.65291649852002
"COL4A5",1084.06982996506,-1.64732623378133,0.280928152957958,-5.86387023314055,4.52200933795342e-09,2.26528735191516e-07,6.64487669986058
"LOC103350038",1194.58061689211,1.86243477123633,0.317657552251474,5.8630268918081,4.54504578118432e-09,2.27050287024497e-07,6.64387794475145
"TGM2",16746.6839475507,1.75979526402324,0.30034051304967,5.85933361488334,4.64728246745719e-09,2.31514481702909e-07,6.63542183779094
"EPB41L3",2475.29475355,1.54917620758085,0.264445180646665,5.85821304737923,4.67874190478529e-09,2.3243782987751e-07,6.63369318794253
"STAT2",2974.49647277481,1.15042959612237,0.196501290595093,5.85456509032767,4.78259878328748e-09,2.36942855423256e-07,6.62535638211982
"LY96",546.567390759007,1.35353353249461,0.231565857979223,5.84513427111546,5.06159826218406e-09,2.49391186704433e-07,6.60311889822421
"P2RY6",204.372903462193,2.03990337375568,0.349111775514619,5.84312394146173,5.12308713798261e-09,2.51731145053222e-07,6.59906304870285
"LOC100347004",17476.5860285597,-1.98103599197845,0.339141836821907,-5.84131999325919,5.17888178467714e-09,2.53091368008521e-07,6.59672266673505
"LOC108175948",1102.42182134308,2.53058836576378,0.433289509572952,5.84040995651594,5.20725238748021e-09,2.53786522862992e-07,6.59553144450153
"ROBO4",763.237807803072,1.27506176221169,0.218507689315194,5.83531758634103,5.36882051508943e-09,2.60953697684779e-07,6.58343654486057
"LOC108176481",393.776267647897,2.2874064008105,0.392040316251266,5.83462033365072,5.39131873919905e-09,2.61340906214975e-07,6.58279260729138
"SIGLEC5",1400.55907498768,2.07437555728285,0.356050045962332,5.82607861115768,5.67448946335671e-09,2.74328006744643e-07,6.56172985206098
"ACTL6B",40.0110050749493,3.05827974511818,0.525442122265333,5.82039318038122,5.87093545818579e-09,2.82307228021426e-07,6.54927800230071
"PLVAP",1723.244964694,1.48049462610484,0.254356658119353,5.82054598865717,5.86557006220047e-09,2.82307228021426e-07,6.54927800230071
"LOC100350735",357.974383446419,4.17647261252802,0.718357612794998,5.81391849705348,6.10271357440843e-09,2.92669869125763e-07,6.53362198664031
"EFNB3",39.766112045401,-2.3358513005775,0.401954289837723,-5.81123615205234,6.20132115576092e-09,2.95996622671504e-07,6.52871324422315
"KANK4",82.7148544888758,-1.33140266618388,0.229112253777479,-5.81113687387921,6.20500037517554e-09,2.95996622671504e-07,6.52871324422315
"CSTB",3056.92435358469,1.38228508585706,0.238115182067826,5.80511109729797,6.43233391016118e-09,3.06029346667563e-07,6.51423692487571
"HCK",1968.81490240169,1.88423512836204,0.324704103822154,5.80292982497709,6.51660699600813e-09,3.09220739356755e-07,6.50973138575584
"CAPN6",124.435055573688,-2.27212373026121,0.391682702278814,-5.80092946929229,6.59483370386674e-09,3.12109182448262e-07,6.50569345393016
"LYN",4357.87482958833,1.20659951666119,0.20884851367226,5.77739096843503,7.58678535612372e-09,3.55314447511794e-07,6.44938713321688
"CYBB",1569.12305816646,2.11929814565455,0.36711042064369,5.77291742887218,7.7910626584794e-09,3.63530946180172e-07,6.43945861318671
"CMKLR1",653.309141632148,1.92502051440096,0.333471602427254,5.77266699889655,7.80265487241695e-09,3.63530946180172e-07,6.43945861318671
"ZNF41",498.842673198886,-1.04008864995242,0.180570500516428,-5.76001421593113,8.41068521762742e-09,3.90846932697187e-07,6.40799329196556
"PSTPIP2",839.479931357277,1.2366136792055,0.214725036935363,5.759056777239,8.45852499977393e-09,3.92056993803955e-07,6.40665079447099
"CLDN7",4580.38232176425,1.25819405155653,0.218971381049209,5.74592919644498,9.14175567679901e-09,4.21552138696291e-07,6.37514870301379
"LOC103345668",113.537450750713,1.81896990128052,0.316964601703957,5.73871622099752,9.53969132360629e-09,4.36544042655816e-07,6.35997193404896
"MS4A4A",326.754905869992,2.36370305726169,0.412463050838329,5.7307025501011,1.00015518165136e-08,4.56517532660356e-07,6.34054253863039
"GPR84",345.663098394174,3.32750979368456,0.581100550639055,5.72622034177251,1.02692825375382e-08,4.67551334569841e-07,6.33017069902361
"IFNB1",5.1684949613855,5.24642458474427,0.916555238308105,5.72406808173263,1.04003039765378e-08,4.72320875540543e-07,6.32576285914125
"LOC100357197",48.198722085243,-1.70631023377471,0.298616368445178,-5.71405460008456,1.10315577707157e-08,4.98471193338066e-07,6.30235993451543
"LOC100344949",1546.25458389453,-1.42304801270919,0.249122809745742,-5.71223491803729,1.11502019729385e-08,5.02569504464477e-07,6.298803867603
"LOC100353245",7730.52286970682,2.58483499822331,0.453132003256778,5.70437528059247,1.16770555694335e-08,5.2500041840173e-07,6.27984035048073
"ECSCR",310.708661796525,1.08606102787914,0.190408192831489,5.70385660264261,1.17126622540791e-08,5.25288074756504e-07,6.27960245856532
"SDC4",9020.55654691711,2.35182227258373,0.412375530149444,5.70310821238941,1.17642244478712e-08,5.26288090722677e-07,6.27877645744224
"PRM3",15.8889969587865,5.05403983104415,0.887859615371298,5.69238621009987,1.25276086698868e-08,5.590484226284e-07,6.25255057356343
"SLC17A1",4225.4949940681,-1.60310954539697,0.281966047956058,-5.68547013733653,1.30453279668521e-08,5.80710837019475e-07,6.23604006924162
"CHST15",1868.77513463322,1.04485120613816,0.183821780586297,5.68404463717859,1.31545919261826e-08,5.83766103385358e-07,6.23376112610045
"MBOAT2",258.077976741864,-1.00939735599173,0.177718094092161,-5.67976694296683,1.34878395276849e-08,5.95983552987434e-07,6.22476572506741
"ATP6V0D1",5073.54007045341,1.00085123931409,0.176295512362908,5.6771226102104,1.36979292764861e-08,6.03783235559623e-07,6.21911894961869
"TRIM5",1933.00018585714,1.20109491943227,0.211685655258195,5.67395517644915,1.39537657302261e-08,6.1355629069043e-07,6.21214558678413
"WDR66",97.3448895890583,-1.58230827425753,0.278943447732918,-5.67250561759943,1.40723904523347e-08,6.17263097304361e-07,6.209529686286
"TRIM69",56.5398165104128,2.7176244902821,0.480360258702019,5.65747153527104,1.53619284239018e-08,6.70555632950123e-07,6.17356518488031
"LOC103347026",33.1658387230597,-1.49236877199252,0.263836674645114,-5.65641139163045,1.54570719911038e-08,6.73075018615036e-07,6.17193652811652
"TIMP2",4698.53285920619,1.41283864377015,0.25018574370683,5.64715887818823,1.63121070628739e-08,7.08591626615274e-07,6.14960398400435
"HMOX1",9775.30657207851,2.27705199529094,0.403325322999248,5.6456955847902,1.64514720985419e-08,7.12923552337776e-07,6.14695703757854
"SP110",354.207559227748,1.55559007052696,0.275722000068491,5.64187866815321,1.68204621127142e-08,7.27161515949643e-07,6.13836911363231
"PABPC4L",43.7380971059316,-1.56513579339655,0.277724307439263,-5.6355736659415,1.74476539277421e-08,7.50758441521918e-07,6.12449977589784
"CLCN7",31.457631455717,2.46502352398033,0.437910353041599,5.62905970790365,1.81194672015093e-08,7.74015435040245e-07,6.11125037874092
"C1R",31219.1214612134,1.26334122446973,0.225213915199463,5.609516727023,2.02892387472869e-08,8.64648506235089e-07,6.06316040447281
"GPC3",492.824442144917,-1.67025381392087,0.297781650414468,-5.60898836982105,2.03512697967515e-08,8.65241692729974e-07,6.06286256171757
"LOC100349505",48.0984394486457,-3.31090899592803,0.590709017501678,-5.60497452693554,2.0828559448902e-08,8.83445313983617e-07,6.05382032852304
"VCAM1",7620.90213984068,1.32659232611318,0.236872848987402,5.60044062366868,2.13807635042431e-08,9.04733296141903e-07,6.04347942641304
"PDK1",2061.40115221119,-1.03120233494566,0.184153652463379,-5.59968440023596,2.14742396930144e-08,9.06555696336083e-07,6.04260550886757
"LOC100349037",159.356530032606,2.18786399810562,0.390781747727042,5.59868522731984,2.15983552485704e-08,9.09660001850797e-07,6.04112090098823
"LOC103346857",657.883243684547,1.80723045584424,0.323370986881853,5.58872171331972,2.28747187911211e-08,9.58925274451101e-07,6.01821523449563
"C4A",42974.815992465,1.51918744529277,0.271827953725763,5.58878299479612,2.2866649058169e-08,9.58925274451101e-07,6.01821523449563
"LOC100339318",4676.80772468622,2.0938229945921,0.375032265015708,5.58304761992786,2.36339998729688e-08,9.88450822594117e-07,6.00504493283214
"SYNDIG1",75.2948782162373,2.38966718180685,0.429276805665274,5.56672792536146,2.59567195418122e-08,1.08307574069594e-06,5.96534117161464
"FAT3",51.2217957144883,-2.87758574143031,0.517661773588724,-5.55881443878164,2.7161327528555e-08,1.13071600526281e-06,5.94664646035738
"LOC100341088",2561.15707086226,2.69540012301384,0.485088686404542,5.55650997138696,2.7522200526164e-08,1.14309296596428e-06,5.94191844767694
"TEAD4",233.533138277445,1.67418018295711,0.301377814386713,5.55508767745222,2.77472449288944e-08,1.14978445345907e-06,5.93938356786136
"LOC108176804",88.2964919827136,1.47161627550994,0.265304595401063,5.54689327293892,2.9079011798827e-08,1.19944254172042e-06,5.92102055170736
"GPR37",163.831082329579,-1.83425544434756,0.330893908070475,-5.54333397989572,2.96766045858958e-08,1.22129074799256e-06,5.91318093292877
"CTSD",27641.1128103948,2.2926549168337,0.414122820803612,5.53617140051535,3.09155033578086e-08,1.26937080453614e-06,5.89641149465816
"LOC100009135",1834.98651796414,3.15682403918691,0.570507034361689,5.5333656713259,3.14143587691503e-08,1.28691532597813e-06,5.89045002704294
"LOC100341136",2071.4766882779,2.05440676232786,0.371485420490444,5.53024869620882,3.1977710471091e-08,1.30701623889114e-06,5.88371901653805
"IL27",24.059305809452,3.17351286793921,0.573953187382754,5.52921899852241,3.21659589582808e-08,1.31172926509234e-06,5.88215579210172
"DNASE2",1688.16806628571,1.36164130466266,0.246381281018338,5.52656151082076,3.26567797385268e-08,1.32873196112594e-06,5.87656261841344
"TACSTD2",222.156085655238,1.42303129621368,0.257706688078375,5.52190285329695,3.35347896632117e-08,1.36137620158736e-06,5.86602184562919
"LOC103347748",172.594330204929,2.41539397516049,0.438698317715357,5.50582000801674,3.67453815896734e-08,1.48167924329302e-06,5.82924580306726
"BRINP2",63.4398339809242,-2.17544402280391,0.395269326003928,-5.50370059016998,3.71900942843831e-08,1.49625650024686e-06,5.82499394985858
"LOC108175700",15.5665336273024,-3.24801627718152,0.592234611981118,-5.48434051552034,4.15014695973065e-08,1.66227712525158e-06,5.77929657144563
"APOBR",1099.06589244247,2.07381319602796,0.378404384497664,5.48041534661647,4.24328507834596e-08,1.69580530775497e-06,5.77062400975692
"LOC100346985",746.650929941665,1.85818954762907,0.33913197018731,5.479252064035,4.27127510146213e-08,1.69943830585608e-06,5.76969459684297
"ATP1A4",72.7218570082131,3.27853226858272,0.598438340797189,5.47847964456178,4.28995927948275e-08,1.70310436384587e-06,5.76875873826545
"LOC100346285",204.721619803489,3.28444873777524,0.599887369332682,5.47510900492683,4.37242375562453e-08,1.73201913702977e-06,5.76144731378489
"MRAS",1441.51264916836,1.06058750236682,0.193770530340731,5.47342003194117,4.41432131049475e-08,1.7447726252294e-06,5.75826116127913
"ADRA2B",253.679691571488,-1.16068404826015,0.212104838263118,-5.4722186337886,4.44436045695559e-08,1.75279338723442e-06,5.75626927390754
"SLC8B1",951.994285004846,1.47970400349506,0.270591828366776,5.46839870378267,4.54119469306133e-08,1.78706444989092e-06,5.74785978452443
"IL10RB",1481.18957834379,1.03520069720203,0.189533447093353,5.46183648890291,4.71234021432347e-08,1.85036520555444e-06,5.73274254667593
"LOC100345716",1042.35054563633,-1.66385440985911,0.304989036995163,-5.455456452638,4.88472021846442e-08,1.91387382154388e-06,5.71808669791423
"PSMB8",3815.58897993836,2.1950444328186,0.402685837496584,5.45100976598717,5.00846195716687e-08,1.95370844567299e-06,5.70914024608438
"NFE2",410.605444366179,1.65156433108379,0.303003926237513,5.45063673461841,5.01897965914659e-08,1.95370844567299e-06,5.70914024608438
"GAS2",1476.94616647708,-1.48389823043483,0.272279674037634,-5.44990453539962,5.03968646413968e-08,1.95753177907318e-06,5.70829117876474
"LOC108178834",117.078180742801,-1.11846778212686,0.205313217529076,-5.44761703891986,5.1049123601194e-08,1.978593618198e-06,5.7036433960399
"SH2D1B",182.211253339726,2.07437953794733,0.38086838996198,5.44644709988771,5.1385876214297e-08,1.98736257599552e-06,5.70172289263389
"LOC108178854",57.8352386456042,-1.81048091185885,0.333472186302304,-5.42918116180637,5.66131948299057e-08,2.18015352424202e-06,5.66151292273323
"IL1RN",1995.52095285168,1.50219419366981,0.276785723973957,5.42728205812795,5.72186688060279e-08,2.19876183719574e-06,5.65782180947197
"CLEC5A",225.809197150431,2.76599713378916,0.510068064692742,5.4228000638608,5.867260695819e-08,2.24982550860573e-06,5.64785116348343
"TREML1",56.7384673748805,2.62614114261011,0.484467711404047,5.42067320647486,5.93750127234615e-08,2.26709178093149e-06,5.6445308975421
"SIRPA",8265.38456599279,1.05086211232806,0.193852695488325,5.42093113371927,5.92893987298045e-08,2.26709178093149e-06,5.6445308975421
"APOD",29761.1790771568,2.05102706121606,0.378646375255354,5.41673496764066,6.0697208959958e-08,2.30777717956847e-06,5.63680612547964
"DPEP1",50.1275827337333,2.05811320974402,0.380009934334225,5.41594580507432,6.09655666327757e-08,2.31309019055662e-06,5.63580743316219
"NAGA",2829.57333176049,1.13194881220418,0.209071396273112,5.41417349471134,6.15724439579689e-08,2.33119754134761e-06,5.63242092361275
"LOC108178943",27.7776704342722,-2.16714596940886,0.400671451280592,-5.40878558350593,6.34535422305054e-08,2.3973708056164e-06,5.62026478766917
"GPR33",25.6320621302802,2.67742210905782,0.495966216902096,5.39839613629641,6.72392752603611e-08,2.5192315130882e-06,5.59873191974421
"KIAA1522",2337.23238387977,1.10292638321905,0.204604350841652,5.39053240403784,7.02492466142676e-08,2.62653316239291e-06,5.58061711145965
"LOC100354724",113.218724847086,4.39081239753367,0.814635833210449,5.38990824922303,7.04936647706484e-08,2.63020345899448e-06,5.58001065542624
"RALGPS2",2103.4342002065,-1.01780482054482,0.188949975815866,-5.38663641606751,7.17884473254869e-08,2.67296777785001e-06,5.57300627655446
"LOC100342351",19.8509261072821,-1.73558362648689,0.322328860085875,-5.38451203539295,7.26414436106762e-08,2.69913992126942e-06,5.56877460137897
"SLITRK6",622.906333902821,-1.61435286983346,0.299915025877948,-5.38270086704636,7.33764220985892e-08,2.72082798973408e-06,5.56529891337299
"F9",6470.10269103482,-2.29652844860628,0.426884446081386,-5.37974262048527,7.45924045920155e-08,2.76022593453252e-06,5.55905536789681
"C1H9orf153",154.422293524423,1.13746980775879,0.21149712634567,5.37818091154447,7.5242190657929e-08,2.77285974752499e-06,5.55707209667399
"LOC108176039",20.2086528408681,2.1096336877538,0.392969928126483,5.36843543680722,7.94226125865964e-08,2.91497196889255e-06,5.53536561717043
"CD72",318.34185991395,1.26773390396743,0.236665163929523,5.35665614202922,8.4776239769233e-08,3.08626699597143e-06,5.51056650540791
"LOC103350775",85.1155151914037,2.62997439023277,0.491287151328756,5.35323259140736,8.63966775400588e-08,3.13257630822665e-06,5.50409834097607
"FBXO39",8.07722277908949,3.76104800876273,0.703511670416819,5.3461060660648,8.98665591426216e-08,3.25168696948876e-06,5.48789126934092
"NR2E1",26.2417811951833,2.69060930946337,0.503351661382849,5.34538676612591,9.02241880435326e-08,3.25168696948876e-06,5.48789126934092
"CXCR2",92.2331485369926,2.32130686783305,0.434592646857523,5.34133949255259,9.22622854041723e-08,3.3052688061925e-06,5.48079321505916
"FAT2",185.116222289825,1.98308060666814,0.371261358506655,5.34146783991955,9.21969742357633e-08,3.3052688061925e-06,5.48079321505916
"BCL2A1",1862.52237771198,1.90420507650311,0.356476821505073,5.34173601656179,9.20606536194491e-08,3.3052688061925e-06,5.48079321505916
"WARS",7177.33952066933,1.27308556899218,0.239173742058905,5.32284839478172,1.02154880181458e-07,3.6379274558086e-06,5.43914596548588
"LOC103348754",14.6067066415487,1.95848175600557,0.369786771163195,5.29624613083102,1.18207484256663e-07,4.18473109620438e-06,5.37833244380852
"GPR34",217.542533752627,1.37808800309626,0.260250909323667,5.29522838816432,1.1886775250787e-07,4.19983823399124e-06,5.37676743708732
"CPT1B",471.599872619654,1.0946462226548,0.206957916855793,5.28922130298372,1.22838194970564e-07,4.33161195755024e-06,5.36335045607326
"NTM",132.512837537789,-1.63279601161894,0.309037634300336,-5.2834859913279,1.26748560229896e-07,4.45204317807508e-06,5.35144063231828
"LOC100346672",4005.09623598862,1.17041229304073,0.22156150853152,5.28256149183163,1.27390056097702e-07,4.4658533506064e-06,5.35009554236358
"PML",2902.37712208848,2.26070103612982,0.428135393168594,5.28034138779923,1.28943406470653e-07,4.51151405052184e-06,5.34567768574072
"LOC103345961",72.0335291199098,2.80692633064943,0.531811145700209,5.27805096479069,1.30565155906361e-07,4.55938594916503e-06,5.34109364348608
"FA2H",639.70956678757,2.45392494688906,0.465394058188611,5.27278959349016,1.34365578566366e-07,4.67394693411515e-06,5.33031622269942
"ADAMTSL1",110.281318072971,-1.31056248630829,0.248940035849114,-5.26457097123035,1.40517110480084e-07,4.86909386295536e-06,5.31255185335087
"SCML2",107.998349605323,-1.12939409119197,0.214576665849664,-5.26335930666029,1.41446759129206e-07,4.89188176188392e-06,5.31052404852495
"LOC100352436",2747.35909028664,1.6953273586539,0.322293120287068,5.26020337369865,1.43896158905544e-07,4.9670413085553e-06,5.30390222816604
"SPTA1",204.121899194137,-1.70616924534326,0.324737687821653,-5.2539920967852,1.48837269990659e-07,5.1277575929349e-06,5.29007251362557
"LOC108176408",177.390030822426,2.95176176980341,0.562546561949787,5.24714213801717,1.54476718360442e-07,5.27493319152883e-06,5.2777830364538
"LOC100339305",840.79469093565,-2.62891646995158,0.501030001397294,-5.24702405568517,1.54575722416353e-07,5.27493319152883e-06,5.2777830364538
"SLAMF1",1706.21566436506,1.58110203331358,0.301277771334686,5.24798768362223,1.53769575044962e-07,5.27493319152883e-06,5.2777830364538
"AGRN",154.145131676455,1.67084699071311,0.319381908025853,5.23150168724604,1.68138500264052e-07,5.70528828065795e-06,5.24372240636656
"NRSN1",159.876305888311,-2.86701762389537,0.548449046589107,-5.22750042456234,1.7181700415018e-07,5.81912806522945e-06,5.23514208490825
"SNX10",2598.49328050086,1.11586631117113,0.213701675429392,5.22160768711344,1.77376432909543e-07,5.99612362677672e-06,5.22212942154199
"LOC103348559",60.2775021935307,-2.08945305724205,0.400272163690636,-5.22008085192993,1.78845035600076e-07,6.03442611675754e-06,5.21936402567871
"C12H6orf222",754.970363742099,1.8060412876166,0.346440652312296,5.21313326124488,1.85677410085807e-07,6.2415374635199e-06,5.20470841838198
"LOC103350037",1433.51715261049,1.80695953679411,0.346762085085408,5.21094898927331,1.87877109322351e-07,6.30369763815889e-06,5.20040462629711
"LOC100358198",126.098542764307,-2.08242915032377,0.3997527078574,-5.20929341913706,1.89561133297425e-07,6.33655654502025e-06,5.19814668529856
"TBC1D19",104.333123248718,-1.16613589118237,0.224287100571594,-5.19929986258897,2.00040586746543e-07,6.67445252699412e-06,5.17558435157485
"NOD1",1360.66775296752,1.2514590083042,0.24091480141159,5.19461237321883,2.05146828651539e-07,6.83214919716534e-06,5.16544265830293
"RAB24",1519.00373439246,1.12321772027904,0.216774783915998,5.1814962053626,2.20113068180859e-07,7.30353029181654e-06,5.13646716513307
"MMP12",1870.45730025412,2.85686063319773,0.551571723414697,5.17949073877706,2.22492457753588e-07,7.36888464132695e-06,5.13259824223244
"FAM26E",136.396899835519,1.28566167521879,0.249166252215807,5.15985477080283,2.47141480263266e-07,8.14027908618053e-06,5.08936070524465
"LOC100341936",1705.71467965807,2.87349321312554,0.557149125285076,5.15749389654927,2.50277005531699e-07,8.22717303260943e-06,5.0847493685845
"NCEH1",613.05578338828,1.17377847455063,0.227604828948075,5.15708950453951,2.50817927626453e-07,8.22717303260943e-06,5.0847493685845
"C1QC",35026.7239530965,2.0921819869833,0.40676482545712,5.14346830415369,2.69712176051143e-07,8.75542197491653e-06,5.05772291788876
"EGF",175.50403333559,-1.38204035529255,0.268667326583011,-5.14405816617057,2.68866227871329e-07,8.75542197491653e-06,5.05772291788876
"AIF1L",4974.98152681337,-1.4036852377326,0.273426881935904,-5.13367679064435,2.84135877946962e-07,9.19046695862978e-06,5.03666242197579
"SLC17A8",134.322606000333,-2.25913020449766,0.440585523021764,-5.12756340472417,2.93516143993426e-07,9.47683004232995e-06,5.02333690795176
"HBB2",101652.452909101,-1.77527745362153,0.346735724356582,-5.11997273115084,3.05579839320005e-07,9.84865202568275e-06,5.00662320684946
"FABP5",3757.754718774,1.87715408913228,0.367746105969503,5.10448393242252,3.31698454320779e-07,1.05954973401508e-05,4.97487865320389
"TGFB1I1",693.986370521884,1.31983577210098,0.25856214280003,5.10452055280857,3.31634231878654e-07,1.05954973401508e-05,4.97487865320389
"ICAM1",2511.39849378474,2.0169438913318,0.395332108050378,5.10189749392877,3.36264877793086e-07,1.07223183727498e-05,4.96971130161774
"SGCB",494.514030928569,1.39178592677844,0.272923627041638,5.09954356779124,3.40473497128635e-07,1.08181543681296e-05,4.96584682574582
"LOC103346587",22.3070095328826,1.7827199415311,0.349641769745803,5.09870414746833,3.4198657237148e-07,1.08465435500603e-05,4.96470863566703
"GAB2",626.743281927737,1.47686023736558,0.289672471950004,5.09837965417878,3.42573217105995e-07,1.08465435500603e-05,4.96470863566703
"CCDC180",1573.66031502243,2.15131043081728,0.422134107454731,5.09627247082372,3.4640645360987e-07,1.09486356093496e-05,4.96063999810696
"LOC100350311",3505.86010255079,1.57675713469627,0.309606827176997,5.0927724981816,3.52865020318665e-07,1.11332009217735e-05,4.95337995311335
"MUC13",6458.71007888358,1.89911280461959,0.373583570388433,5.08350193945893,3.70538793538123e-07,1.16226647583682e-05,4.93469428871184
"SLC44A4",564.907212932187,1.39061810413338,0.273566850646764,5.08328439957433,3.70963610503966e-07,1.16226647583682e-05,4.93469428871184
"SELP",100.923245832526,1.63910142498721,0.322671441979246,5.07978460979708,3.77863037162666e-07,1.1818241496232e-05,4.92744713980826
"TMEM173",945.417867388942,2.37351012464269,0.467602597235605,5.07591304811933,3.85639629810901e-07,1.20196587565325e-05,4.9201078619721
"LOC103346194",6.47249056829648,-3.30713291147964,0.651773092693433,-5.07405560087331,3.89425186348521e-07,1.20855820876826e-05,4.91773242747556
"LOC103350039",2436.46970476879,1.78096143899145,0.351028015154835,5.07355926621949,3.90442793201934e-07,1.20855820876826e-05,4.91773242747556
"NCF2",913.570185674568,1.90729826162072,0.376037777113786,5.07209216121813,3.93465740055011e-07,1.21576812583668e-05,4.91514924683306
"CD244",492.23797802283,1.51946346533862,0.299682122301426,5.07025061645257,3.9729219141686e-07,1.22344225521247e-05,4.9124165239292
"SPI1",819.359053101033,1.86539826677339,0.367948723830849,5.06972343143915,3.98394196757428e-07,1.22473867256164e-05,4.91195656858257
"FOSL2",2906.22238895781,1.60143533381628,0.315988161450205,5.06802320209279,4.01968416793093e-07,1.23361774873839e-05,4.90881939081412
"IL32",10670.8571053024,1.86758196468011,0.369431270158427,5.05528934754013,4.29738729953653e-07,1.310369161873e-05,4.8826063361163
"LOC103346374",41.8065964143446,3.54219642366767,0.700845945269585,5.05417267172051,4.32260406420163e-07,1.31313701842233e-05,4.88168995537278
"PLIN2",5803.49914753651,2.04675437970333,0.404956579789526,5.05425638661587,4.32070867595708e-07,1.31313701842233e-05,4.88168995537278
"LOC100341759",469.028825863843,3.42478617359009,0.677706071798306,5.05349784531568,4.33791212523606e-07,1.31556512074613e-05,4.88088764937933
"LOC103345474",90.6366837394575,1.62223611808526,0.321114709859973,5.05188977108107,4.37460148972345e-07,1.3244584712321e-05,4.8779616545789
"LOC100351147",31.6467227483524,3.94987773826228,0.782350153207568,5.04873389756253,4.44747717013989e-07,1.34425931811422e-05,4.8715169444052
"PPBP",80.2655480484721,2.77000852576591,0.549428686930122,5.04161612172647,4.61616599984221e-07,1.39290485471749e-05,4.8560785479568
"LOC103345552",61.007265908588,-1.80479278641703,0.358988447445227,-5.02743973869075,4.9707161603636e-07,1.49737620482377e-05,4.82466907263435
"BATF",493.582557547077,2.20124269382242,0.437958199087415,5.02614792555365,5.00429931645987e-07,1.50318801853795e-05,4.82298669452514
"COL14A1",3683.12719597412,-1.84633471356781,0.367352675229814,-5.02605490054689,5.00672610711872e-07,1.50318801853795e-05,4.82298669452514
"LOC100350907",321.786046189724,3.05563846834999,0.608024742339371,5.02551665347276,5.02078992897604e-07,1.50489810137842e-05,4.82249290572282
"CFAP70",20.3441763535832,-1.78162474969399,0.354693816967987,-5.02299353544918,5.08722576097346e-07,1.52227401140344e-05,4.81750716692838
"RORA",445.069091221329,-1.05623241138549,0.210510653670288,-5.01747722963139,5.23544043708908e-07,1.56402260499352e-05,4.80575697432412
"LOC103346593",1351.7106481227,1.87448660561193,0.374334707918436,5.00751484155822,5.51373012617572e-07,1.6444265769344e-05,4.7839855128436
"ISX",198.02338292793,-1.56403572941311,0.312523188283594,-5.00454298448362,5.59947166842176e-07,1.66723341862412e-05,4.77800359313909
"LOC103352085",5.32614881790462,-3.58172237866444,0.71576847670774,-5.00402364063165,5.61458670041706e-07,1.6689706978562e-05,4.77755128816861
"TMEFF1",217.82640549194,-1.01267469055343,0.202473542804218,-5.0015161315799,5.68812064842328e-07,1.68803897262779e-05,4.77261753081356
"THEM5",59.9979188305876,3.72896001360867,0.746115438584978,4.99783253470899,5.79783013400859e-07,1.71776239093922e-05,4.76503691002785
"SUGCT",504.503709132753,-1.73921263255135,0.348248672749105,-4.99416873242289,5.90897206234286e-07,1.7478117363351e-05,4.75750534874629
"MPP1",4905.86550289062,1.19453776819598,0.239309013842391,4.99161209607719,5.98774156801093e-07,1.76530400588703e-05,4.75318049327323
"LOC103345297",1118.15008017163,1.44134591843842,0.288906195305132,4.98897545937404,6.07003566313694e-07,1.78663701089778e-05,4.74796367367074
"SULF1",247.629097750859,-1.52311232373804,0.305503988221508,-4.9855726355811,6.17785642306404e-07,1.81243996594427e-05,4.74173636980024
"UGT2B13",5385.29313118656,-2.75735237780708,0.553416756502378,-4.98241577510897,6.27953260643628e-07,1.83627828283171e-05,4.73606150203455
"LOC103345076",856.767690288738,1.51763894643072,0.304737235919359,4.98015590990111,6.35330689018144e-07,1.85483557001661e-05,4.73169458426976
"LOC100349940",482.511075241609,2.12747966373014,0.427383715661112,4.97791466022327,6.42729812923081e-07,1.87036455592374e-05,4.72807373613978
"LOC100357148",177.014705062884,-2.25552343827415,0.453792124851662,-4.97038911596681,6.68186662911021e-07,1.92883931714154e-05,4.71470394995351
"CALML4",1479.52116113958,1.86682772961585,0.376155032284168,4.96292105486321,6.94408125105551e-07,1.99811771550372e-05,4.69937892967973
"LOC108176161",835.681128227436,1.87272272283267,0.377456864846014,4.96142181331543,6.99790383664195e-07,2.01038822041803e-05,4.69672006909437
"CASP1",671.764642671234,1.72613922862224,0.348319807131301,4.95561605536708,7.21014699449448e-07,2.05821084998395e-05,4.68651013671938
"LGALS3BP",17612.5476586453,2.44151286242288,0.493339285565963,4.9489528481843,7.46138182956911e-07,2.12655294489653e-05,4.67232380016361
"TLR1",592.435655304574,1.68881034651999,0.341642916022888,4.94320317300784,7.68493206074322e-07,2.18680092057605e-05,4.6601907519558
"FAM107A",872.948777543213,2.4343692351295,0.492608762460135,4.94179036315153,7.74084241676785e-07,2.19923080605297e-05,4.65772918967736
"MYO1F",2209.9720063174,1.87382313558401,0.37939268771623,4.9390069873607,7.85213991977894e-07,2.22733256020985e-05,4.65221493416433
"MRAP",136.360802053459,3.26167482064234,0.660519531428347,4.93804447173439,7.89098502327111e-07,2.23131249463062e-05,4.65143960264765
"ZNF704",255.290877152122,-1.06379104320532,0.215512627344184,-4.93609611796153,7.97018383096393e-07,2.2501693252128e-05,4.64778480000479
"MEIS3",361.273087482389,1.87576988239761,0.380687685167078,4.92731957319386,8.33653443392585e-07,2.34623216368893e-05,4.62962901591175
"LOC100345698",627.752434278908,-1.90355187903638,0.386855556651378,-4.92057525427197,8.62902130953191e-07,2.40969439799102e-05,4.61803803198189
"CLEC4A",355.10094954828,3.48883434087979,0.709488631144294,4.91739287668761,8.77044221006668e-07,2.4453896543541e-05,4.61165192948401
"SLC44A3",674.521658483466,-1.22035593634025,0.248271473283936,-4.91540941131239,8.85971113985186e-07,2.46645580710675e-05,4.60792666163367
"SIAH3",8.04311094504626,-3.02194855683883,0.61502638758325,-4.91352666787777,8.94525589136821e-07,2.48537710264406e-05,4.60460770706255
"ATP10A",576.577464203993,1.40944985145371,0.287172687764859,4.90802193768436,9.19995658747068e-07,2.54298541914404e-05,4.59465612995541
"LOC103347627",2852.57754837359,1.40536503069227,0.286347075297011,4.90790775227777,9.20531309977073e-07,2.54298541914404e-05,4.59465612995541
"LOC100340786",30.5590576590209,-3.7582260742037,0.765928155753601,-4.9067605701294,9.25929505934775e-07,2.55397488262745e-05,4.59278337817281
"PSMB9",3459.81748524135,2.27364680501484,0.464036935422937,4.89971084509162,9.5977802779718e-07,2.63851302856933e-05,4.57864075700257
"MYCN",27.6855599945597,-2.04539773492753,0.417473692463332,-4.8994649767235,9.60979778532537e-07,2.63851302856933e-05,4.57864075700257
"LOC100337780",12.4539262995395,-3.39643646268617,0.693620995550322,-4.89667481877682,9.74719355629389e-07,2.67215745299374e-05,4.57313795527146
"ZNF135",52.4730809931391,-1.07746700824969,0.220132120135378,-4.89463785469861,9.84869198196537e-07,2.69587331208014e-05,4.56930052057784
"HSH2D",680.139583478807,2.44300671202496,0.499798719839271,4.88798113130542,1.01875291721822e-06,2.77594734291704e-05,4.55658877629264
"ABCA6",6643.79311595019,2.1757037291453,0.445848390910961,4.87991831640323,1.06129787694831e-06,2.8862381247216e-05,4.53966784095341
"STAB1",3235.8359974358,1.57908114754924,0.324105691419611,4.87211792126429,1.10408233855093e-06,2.99033385188251e-05,4.52428032273362
"IDO1",906.751502168075,2.16364118096655,0.44526199773549,4.85925408404576,1.17828837206372e-06,3.18651700499157e-05,4.49668375954586
"PCDH9",154.714338508234,-2.09909499093874,0.432262697042285,-4.85606323493003,1.19742476721844e-06,3.23340645850697e-05,4.49033969854611
"SHISA2",540.020419419253,-1.41594423663103,0.291812313069472,-4.85224294251743,1.22072955419339e-06,3.29139434821797e-05,4.48262008094023
"TRIM14",4412.70571256726,1.49110574322173,0.307609828238213,4.84739304905116,1.25094431942231e-06,3.36277767421386e-05,4.47330184456578
"GRIN2B",137.298033115853,-3.07631793137432,0.634825747795895,-4.84592495193404,1.26023151447724e-06,3.37764583552291e-05,4.47138589050859
"LOC108175394",4446.77170758138,2.20757811882156,0.456916497879695,4.8314694896458,1.35528990095718e-06,3.60022652567415e-05,4.44367017263404
"CNP",3539.1528978922,1.04916476099516,0.217244358511114,4.82942235271665,1.36929695976844e-06,3.63207028384595e-05,4.4398457560785
"LOC108176875",59.9930197157738,-1.99721733285266,0.41380654238533,-4.82645180363747,1.38987009280787e-06,3.681211155973e-05,4.43400927050667
"IL6",45.6052130187487,3.96483120290865,0.821716579281174,4.82505927576273,1.39961635115447e-06,3.69613809973011e-05,4.43225181049569
"SEC14L3",1466.30817526614,-3.04233915070697,0.630756385268139,-4.82331883079337,1.41189010091067e-06,3.7230838086184e-05,4.42909718746927
"LOC100339606",704.004244080287,7.25070536902649,1.50340373774265,4.82285974618724,1.41514481195746e-06,3.72620267909853e-05,4.42873352624596
"DIO1",1977.60693756271,-4.53581765781444,0.940557447388445,-4.82247806384247,1.41785626611975e-06,3.7278840774704e-05,4.42853760095799
"GLP2R",214.004940496084,1.8735524483496,0.388784874917754,4.8189952058859,1.44283020416827e-06,3.78248664602948e-05,4.42222259656742
"ZNF280B",302.345288902018,-1.14050034045084,0.236729674383372,-4.81773289901906,1.45198561912736e-06,3.80094750718871e-05,4.42010812815951
"NR1H3",5125.94955544443,1.27842453200673,0.266211888172964,4.80228189950748,1.56867639449468e-06,4.08264490283536e-05,4.38905839216753
"PLEKHF1",491.947530892069,1.203824482259,0.250672273546717,4.8023838664975,1.56787754881203e-06,4.08264490283536e-05,4.38905839216753
"LOC103347481",287.47522645659,2.46978488284769,0.514374647156153,4.80152918986677,1.57458550649954e-06,4.0921019868335e-05,4.38805355096988
"C1QTNF9",62.3321580893782,1.61021101122953,0.335517928031468,4.7991802425488,1.59316370649966e-06,4.12845188727519e-05,4.3842127722798
"RCAN2",113.521650315595,-1.34526081290422,0.280386393931518,-4.79788193015097,1.60352249950298e-06,4.14931634979303e-05,4.38202345267839
"FAM81A",336.504281614976,-1.91118944317142,0.39863560499517,-4.79432699744563,1.63221850439601e-06,4.21612380211674e-05,4.37508664499979
"P2RY13",453.68651600811,1.63186847368896,0.340390662839163,4.79410469158499,1.63402929830703e-06,4.21612380211674e-05,4.37508664499979
"THBS4",72.7259098994959,-1.98344736128991,0.414079718757741,-4.79001330284987,1.66770256551348e-06,4.28456613402778e-05,4.36809314926879
"PRF1",502.242848488945,1.8323608407878,0.382930673605303,4.78509810545099,1.7090383416977e-06,4.36581612742776e-05,4.35993455917316
"ACVRL1",832.717101264961,1.21125813441197,0.253310346802331,4.78171598476853,1.73805125705719e-06,4.42735323044142e-05,4.35385582703589
"SDC3",4582.08509814222,1.13954286451969,0.238510350376976,4.77775015934776,1.77267443745608e-06,4.50279337333477e-05,4.34651798172448
"LOC100347861",124.168534565376,1.6713531723614,0.350167977373895,4.77300404478961,1.81498144486041e-06,4.60375547311278e-05,4.33688775183157
"SH2B2",570.382023728116,2.04740373593033,0.429583458514513,4.76602088686141,1.87899789302781e-06,4.75942226876228e-05,4.3224457617157
"TMEM150A",3138.33296448032,1.46782842189605,0.308214091990963,4.76236635519924,1.91335911976838e-06,4.82606597614511e-05,4.31640674523703
"LYSMD2",387.045912681573,1.66725050190174,0.35050374758324,4.75672660676985,1.96757349013833e-06,4.94201698975526e-05,4.30609576590596
"ADAM8",492.058997404069,1.89500673197512,0.398412436331608,4.75639452779998,1.97081131774214e-06,4.94324557019173e-05,4.30598781415381
"LIF",411.444241161684,2.10529616252768,0.442889003846747,4.75355257015181,1.99873102741652e-06,4.99932945717089e-05,4.30108824217986
"NOXRED1",12.9471335886846,2.60302352801796,0.547977391500933,4.7502389120255,2.03176462872281e-06,5.06785784784341e-05,4.29517557547033
"IL23R",27.2041969205841,2.24638694999088,0.47310850764755,4.74814321382773,2.05292652121391e-06,5.11354993871344e-05,4.29127749839309
"PDCD1LG2",97.6346133870011,3.20882953142502,0.675950365476279,4.74713780081184,2.06315395132502e-06,5.13191710382146e-05,4.28972036742643
"ADRB1",108.749139587729,1.87125138551842,0.39458261351016,4.74235640762776,2.11246554016481e-06,5.21848630141814e-05,4.28245545222285
"IGF2BP2",251.311006740353,1.8947835329007,0.399688012076101,4.74065640112302,2.13026934836278e-06,5.2552488286634e-05,4.27940671591413
"FADS3",2507.68103203973,1.18690992169328,0.250548153931262,4.73725271198328,2.16634955069797e-06,5.31509281306306e-05,4.27448914734968
"SMIM14",3142.05323958961,-1.08817226530757,0.229796076269491,-4.73538227011079,2.1864259576073e-06,5.34975298253193e-05,4.27166627046475
"OLFR651_1",21.2941141061089,2.24962077806148,0.475129150180247,4.73475638614902,2.19318369746924e-06,5.35899668685963e-05,4.27091651145406
"LOC103350974",21.9446329964578,-2.2308815714109,0.471284177269289,-4.73362289465573,2.20547322232867e-06,5.37442146752829e-05,4.26966827875798
"TBC1D2",350.187544090696,1.65985384390198,0.35063322657667,4.73387493851507,2.20273481167758e-06,5.37442146752829e-05,4.26966827875798
"LOC100354804",121.870857650771,2.11287223421649,0.446581110635772,4.73121720533256,2.23177564582882e-06,5.43115740386813e-05,4.26510761045709
"GPBAR1",118.457322422971,1.97074787597541,0.416983793953131,4.72619776728522,2.28762859718046e-06,5.55205299483041e-05,4.25554639715468
"LRRC66",872.595749467863,2.9607752376107,0.626990655916454,4.72219993977904,2.33307151968991e-06,5.65471134907054e-05,4.24758955920985
"PGM5",1951.97277400309,-1.72757304641979,0.366004745359259,-4.72008373750472,2.35747574168009e-06,5.70617008591855e-05,4.24365528731004
"LOC100357862",1170.43981137414,2.4977006117384,0.530143761437552,4.71136471542279,2.46063418303767e-06,5.91778240341331e-05,4.22784100786992
"EVI2A",571.212830119103,2.06548896254533,0.438364531781728,4.71180675624045,2.45530154396437e-06,5.91778240341331e-05,4.22784100786992
"SAT1",9002.89253784132,1.32986806913283,0.282271698505593,4.71130501631384,2.46135522561897e-06,5.91778240341331e-05,4.22784100786992
"ADAMTS4",145.534153034002,2.62136424202363,0.556746961042615,4.70835842033986,2.49719721371292e-06,5.97202057066664e-05,4.22387870501405
"TINAGL1",3569.8965655451,1.93811442017572,0.41161977369851,4.7085065976332,2.49538290397693e-06,5.97202057066664e-05,4.22387870501405
"PLCD3",380.147773269718,1.50870210589612,0.320414756410662,4.70859121095684,2.49434745069469e-06,5.97202057066664e-05,4.22387870501405
"LOC100353613",1789.74676224518,2.61543259198049,0.556295096349787,4.70152012689316,2.58231804638916e-06,6.15920527138762e-05,4.21047532168579
"DEFB1",298.937984096487,1.34093780839387,0.285234739781206,4.70117282846563,2.58671459186241e-06,6.16151989669583e-05,4.21031214476281
"SLC51B",3816.79828100752,3.50658940897153,0.746143667443793,4.6996169263015,2.60649952862465e-06,6.19413855563632e-05,4.20801908421086
"PARD3B",1066.31093993396,-1.07903042328358,0.229602706867345,-4.69955445214763,2.60729697876818e-06,6.19413855563632e-05,4.20801908421086
"NAAA",1794.12528321196,1.12315752992574,0.239072764868141,4.69797356693979,2.62755426899301e-06,6.23402849255545e-05,4.20523121711671
"MAL",895.600426443009,3.63727134656778,0.775179823328464,4.69216462697659,2.70329453870749e-06,6.40527654599678e-05,4.19346211497352
"CD274",1759.6148802575,1.24120738194769,0.264583242184209,4.6911791226881,2.71635025103515e-06,6.42774248876529e-05,4.19194153046943
"LOC103347076",175.379664493765,2.08980296572878,0.445651336718701,4.68932278115858,2.74110711680846e-06,6.47780162794789e-05,4.18857235567853
"ASPN",825.945782463415,-1.94502088346573,0.414810712826184,-4.68893599737078,2.74629259825758e-06,6.48153885657011e-05,4.18832187104697
"GPR157",40.9424891470793,1.93983798475336,0.413907075133786,4.68665094484396,2.77712015429755e-06,6.54570496132203e-05,4.18404357381529
"LOC103349613",58.671608471489,-1.20132680949688,0.256411571868287,-4.68515052087422,2.79754263004662e-06,6.57660217761547e-05,4.181998428065
"SERPINF1",824.586430263502,-1.73379325571776,0.370103022499169,-4.68462333544346,2.8047523762625e-06,6.58494343795102e-05,4.1814479511033
"PDK4",11464.92459816,2.48236900335032,0.530093409540869,4.68288976748527,2.82858643980384e-06,6.63224231205115e-05,4.17833961501745
"LOC103347656",63.1268454494559,-1.65752460316399,0.354278906335866,-4.67858676743405,2.88858931242824e-06,6.7465441811311e-05,4.17091863122706
"SMAGP",618.726907454769,1.0849611996058,0.2321939308253,4.67265098510311,2.97336787650766e-06,6.93554447355561e-05,4.15891943904941
"LTF",642.159187828967,3.00987310355478,0.644775291985852,4.66809622044391,3.04003528891102e-06,7.08186459012639e-05,4.1498523814925
"LOC100343623",297.718248727303,2.03398122796683,0.435870986566315,4.66647538068555,3.06410339325131e-06,7.11948778090847e-05,4.14755125101583
"LOC108175428",61.3555277651457,-1.37106770549972,0.293809918702444,-4.66651266082093,3.06354776658507e-06,7.11948778090847e-05,4.14755125101583
"TMEM211",48.2776098867647,1.07363330499544,0.230182513076653,4.66426962954355,3.09715073771809e-06,7.18698824091899e-05,4.14345306571904
"IL10RA",1823.72205362212,1.48140607988191,0.317849997722003,4.6607081657983,3.15123268454307e-06,7.29366391233237e-05,4.13705425259097
"AIFM2",1921.07742636029,1.56018700125852,0.335053724337027,4.65652785787017,3.21586782935263e-06,7.4336975633776e-05,4.1287951119554
"MAGEE2",15.3267646437299,-1.62013313751973,0.348523682782979,-4.64855967486308,3.34260920053758e-06,7.68714627397286e-05,4.11423485492984
"GGH",2594.08015698125,1.3467383886653,0.290205787355639,4.64063243168513,3.47344487628038e-06,7.96765722640643e-05,4.09866935780252
"SUCNR1",247.291389073091,1.62974739473022,0.351516767371176,4.63632903465264,3.54651269241834e-06,8.11456542753835e-05,4.09073473369058
"RASSF4",1074.47265866957,1.31329149042871,0.283446651109482,4.6332933738612,3.59893953611815e-06,8.2032102176868e-05,4.08601615895841
"CA4",25.7471418974811,2.49146719041299,0.537906808329765,4.63178221920849,3.62531388654795e-06,8.25286644755423e-05,4.08339518282711
"C7H2orf72",1391.00844275405,-1.66466456434331,0.360203094175571,-4.62146103479032,3.8104690988874e-06,8.64154807999886e-05,4.06340844937571
"SLC26A9",119.783733387478,-1.97057064582257,0.427313491622388,-4.61153388427047,3.9970848492004e-06,9.04195898465661e-05,4.04373746730589
"CD86",602.236573431091,1.35096029710443,0.293195072212236,4.60771829114001,4.07111713407044e-06,9.19786062049282e-05,4.03631317578063
"LOC108176165",841.318520697972,2.96643659709737,0.643878963212951,4.60713389717669,4.08257128232924e-06,9.21216586466863e-05,4.03563825118307
"LOC103351777",32.0870003067745,1.60924284491361,0.34952580949441,4.60407443799752,4.14304267321848e-06,9.3252164499576e-05,4.03034107888322
"LOC103348620",25.6003997505844,3.31477629273606,0.720731154376088,4.59918552515681,4.24145932444428e-06,9.53480056135074e-05,4.02068838662539
"LOC100352011",163.130386700841,1.53575645521953,0.334165898646803,4.59579047843762,4.31111738584353e-06,9.65518493985181e-05,4.01523940312872
"IRF1",5349.27817900609,1.35913410075445,0.295959878355178,4.5922917265271,4.38404949101801e-06,9.7941299436606e-05,4.00903413827569
"ABHD12",2689.49019654951,1.00394138408295,0.218659478689027,4.59134628007933,4.4039594695988e-06,9.82640286616189e-05,4.0076054344853
"LOC100357462",2623.52449777672,1.88539855272587,0.410819501525252,4.58935991530572,4.44607253125166e-06,9.9080753905861e-05,4.00401069752514
"RAP1GAP2",344.690641467499,1.74705966731049,0.38123524757337,4.58262891070759,4.59166465593141e-06,0.000102072308000334,3.99109206510094
"LOC100348825",59.5229356325082,-2.47761071448289,0.54088427192844,-4.58066696162073,4.63495423411202e-06,0.000102527696120874,3.98915880145991
"CCL28",338.719596815787,-1.2849308836264,0.280557311599266,-4.57992299791399,4.65147148905538e-06,0.000102640568416162,3.98868095153454
"OVGP1",33.4542146766576,3.82657269428133,0.835678366506509,4.5790017399613,4.67200312501805e-06,0.000102728691151751,3.98830824512048
"LOC100340649",421.805509049006,1.66439883731205,0.363524094370903,4.57851037409879,4.6829894311494e-06,0.000102831357667632,3.98787443023002
"LOC103350364",30.2080272834407,1.46634737146927,0.320290382938907,4.57818108060075,4.69036585288487e-06,0.000102867731095465,3.98772083908623
"CACNA1G",26.0807475029787,-1.40456554718271,0.306847779778953,-4.57740169472476,4.70786905265185e-06,0.000103125842926786,3.98663248860487
"C5H16orf86",9.82417115740151,2.3939661018812,0.52303524688005,4.57706457865204,4.7154592662078e-06,0.000103166447011534,3.98646152603345
"MCOLN2",484.509671002398,2.23741990314804,0.489268575782147,4.57298917996377,4.80814977717177e-06,0.000104811837082009,3.97958966688381
"LOC100356529",31.8074006250195,2.109515683556,0.461643890983398,4.56957348457984,4.88717787569617e-06,0.000106405577380775,3.97303560735854
"LOC108176187",4.09842605264719,-3.61606062768147,0.791627235308879,-4.56788304696282,4.9267478271565e-06,0.000107137403777004,3.97005888194097
"TCN1",117.294644739459,2.91372207801912,0.63796193654895,4.56723498862781,4.94199886107748e-06,0.000107339260286977,3.96924140191642
"DKK3",271.222970192151,-1.36572671301252,0.299082318242321,-4.56639068815157,4.96193597889613e-06,0.000107642287870287,3.96801708014944
"LOC103346901",15352.2847217863,1.47780614158524,0.323804094775623,4.56388960309251,5.02144909716456e-06,0.000108671167946339,3.96388566532256
"FES",2128.66167651586,1.83804224464456,0.40278683139636,4.56331265417127,5.03527425976358e-06,0.000108839389768736,3.96321390185014
"CRABP1",197.186669016114,1.9441683734271,0.426388495616281,4.55961732883317,5.12469186946879e-06,0.000110506545060584,3.95661199890632
"DMBT1",82971.0384009742,2.18541614606122,0.479658668280417,4.55619024648499,5.20897609170484e-06,0.000111921417005042,3.95108680000323
"LOC108176260",3.70055224665542,5.0998140816227,1.12027189903298,4.55230028176631,5.30625252729953e-06,0.000113875471898514,3.94356981030438
"LOC100342497",9.4222293811797,4.19672952183222,0.922133461931427,4.55110859228781,5.33639953771242e-06,0.000114385946705864,3.94162732906572
"SCARF1",1252.60503011796,1.10512066423401,0.242908658268991,4.5495317956523,5.37654099532748e-06,0.000115109182452345,3.93889003058985
"SELM",672.601617751954,1.60056782194128,0.351909172332415,4.54824127297647,5.40960957351967e-06,0.000115679451331959,3.9367437799049
"LOC103346795",318.398038860006,1.83336663576487,0.403550407728082,4.54309201689673,5.5435038569473e-06,0.000118121295454195,3.92767179870727
"CYP2C30",10340.8952418714,-2.28472536566738,0.503170645115585,-4.54065710678044,5.60791725328305e-06,0.000119070583096862,3.92419551959792
"LOC100341218",6.38467285775144,2.51026663595875,0.553197236814977,4.53774254262651,5.68596173246771e-06,0.000120443269489634,3.91921746386972
"LOC100357294",803.127621804671,1.77765113625641,0.393221516450327,4.52073719745439,6.16246526480664e-06,0.000130077201082491,3.88579881651866
"WFIKKN2",39.2469092170925,1.74448622537661,0.385939452177762,4.52010338806489,6.18094385364579e-06,0.000130314295737357,3.88500793870575
"ZDHHC14",771.004961758618,1.28876016084942,0.28515887291519,4.51944611673618,6.20016246756507e-06,0.000130413709727123,3.88467675104377
"SMPDL3A",2088.54634045907,1.13794982546308,0.252127487932144,4.5133905660034,6.37993760872696e-06,0.000133756077279382,3.87368647645485
"TNFRSF1B",2185.33905683985,1.42417038688026,0.315855409133454,4.50893144678907,6.51549562121444e-06,0.000136408234286287,3.86515941269157
"AQP8",1132.49662476137,-2.61045623615052,0.579954997039141,-4.50113586308894,6.75912821515726e-06,0.000141016429027133,3.85073028720151
"MRC1",1541.33650222868,1.74367623563631,0.387384576185481,4.50115038860358,6.75866625381198e-06,0.000141016429027133,3.85073028720151
"LOC103348122",21.007103294727,-4.13448118518205,0.9192410561143,-4.49771162600026,6.86887769254421e-06,0.00014297441715592,3.84474166520607
"FAM167B",77.0186559857015,1.61372151053168,0.358817281294574,4.49733497982469,6.88105302932569e-06,0.000143062263213171,3.84447490879517
"IFGGA1",2120.618059444,2.8886186382208,0.642936166172619,4.49285448572082,7.02748050702429e-06,0.000145769561059198,3.83633315396142
"C18H10orf54",2503.87515786719,1.27899002607133,0.284716425696446,4.49215398424165,7.05064136378744e-06,0.00014608149111331,3.83540480676639
"LOC103347753",839.101379883533,2.15910971300446,0.480717856425458,4.49142815093089,7.07471677983453e-06,0.0001464116301134,3.83442442400535
"LOC103351717",38.4236904540944,2.75881191917282,0.614700452472545,4.48805903440593,7.18750140785578e-06,0.000148404162248999,3.82855391835333
"LOC108178942",31.4986616997906,-2.33420876813623,0.520356141953653,-4.48579074972105,7.26440093394831e-06,0.000149657370921189,3.82490188843578
"PVR",556.870702389377,2.65065386535695,0.591721569807798,4.47956268725834,7.47961217609994e-06,0.000153051066778859,3.81516363898689
"LOC100342636",154.244635835833,1.79084164003861,0.39973991624208,4.48001704927082,7.46370771371376e-06,0.000153051066778859,3.81516363898689
"TNFRSF19",1440.53641891541,-1.10159279673189,0.245913290295558,-4.47959846093681,7.47835878187418e-06,0.000153051066778859,3.81516363898689
"ACE",13267.2929318864,1.86394801609514,0.416208652120919,4.47839805010497,7.52052719857287e-06,0.000153692228567198,3.81334809200391
"TNFSF13B",291.614576057045,1.37313181119516,0.30676062819694,4.47623223118977,7.59718459028952e-06,0.000154556298271229,3.81091329245311
"PDCD4",3207.81000990263,-1.1631029484759,0.260383262538222,-4.46688829818765,7.93655425191756e-06,0.00016109592738881,3.79291543869266
"ADGRE5",1608.30381915004,1.36026417017463,0.304673005021476,4.46466916252965,8.01925685145112e-06,0.000162591110728858,3.78890320208104
"LOC103348640",34.8532839792641,-2.32019641499967,0.519880369618015,-4.46294292031924,8.08415936034102e-06,0.000163538269894683,3.78638060105112
"STC1",274.289091034948,1.88442215672868,0.422308349678836,4.46219488239287,8.11243943406771e-06,0.000163925967171094,3.78535224529555
"CLDN18",2190.06034441594,-3.32283001954162,0.74489560836028,-4.46079958352295,8.16544254427667e-06,0.000164627038919587,3.78349883322353
"LOC103346640",174.049198468245,-1.99877707645117,0.448636521669343,-4.4552259566695,8.38048827118546e-06,0.000168773461443448,3.77269584239508
"AFM",6075.2075370517,-3.50244978671405,0.787052354883022,-4.45008488315191,8.5836356474288e-06,0.000172478327914368,3.76326546672691
"LOC100346046",29357.5873459282,-3.0082053790722,0.677016356787777,-4.44332747490055,8.85781882751334e-06,0.000177195788424916,3.75154660460221
"TUB",3096.76519984809,-1.18638822021974,0.267070109948325,-4.44223511365347,8.90292003219685e-06,0.000177900126510031,3.74982374307634
"CACNA2D3",33.6703083041443,-1.27981803769631,0.288290757601509,-4.43933079348088,9.02390284682836e-06,0.000179917814631221,3.74492583269118
"KCNS3",223.315844300587,-1.2589840679081,0.28364665370379,-4.43856485337861,9.05606979481049e-06,0.000180359201760656,3.74386169547519
"KCNN2",711.999467292672,-2.13798404429346,0.482141611056868,-4.43434873751499,9.23510328529875e-06,0.000183315780886107,3.73680014683947
"TLN2",549.165160451251,-1.07338067809976,0.242082077723156,-4.43395350946744,9.25205855849859e-06,0.000183449857900814,3.73648262030987
"ARMC12",70.6210566288685,1.78736573168578,0.403180170501385,4.43316874801421,9.28581300153912e-06,0.000183916366761762,3.73537962107166
"LOC100357329",34.5587933607942,2.32738296221181,0.525029584674532,4.43286060471157,9.29909911491644e-06,0.000183976896020525,3.73523671264701
"MCP-1",3371.40665487756,2.54098118817513,0.573645269247071,4.42953393742836,9.44369518880111e-06,0.000186019073686089,3.73044252259972
"LOC100350716",4923.10217798963,1.78272420193197,0.402507989272548,4.4290405394285,9.46532316227899e-06,0.000186241106947949,3.72992445573748
"INSC",22.3607658106293,-1.80371704086456,0.407499646324375,-4.42630332844211,9.58617014621342e-06,0.000188207078503823,3.72536404670398
"BAK1",3780.9934519016,1.2259193759671,0.277047444322012,4.42494381771743,9.64673855833854e-06,0.000189189690548703,3.72310253315515
"TMEM40",68.6218535309068,1.60592800504047,0.363025035567445,4.4237389923542,9.70072087503194e-06,0.000190041137490822,3.72115237877636
"LOC100357878",316.286597305003,1.96419339437637,0.444128450424913,4.42257953188352,9.75294299198582e-06,0.000190698448202044,3.71965284098667
"LOC103351715",652.904875670028,2.199797230746,0.497476921953848,4.42190809999038,9.78330696103929e-06,0.000190874919465194,3.71925113317497
"MAFF",52.1789373231213,2.52886973693381,0.572417613771258,4.41787547429377,9.96758169457075e-06,0.000194211255899415,3.71172560329854
"LOC103347766",342.945683250889,2.10484001938032,0.476972760338865,4.41291451923782,1.01988272038651e-05,0.000198287252361416,3.70270520514442
"BBC3",131.229887864107,1.39359796958863,0.315996709163473,4.41016608457046,1.03291367359193e-05,0.0002003874811853,3.69812941365294
"TMEM37",1549.63261066473,1.15869937212031,0.262725663119822,4.41030144661526,1.03226818586618e-05,0.0002003874811853,3.69812941365294
"TTC21B",1317.43287509867,-1.02836221326543,0.23342669589419,-4.40550387489345,1.05538265410255e-05,0.000204305722835095,3.689719468116
"PPIL6",129.967194051979,1.27860140961269,0.290561505283079,4.4004501159471,1.08026560285131e-05,0.000208673432885908,3.68053283931735
"LOC100339821",98.8327974562017,1.12501441356454,0.255747823802904,4.39892076826253,1.08790532474466e-05,0.000209474190152119,3.67886947992935
"LOC108178280",4.36700071402736,3.91728209383331,0.890662785771498,4.39816522752788,1.09169857301449e-05,0.00020975541813133,3.67828681221965
"VCAN",558.309983226227,1.55392335518975,0.353404613922904,4.39700924654239,1.0975267117982e-05,0.000210650164194011,3.67643819802052
"LOC108177460",26.8331352328607,2.36362681413615,0.538070230818429,4.39278495400307,1.11907807925358e-05,0.000214148383561303,3.66928519940449
"CYTH4",1204.16119574091,1.89055519162813,0.430382065341694,4.39273692812259,1.11932540340094e-05,0.000214148383561303,3.66928519940449
"ST14",2663.02159172894,1.24416652756438,0.283560900490442,4.38765191326622,1.14580960066888e-05,0.000218749892340012,3.66005215204805
"LOC108176608",16.3884771424793,1.6264671651151,0.370933154606287,4.38479856792917,1.16093153776433e-05,0.000220699712210927,3.65619823315138
"CDKN1A",4132.48415516148,1.37100037797029,0.31290079586713,4.38158162612176,1.17820887076266e-05,0.000223276167879828,3.65115763031254
"LOC100352880",1891.3655535028,1.40116405205248,0.319958595014982,4.37920429043911,1.19113431202998e-05,0.000225250888197132,3.64733348785899
"REG3G",18299.599012996,3.34530026540332,0.764891811896023,4.37356004257772,1.22236604696762e-05,0.000230430094220813,3.63746080259022
"SCAI",100.121356484278,-1.30997269832112,0.299755672311736,-4.3701348108562,1.24169853755897e-05,0.000233829387428905,3.63110090807508
"LOC100348666",202.812703841763,2.40242501592425,0.549810411052972,4.36955169932711,1.24501862965654e-05,0.000234209362298569,3.63039574840397
"PGER6",452.074844632567,-1.28307726402821,0.293686378222913,-4.36886883141148,1.24891747898515e-05,0.000234697303469894,3.62949190015374
"RASSF6",354.748637925776,1.54316288998229,0.353353389378295,4.36719424907003,1.25852792124126e-05,0.000236256431478109,3.6266163600994
"UGT1-6",1178.73843837565,-2.16634695803636,0.496392984587451,-4.36417722510079,1.27602101024703e-05,0.000239041269252943,3.62152711385697
"LGI2",26.0880723446252,-1.83644679349823,0.420851774222113,-4.36364275021211,1.2791440556184e-05,0.000239376968743407,3.62091763684028
"CCR2",310.0624229765,1.43029141656037,0.327800754293633,4.36329507429736,1.28117951028328e-05,0.000239508651901606,3.62067879370972
"LOC100341994",1580.49614616026,1.52071676681912,0.34860783665043,4.36225640086237,1.28727880540356e-05,0.000240398982724586,3.6190673744315
"FCRL1",432.182086877317,-3.02515715706668,0.693611862115019,-4.36145533590229,1.29200172916848e-05,0.000240958823308459,3.61805716629567
"LOC100342250",637.403060766788,1.11249813808596,0.255159392242489,4.36001249379333,1.30055018269257e-05,0.000242123131320323,3.61596371809691
"RPRM",13.100285134414,3.84997731505877,0.884006623041434,4.35514532890363,1.3297866407168e-05,0.000246414942710954,3.60833295989989
"ELF3",2697.80045710142,2.05715469997736,0.472362340540772,4.35503536887019,1.33045434481948e-05,0.000246414942710954,3.60833295989989
"LOC108177608",61.8580401098916,-1.20405334444777,0.27647152835802,-4.35507175584664,1.33023335883768e-05,0.000246414942710954,3.60833295989989
"CCL4",88.1551763779695,1.7054931315285,0.391784521168572,4.35314066630694,1.34200979766649e-05,0.000248299425938623,3.60502428452106
"C16H1orf106",1450.30485817804,2.43985516333554,0.560761027815129,4.35097134485584,1.3553576609124e-05,0.000250511327583233,3.60117263149069
"LOC103352408",9.42855228595446,-1.99453657464057,0.458696745480592,-4.34826842416514,1.37216601320002e-05,0.000253097780321941,3.59671166360571
"LOC103345298",96.9310786474512,1.72770744703116,0.397657916358828,4.34470779018054,1.39461179594379e-05,0.000256186910503096,3.59144306366822
"SLC16A3",380.446766037516,1.80479904614256,0.415442784687224,4.34427823196243,1.39734322924438e-05,0.000256426741170724,3.59103668688601
"PGF",528.838993607919,2.63626870142311,0.607046191556546,4.3427810570121,1.40690325920115e-05,0.000257626678877528,3.58900916503371
"LOC100339957",58.2477596410975,1.7170506850873,0.395398572563113,4.34258190148936,1.40817963376674e-05,0.000257626678877528,3.58900916503371
"SLCO5A1",117.048189044766,-1.81478046551884,0.418566547592174,-4.33570354811789,1.45294652143971e-05,0.000264739516125347,3.57718122925282
"ITGB2",11491.5616343011,1.40716419898858,0.324593403608838,4.33515956684175,1.45654427804268e-05,0.00026492971543885,3.57686932699026
"USP35",88.9900067248041,1.85496049884653,0.428169784895981,4.33230126057861,1.47558842388796e-05,0.000267779840718478,3.57222212110396
"TFEC",457.513513613451,1.87545691532754,0.433388099572216,4.3274305805322,1.50858869502817e-05,0.000273492531163171,3.56305452936313
"LBP",14736.6809067251,2.11663187669305,0.489190447922514,4.32680541020768,1.51287501342049e-05,0.000273601791399375,3.56288106341275
"ALS2CR12",16.9674759671358,2.24235534389286,0.518360514206381,4.32586063644517,1.51937465004873e-05,0.000274210463170504,3.56191597766279
"SNTB1",1190.9240858487,-1.41405545514011,0.326892935450461,-4.32574492070783,1.52017255216299e-05,0.000274210463170504,3.56191597766279
"GJA1",1720.62825110449,1.44408175635512,0.334188974405898,4.32115320058756,1.55215855745527e-05,0.000279419614587343,3.55374311071986
"LOC108177749",12.5761370165526,1.88820592888748,0.437287659854501,4.31799500016932,1.574529963427e-05,0.000282598272078554,3.54883049793347
"ARHGAP25",1647.93318725453,1.09400345637285,0.253438650728845,4.31664015424121,1.58422106084281e-05,0.000284054153122602,3.5465988565714
"THRSP",13649.5929333867,-3.98159193003604,0.922517594655829,-4.31600649472869,1.58877306391275e-05,0.000284586601408436,3.54578555074281
"ATF3",1858.12741375713,1.74585597642363,0.404690643252438,4.31405075835816,1.60290119156245e-05,0.000286831592328946,3.54237301611963
"SERPINB9",2822.54726740783,1.23300227531263,0.285886470113708,4.31290880894859,1.61120586114874e-05,0.000287745046741798,3.54099214360163
"GSDMD",1754.95704554057,1.69593380714142,0.393349406831744,4.31151993033731,1.62136156810036e-05,0.000288984801196401,3.53912499783207
"SAMD5",35.5850610125583,-1.58730590294148,0.368277566197721,-4.31008035414594,1.63195236552066e-05,0.000290297045910223,3.53715738356694
"BTBD11",1466.58332758045,1.30486895073971,0.302908745446518,4.30779556666876,1.64889677189963e-05,0.0002930213393858,3.53310075084031
"CNTN1",103.376033251508,-1.47193884987959,0.341913926725547,-4.30499823150259,1.66987069573876e-05,0.000295580261733915,3.52932457063667
"CSF1",1486.0972198647,1.30136357682266,0.302289752003531,4.30502049175474,1.6697027931497e-05,0.000295580261733915,3.52932457063667
"SLC28A3",27.9974844476606,1.79181950315059,0.416600761394191,4.30104711559841,1.6999290756532e-05,0.000300604960634681,3.52200385688786
"CD207",146.857091261137,2.01395834988695,0.468731746771027,4.29661179077499,1.73428525720304e-05,0.000305796774942586,3.51456709914615
"IL18",5520.30236586868,1.22729039398984,0.285895940528092,4.29278705994514,1.76444208207658e-05,0.000309577818576247,3.5092301643168
"PLEK",1819.86140503962,1.39739934502603,0.326076898010575,4.28549018207574,1.82336700962446e-05,0.000319293401179029,3.49581005691044
"THBD",1477.42055783988,1.46345734737423,0.341904384547107,4.28031172900211,1.86631713512477e-05,0.000325779293551471,3.48707652279644
"LOC103350336",37.8365550593468,-1.03977005369546,0.24292877775338,-4.28014360139345,1.86772761176106e-05,0.000325779293551471,3.48707652279644
"MCP2",1539.47194361949,2.19677981116281,0.513636354134754,4.2769165256291,1.89499818617208e-05,0.000329271955363465,3.48244525729161
"LOC103347186",379.508106986079,3.06159511457055,0.717707578129307,4.26579739139797,1.99189486459598e-05,0.00034510825862133,3.46204464768981
"PFKFB3",3238.39022969219,1.32483578361755,0.310901662936981,4.26126953166567,2.03268904196791e-05,0.000351498843564912,3.45407609947546
"KBTBD12",53.7443381467997,2.27273959540866,0.533489042105099,4.26014297583441,2.04296175511049e-05,0.00035259391900476,3.45272518201245
"LOC103347743",1221.65693544987,1.70546592783502,0.400372791701631,4.25969487233783,2.04706159770669e-05,0.00035259391900476,3.45272518201245
"ADCYAP1R1",654.444273864525,-1.19348771825602,0.28017669741723,-4.25976795807084,2.04639237866164e-05,0.00035259391900476,3.45272518201245
"IFNGR2",3165.52980884479,1.04307343798614,0.244881522273901,4.25950242509296,2.04882476290021e-05,0.00035259391900476,3.45272518201245
"HCST",378.672561406664,2.18491368132738,0.513011827607784,4.25899280239953,2.0535008166406e-05,0.000352820363437643,3.45244635700569
"ITGB7",1805.89039413258,1.43219994035801,0.336281518342533,4.25893146735225,2.05406428224651e-05,0.000352820363437643,3.45244635700569
"JADE2",1483.67474461292,1.08858352397351,0.255654137660004,4.25803209733778,2.06234343302245e-05,0.000353904430338509,3.45111400063029
"MPO",199.123504288253,2.77594527439552,0.652649566626179,4.25334730358522,2.10598561844551e-05,0.000360361992027822,3.44326102103106
"ASRGL1",1417.40047835055,1.1845498377699,0.278643965018032,4.25112324859879,2.12701072579002e-05,0.000363268384545182,3.43977239738924
"SPON1",1185.74557626356,1.33488650015581,0.314039443895359,4.25069693028947,2.13106368361043e-05,0.000363615268368596,3.43935788884664
"LOC100341035",22.9249374550804,5.25835518520579,1.237135062636,4.25042935409306,2.13361125304964e-05,0.000363704879382414,3.43925087250965
"LOC100343925",132.736872970048,-1.55061470065836,0.364989301998505,-4.24838397226422,2.15318116097704e-05,0.000366693276505787,3.4356970529606
"LOC108177687",9.6558829632055,2.11567916212818,0.498581174850092,4.24339960842745,2.20158886478652e-05,0.000374228489076756,3.42686315382727
"SIRPB2",90.367854251716,2.27620226746306,0.536587520677295,4.24199628159444,2.21540363476295e-05,0.000375866216675254,3.4249667074622
"SOCS1",183.037461366948,1.85632059038692,0.437834686984685,4.23977506937876,2.23743869953299e-05,0.000379246913971736,3.42107794449113
"LOC100346910",50.5431870264141,-2.67799052739338,0.631898021493972,-4.23801062244493,2.25509102136387e-05,0.0003817886714237,3.41817696229952
"LOC103348693",32.6151886192265,-1.48755038513152,0.351015145309019,-4.23785242605968,2.25668014748328e-05,0.0003817886714237,3.41817696229952
"LOC100009166",1936.57438021112,2.13881875406485,0.504906403725532,4.23606977111646,2.27466123434613e-05,0.000384469056752639,3.41513860780625
"FAM65C",142.719613981275,1.70106843606531,0.401793552878606,4.23368773311116,2.29890102486932e-05,0.000388201277288731,3.41094303999728
"HCAR2",119.605181937002,1.49366019997049,0.353065323764033,4.23054913477926,2.33121514023632e-05,0.000393288678067635,3.40528855581127
"LOC100009136",1856.36304399146,2.98857059899366,0.707098777536821,4.22652491269232,2.37328007305825e-05,0.000398888493774576,3.39914849104609
"LOC103347747",217.64823407039,1.98429670003923,0.469484224840799,4.2265460585222,2.37305716135928e-05,0.000398888493774576,3.39914849104609
"DPP10",72.6769408977518,-3.44201380961554,0.814795871017928,-4.22438788909842,2.39591084201286e-05,0.000401940863645143,3.39583783866131
"P2RY11",15.2377638895012,3.4507831051498,0.817293583795957,4.22220750727356,2.41921229536094e-05,0.000405471704750896,3.39203944699982
"ITGAL",5298.32998811511,1.22479607568931,0.290263166063284,4.21960558172329,2.44730091767091e-05,0.000409035870849384,3.38823860439158
"CEMIP",139.50226581959,3.36440156934434,0.797400737762882,4.21921050485006,2.45159293639142e-05,0.000409372770362705,3.3878810480304
"LOC103346346",355.883183154974,-1.65090379313429,0.391514538964594,-4.21671133210096,2.47890971471441e-05,0.000413166935212455,3.38387444133769
"DOK3",750.432650358522,1.78384838251175,0.423468354622548,4.21247151774011,2.52591573635824e-05,0.000420607353638274,3.37612313864778
"YDJC",168.900312933601,1.95192643188107,0.463672501622261,4.20970927767298,2.5569949813356e-05,0.00042499997915286,3.37161109125274
"LOC108176515",240.310798352862,-1.56079972979749,0.372341478914632,-4.19185027235533,2.76688587506406e-05,0.000456510785111486,3.34054895775931
"STRIP2",79.9226325552861,-1.2557641269446,0.299716105830405,-4.18984533201957,2.79144659800498e-05,0.000459298953508889,3.33790454410055
"LOC100347599",517.935787246206,1.4285139512444,0.340995774003104,4.18924238994059,2.79887314743145e-05,0.000460099951402259,3.33714781260726
"LOC100348913",135.699318208326,12.7544427295035,3.04500933885477,4.18863829636084,2.80633271618724e-05,0.000460904909295994,3.33638866599393
"B4GALNT2",36.5814603027966,2.75920640428037,0.658823494486718,4.18808137136948,2.81322657207316e-05,0.000461414421987937,3.33590883527679
"CSRNP3",53.1570342846563,-1.89893511591926,0.453425795125947,-4.18797328323986,2.81456639746868e-05,0.000461414421987937,3.33590883527679
"RPL34",2444.41685951086,1.6558316619345,0.39567564124085,4.18482082127109,2.8539112258789e-05,0.000467013098145643,3.3306709387645
"PLPPR1",31.1155645264472,-1.89347908207514,0.452505146977236,-4.18443656326056,2.85874261736356e-05,0.000467136213675702,3.33055646371223
"LOC103348325",206.356320216333,-1.05872562309625,0.253069503306364,-4.18353697013646,2.870083899269e-05,0.000468381023996857,3.32940070826319
"PTPRR",217.245936544736,1.33639937694269,0.319507161640049,4.18268989678627,2.8808021462984e-05,0.000469703951033821,3.32817578662329
"MEFV",33.9655844754058,1.86176108134004,0.445411046773301,4.1798718168919,2.91673458703677e-05,0.000475131837076715,3.32318586791065
"LOC103348695",16.5672291002235,-2.10254662715442,0.503236892723771,-4.17804548425372,2.9402486491996e-05,0.000478097277734856,3.3204837291511
"GRIK4",46.1882542788498,-1.49891310138012,0.359034376234937,-4.17484564319072,2.98188166470918e-05,0.000484427821663323,3.31477092240784
"CXCR6",274.612429425896,1.07354880142437,0.257170126590649,4.17446931203323,2.98681475633613e-05,0.000484791304855135,3.31444517821326
"LOC103348916",235.757847993844,1.05751551884079,0.253559253920697,4.170683982102,3.03686758511163e-05,0.000492027267122951,3.30801082887309
"LOC103350193",8.89267568223867,2.40766699793863,0.577441456654873,4.16954302499562,3.05210995682302e-05,0.00049405171434298,3.30622758937939
"LOC108175602",217.347972022119,-1.33819971716198,0.320974146762263,-4.16918225552024,3.05694468878919e-05,0.000494389328086195,3.30593091252138
"DSG2",5996.16954260183,-1.11687721119015,0.268152453349179,-4.16508294904833,3.11239383490058e-05,0.000502002607415714,3.29929402711132
"TMSB10",38141.6670880945,1.17083473747405,0.281544903845081,4.15860746006716,3.20193594309105e-05,0.000515059177106882,3.2881428703481
"FFAR4",232.194831043001,1.10203905311223,0.265044556578806,4.15793882861562,3.21131983299633e-05,0.000516107023025969,3.28726023114382
"C1H11orf63",75.1445746298352,1.88644736579148,0.453795450670451,4.15704336172693,3.22392817324928e-05,0.000517670752390312,3.28594637130231
"BCL2L15",265.353277945037,1.43351316494517,0.344890383767288,4.15643123849004,3.2325740300718e-05,0.000517672407451569,3.28594498280814
"KCNH4",74.6015262315,1.35037025025737,0.324875656002619,4.15657567843891,3.23053192292505e-05,0.000517672407451569,3.28594498280814
"LOC100342543",31.2398213682805,5.31031520883759,1.27794785081305,4.15534577992294,3.24795964228501e-05,0.000519245732057814,3.28462706446327
"FAM171B",99.6087464207034,-1.27912231511056,0.308030592903443,-4.15258206353393,3.28744806155665e-05,0.000524591534507851,3.28017872203044
"ZBED2",14.5161169660379,-3.00242491289742,0.723089565611126,-4.15221717431352,3.29269561222101e-05,0.000524963101863322,3.27987122082319
"LRRK1",3567.18540429891,1.34880476671762,0.324894847261071,4.15151172167953,3.30286345024323e-05,0.000526117770497557,3.27891702894093
"SNCA",550.988645642059,-1.48788202653187,0.358436077689118,-4.15103869042545,3.30969804739271e-05,0.000526739908710712,3.27840377585889
"LOC103345536",506.469715112297,1.42839721989732,0.344366901428897,4.14789346470409,3.3554846757764e-05,0.000532612854449804,3.27358835620491
"STOX1",142.181375912358,-1.63403160682291,0.394431906769041,-4.1427470211727,3.43170421984368e-05,0.000544142325781605,3.26428749144667
"INHBB",33.25102621981,1.27903941599466,0.308754143018722,4.14258219659616,3.43417226291215e-05,0.000544142325781605,3.26428749144667
"VASH1",1326.48735877321,1.20443391797226,0.290921396073579,4.14006647234579,3.47205196804478e-05,0.000549176627909563,3.26028795392963
"MNDA",6417.89554542195,1.44782674789705,0.349861977835209,4.1382797778014,3.49919516569402e-05,0.000552983531281557,3.25728780247477
"CD53",6283.40209845363,1.55353861920753,0.375937964847428,4.13243344507123,3.5894271964087e-05,0.000565751609993111,3.24737420147376
"LOC100341160",5311.75235407236,1.62143443653863,0.39243689623298,4.13170742125131,3.60078561253615e-05,0.000567044907669441,3.24638254537389
"HAL",1118.99366210679,1.50519213974069,0.364328247182894,4.13141761963102,3.60532899186336e-05,0.000567263662201843,3.24621503559742
"NAGPA",1719.65154585963,1.44623714511848,0.350150282143355,4.13033265678301,3.62238693454089e-05,0.000569329788330659,3.24463609254682
"LOC100353077",123.991011743903,-1.20149801627433,0.290906932921003,-4.1301800689659,3.624792079841e-05,0.000569329788330659,3.24463609254682
"PCYT1B",57.1731601374161,-1.18111643986378,0.286029894098935,-4.1293461425932,3.63796354500853e-05,0.000570402235339437,3.24381878120374
"LOC103347764",87.1838589367864,2.37587015441255,0.575683545455025,4.1270419715308,3.67459347115589e-05,0.00057564363227585,3.23984629510641
"LOC100355171",21.9977937964821,-1.25348362968893,0.304181958972148,-4.12083489081516,3.77501899612109e-05,0.00058881128903939,3.23002387203925
"SLCO1A2",1244.49625859752,-3.68419204435387,0.894697290181754,-4.11780843060947,3.82492435663683e-05,0.00059607833301349,3.22469666415224
"BIRC3",7477.46027161688,1.41501828643666,0.343969490923372,4.11379009992458,3.89215368621294e-05,0.000605505985232296,3.21788155963817
"LOC108176523",5.02609133001413,-3.50929842222706,0.853173860242392,-4.11322777895475,3.90165066716176e-05,0.000606458821073787,3.2171986826582
"NLRC5",1256.26783906731,1.59302442654706,0.3875785128183,4.11019799566102,3.95320003045135e-05,0.000612882321962388,3.21262290529972
"LOC100342980",1568.24141767601,-2.18195000441217,0.531077752093477,-4.1085321232363,3.98181827164367e-05,0.000615726739443162,3.2106119856964
"NPR3",141.719843518197,-1.03957589757026,0.253189451481153,-4.10592104642891,4.02707024217697e-05,0.000622189271781019,3.20607748156944
"FGR",2008.09942501622,1.35931325563701,0.331292298474361,4.10306325229052,4.07715725000872e-05,0.000628308448878807,3.20182710027646
"BHLHA15",343.6951489307,2.26087482987942,0.551078133518691,4.10263933980379,4.0846370915532e-05,0.00062892220423367,3.2014030721407
"LOC103346478",82.6394499236436,-1.09153142736538,0.266145718535494,-4.10125488161783,4.10915635785863e-05,0.000632156269800938,3.19917555032026
"NXPE1",79.1066227441624,-2.78023070684633,0.678173800393015,-4.09958436205458,4.13892781460652e-05,0.00063619211810157,3.19641171574767
"ASGR1",7126.12324695365,1.94579554967307,0.474764132532378,4.09844682093875,4.15931771239231e-05,0.000637950860104519,3.19521277270103
"ENOX1",356.397093754537,-1.27431776504765,0.310912242346587,-4.09864132537796,4.15582456876034e-05,0.000637950860104519,3.19521277270103
"SOCS3",1100.57812838174,1.69806714410633,0.414519503450648,4.096471046527,4.19495926810467e-05,0.000642607729792116,3.19205405471685
"PGAP1",170.568884073043,-1.04368017852681,0.254803641282073,-4.09601751872705,4.20318137858598e-05,0.000643319267340343,3.19157344133353
"TRIQK",424.262844830187,-1.23734315195974,0.302281760568447,-4.09334373874524,4.25196659271919e-05,0.000649128753849422,3.18766915290623
"ITGBL1",60.7401303379227,-2.78431821562218,0.681515488546755,-4.08548046583561,4.39857012282315e-05,0.00066810713757476,3.17515388853252
"GIMAP1",1203.02701570492,1.35192809095284,0.331063524754972,4.08359118375676,4.43450171441872e-05,0.000672379489203003,3.17238554309369
"LOC100348108",1026.67855561653,1.51048487282762,0.369933971623609,4.08312020168959,4.44350241251785e-05,0.000672659489787214,3.17220472645966
"ANO6",1919.30794401174,1.06513062324312,0.260954568076409,4.081670733318,4.47131130814493e-05,0.000675731618198978,3.17022575950024
"RLA-DMB",3230.91862840477,1.5524369034589,0.380596040520397,4.07896230695469,4.52371700120713e-05,0.00068250441736333,3.1658945334003
"SERPINB2",33.8540934420096,2.95363268942576,0.725437556298558,4.0715188561456,4.67075805182286e-05,0.000702919772418261,3.1530942402495
"IFNG",16.2081274931241,2.34677024010794,0.576667753359027,4.06953610018638,4.71068404072905e-05,0.000706685021402658,3.1507741137102
"CLDN5",2707.04481116713,1.57599452942051,0.38728868914151,4.06930172144703,4.71542496487539e-05,0.000706685021402658,3.1507741137102
"SOX5",178.180074022009,-1.31015944239541,0.32195436970232,-4.06939481395078,4.7135413837104e-05,0.000706685021402658,3.1507741137102
"LOC108178772",91.7327724077162,-2.7963004612966,0.68747513654501,-4.06749322651835,4.75215894430703e-05,0.000711005211767202,3.14812721581954
"PTPRQ",69.5315163130776,-2.08878453309209,0.513571795717796,-4.06717142667987,4.75872368169767e-05,0.000711395566846641,3.14788884550396
"LOC100341333",58.4000991237247,3.71771210843612,0.914237549007885,4.06646184295375,4.77322963134245e-05,0.000712971442608493,3.14692786505126
"ACCS",1763.12070477137,1.79255924556128,0.440972026853592,4.06501804287108,4.80287462915909e-05,0.000716804127226532,3.14459950275086
"LOC100343263",1026.36064540588,1.30877378091572,0.322164364508093,4.06244117940873,4.85621866484294e-05,0.000721174537312431,3.14195961542152
"LOC100353067",1515.14774701309,1.10504575549605,0.272009422746396,4.06252748283033,4.85442303003496e-05,0.000721174537312431,3.14195961542152
"MYH3",9.8505955487624,2.51549182841479,0.619357233261616,4.06145547888071,4.87677193234526e-05,0.000723512106488491,3.14055419745834
"TET1",254.662452126504,-1.46538255448801,0.360816063705681,-4.06130076205068,4.88000547803903e-05,0.000723512106488491,3.14055419745834
"CXCL8",312.454971246272,2.2018478560825,0.542223454291912,4.06077575334303,4.89099319484072e-05,0.000724543835387278,3.13993533429094
"PRELP",3245.04098590574,1.12568084180909,0.27758094249794,4.05532466198555,5.00647157834193e-05,0.000739214982470453,3.13122923938224
"SLC16A5",893.196132198205,1.73151127062252,0.427257111717726,4.05262129789069,5.06469497682714e-05,0.000745974401828496,3.12727607512166
"CTNNA2",228.705259587078,-1.84213985754557,0.454703199249376,-4.05130172953825,5.09334756721604e-05,0.000748355903993573,3.12589181071835
"NEU3",60.3872464250811,-1.10820664029436,0.273689826476471,-4.04913348282472,5.1407619053847e-05,0.000754090229253168,3.12257668632877
"ABCD2",19.2953680994606,-2.06576290436126,0.510290417615039,-4.04821026037699,5.16107727307277e-05,0.000756453249217121,3.12121790734261
"ILDR2",2007.42590559075,-1.57380248379593,0.388884713742989,-4.04696412118694,5.18861905509193e-05,0.000759870725462323,3.11926028665846
"NFKBIE",1082.01885370764,1.61547212915697,0.399499991626169,4.0437350763918,5.26063592989028e-05,0.000769164850106884,3.11398057070685
"LOC100352119",1521.43790741466,-1.20404096590814,0.298342765999489,-4.03576390355718,5.4424925067991e-05,0.000792532674026518,3.100982823928
"WDR86",135.846178206431,1.84929728898827,0.458317137840146,4.03497302698131,5.46085705038284e-05,0.000794563537168972,3.09987136876676
"SLC45A4",786.106012682036,1.34371052710328,0.333208775556348,4.03263847075975,5.5154096293663e-05,0.000801852277886205,3.09590563272334
"ATP6V1B2",6523.1483793756,1.00981542205638,0.250436910464867,4.03221482081828,5.52536442218107e-05,0.000802650676643815,3.09547342385463
"PIM1",2006.53396230896,1.07867479429975,0.26757369350738,4.03131855064068,5.54648082123332e-05,0.000805067886110251,3.09416749687436
"LOC103345487",426.361946279508,1.61521599906919,0.400765905354458,4.0303228829823,5.57002868635161e-05,0.000807739780546662,3.09272852793151
"LCN2",1843.50776279078,1.58836309285516,0.394159218638489,4.02974995318314,5.58362155744397e-05,0.000807850764996559,3.09266885942902
"SH3BP2",989.658700972297,1.01530214687115,0.251981319718148,4.02927545584254,5.59490288208352e-05,0.000808832262310209,3.09214153414325
"MEIG1",46.1241080830364,1.73607788344483,0.43096289168062,4.02836976676732,5.6164958909843e-05,0.000811301703642262,3.09081761205166
"DNASE2B",202.21520277133,-1.79806646294759,0.446439453862472,-4.02757069831353,5.63561242771136e-05,0.000812757449077475,3.0900390414216
"LOC100340711",3174.85371294679,-1.05697560627661,0.262490357021495,-4.02672166044583,5.65599193606239e-05,0.000815042940530016,3.08881950985638
"KLF12",2082.27042513087,-1.01714068204803,0.252634182841834,-4.02614036868014,5.66998495417909e-05,0.000816405199487244,3.08809423803065
"WFDC3",60.0872399423116,1.40861679961114,0.350039227632389,4.02416840289244,5.71769936985789e-05,0.000822616843740194,3.08480240220767
"CD109",163.207946655955,-1.05761963530714,0.262867442363622,-4.02339531209096,5.73650893456209e-05,0.000824663282807072,3.08372334147332
"OPCML",13.3623844197617,-2.13707051595937,0.531241881167019,-4.02278244942719,5.75146172406219e-05,0.000825493117681839,3.08328654319496
"ESR1",1743.94999320864,-1.49175982542241,0.371113580927679,-4.01968535264443,5.82759186700744e-05,0.000835086949292922,3.07826830340001
"LOC100339628",3.74971146712768,-4.19522988562599,1.04404283996468,-4.01825454381537,5.86308416026299e-05,0.000837503618253928,3.07701330801133
"RNF182",28.8689362473183,-1.61623734269884,0.402607322382022,-4.01442609919855,5.95906102588023e-05,0.000849863231478431,3.07065095968971
"DOK5",17.6159006861523,-1.6760267266677,0.417541952640068,-4.01403192199102,5.96902685576278e-05,0.000850609976022486,3.07026952815137
"CD5L",7036.5026948283,2.22355586215213,0.553972798503648,4.01383582038367,5.97399069373474e-05,0.000850643298781675,3.0702525149404
"RPL3L",11.7038596258028,1.66951716421683,0.415987388300172,4.01338408608708,5.98544013236706e-05,0.000851599330225389,3.06976468880198
"KCNQ4",134.564024310737,-1.27727454696814,0.318468445474827,-4.01067849928981,6.0544507236353e-05,0.000859398388597708,3.06580546496882
"TTR",98354.944530174,-2.12996279776076,0.531370194262292,-4.0084348365038,6.11224990664849e-05,0.000864172188059485,3.06339971484342
"TENM3",1235.22910900867,-1.40514016653612,0.350569342585497,-4.00816613390383,6.11920690201204e-05,0.000864476173808205,3.06324697199818
"LOC108176404",386.098710247611,1.46894602094976,0.366695947292788,4.00589652488546,6.17826932400756e-05,0.000870767989991787,3.06009754429039
"LOC108175976",84.8889549695378,2.27878454187924,0.569115134582928,4.0040835384728,6.22583631397301e-05,0.000876098906654857,3.05744686165193
"FERMT1",679.014159885083,-1.04591866521507,0.261202545162417,-4.00424377398279,6.22161831758002e-05,0.000876098906654857,3.05744686165193
"CYP2C1",2052.40150100099,-3.07864235997588,0.76894523265776,-4.00372123946325,6.23538335827553e-05,0.000876756327718742,3.05712109104849
"CKB",1534.2880776172,2.121686541583,0.530011092187411,4.00309837446341,6.25182905485113e-05,0.000878381982206584,3.05631658125977
"ARFGAP3",853.057490923701,1.08692635993351,0.271553691592354,4.00262045255182,6.2644756065931e-05,0.000879471735433023,3.05577811338983
"LOC100351599",3608.36551114579,1.81996490518058,0.454855249964872,4.00119577672487,6.30231858308992e-05,0.000884094363481194,3.05350137825387
"LOC100347041",264.400459170951,1.61196721064757,0.403251057554511,3.99742835250884,6.40343636763701e-05,0.000897117175701357,3.04715082848658
"PLXND1",2160.63643228163,1.02345641511458,0.256032716805895,3.9973657581054,6.40512930160444e-05,0.000897117175701357,3.04715082848658
"HIF3A",100.684873824461,1.77780368738034,0.445073221018928,3.99440721980604,6.48563117717667e-05,0.000904868821492205,3.04341437574656
"LOC103351174",7.50758346200574,1.65302400441256,0.413929087176115,3.99349563880551,6.51062767671175e-05,0.000907652156108404,3.04208055635335
"SLA",7783.6906596315,1.48577164043887,0.372107712222853,3.992853659397,6.5282861091898e-05,0.000909328229895636,3.04127932612641
"SMTNL1",137.958177828718,1.11551357906339,0.279388896503092,3.9926911664188,6.5327628615723e-05,0.000909328229895636,3.04127932612641
"MARCO",19897.2377214797,1.46141544414149,0.366125327714193,3.99157155629043,6.56368767899463e-05,0.000912926212057536,3.03956432322284
"ADGRG3",62.5190815149838,1.2380616166029,0.310485306456323,3.98750469300248,6.67718839884532e-05,0.000924423065164236,3.03412922703046
"LOC100345885",118.564254042106,1.59247807375512,0.399528465682515,3.98589389878564,6.72265497401353e-05,0.000930001746558918,3.03151623583296
"G6PD",2116.90450021105,1.48918623239357,0.373648015801832,3.98553229085893,6.73290197449493e-05,0.000930703375167692,3.03118871112846
"APOBEC2",17.2599813144667,2.12386699753962,0.533461253925279,3.98129570219379,6.85406174386409e-05,0.000945997286275148,3.02411010943057
"DPCR1",6319.78230092197,-2.43533574672949,0.612587119521125,-3.97549290398606,7.02336381981565e-05,0.000966397665918628,3.01484412764666
"LOC108177077",20.4533312896922,-1.78685724182829,0.449465921375843,-3.97551217311117,7.02279513407793e-05,0.000966397665918628,3.01484412764666
"LOC100353156",35.4493622263381,-1.20090129502493,0.3021355478176,-3.97471036989633,7.04649543224952e-05,0.000968839249645072,3.01374827535738
"LOC100351810",37.3381531983074,2.081291206032,0.523771552170226,3.97366217658874,7.07759284253244e-05,0.000972371502521799,3.01216777759391
"FGD2",552.965379599498,1.26829309286215,0.319208008545,3.97324960186063,7.0898685270199e-05,0.000973305805665511,3.01175068609655
"GRIP1",180.893351565352,-1.36638427274759,0.344115854699351,-3.97071002131355,7.16587550866599e-05,0.000982249277041534,3.00777828216695
"LOC100350712",237.488166432509,-1.00316490949578,0.252779343663517,-3.96853989316121,7.23143526779778e-05,0.000989727030868152,3.00448456836633
"ISG20",45.0332943976613,1.44137008576511,0.363277512708586,3.96768320455154,7.25747176143912e-05,0.000991780943447729,3.00358424070614
"CAPNS2",10.9446222435375,2.15681741079032,0.543873049542373,3.9656633337598,7.3192111274223e-05,0.0009979430850308,3.00089422681073
"LOC103352391",2133.4065179066,1.27954885249568,0.322672484160115,3.96547246917017,7.32507071186539e-05,0.000997985391531721,3.0008758158505
"ENG",2645.40072363539,1.24471675699083,0.313944400545424,3.96476813992654,7.34673219137504e-05,0.00100017889273042,2.99992231482278
"LOC103351752",22.0574219088419,-1.52470186135374,0.384846785295457,-3.96184123035663,7.43739928264285e-05,0.00100963602188928,2.99583516302401
"TESC",677.757505902882,1.21990514904747,0.30791682144666,3.96180092830294,7.43865507675317e-05,0.00100963602188928,2.99583516302401
"RUNX1T1",1168.81257062259,-1.08555552989958,0.274100782870335,-3.96042476979393,7.48165609082398e-05,0.00101470666016122,2.99365948906688
"LOC103346235",17.8570221153316,1.74496029189005,0.440699838035383,3.95952106465251,7.51002204747158e-05,0.00101632399360143,2.99296782138019
"BMPER",236.087958304538,-1.26026177365393,0.318287728129687,-3.95950475709333,7.51053485040204e-05,0.00101632399360143,2.99296782138019
"PLA2G2D",815.167679738955,1.8647644022832,0.471313126541502,3.95652974057151,7.60464245358701e-05,0.00102751232070104,2.98821296187973
"TNFSF11",81.7067371601105,-1.41511370175309,0.357953159921457,-3.95334881821856,7.70649632329048e-05,0.00103893275770657,2.98341256014447
"DAB2",2473.11714514658,1.03265138718364,0.261235140184367,3.95295742546291,7.71911755775339e-05,0.0010398547577426,2.98302731677424
"LOC100355671",31.4073926588322,2.66832443376983,0.67518503944054,3.95198986633474,7.75040234598361e-05,0.00104250737315011,2.98192086478866
"ITGA3",972.077840181955,1.13490723786496,0.287160996581715,3.95216359942534,7.74477609252765e-05,0.00104250737315011,2.98192086478866
"LOC100341937",101.576966403229,-1.72137187745992,0.435798775724033,-3.94992361922093,7.81761362614535e-05,0.00104997732227482,2.97882008085127
"DES",3304.31809246173,1.6002580934934,0.405562218471463,3.94577704877112,7.95416010031284e-05,0.00106672345446701,2.97194815580115
"IL34",184.334609019747,1.52451742844518,0.386493801389406,3.94448092819261,7.99730177225747e-05,0.00107170994837763,2.96992273783702
"IRF5",2461.44457110112,1.68125369024573,0.426340910548011,3.94344912404647,8.03180364353582e-05,0.00107552613358077,2.96837903248058
"AOAH",4523.56577282619,1.51230441831929,0.383805305645863,3.94029054854884,8.13829804194786e-05,0.00108575038565571,2.96427000770543
"DHRS9",336.565566850809,1.87955872012371,0.477445586019871,3.93669723872048,8.26107244870538e-05,0.00109968265668037,2.95873262423868
"KCP",71.0914598410118,1.28750145833745,0.327038744483472,3.93684687229014,8.25592510305101e-05,0.00109968265668037,2.95873262423868
"AXL",5309.17460985576,1.05554339380493,0.268105812982586,3.93704031278685,8.24927530567016e-05,0.00109968265668037,2.95873262423868
"TSPO",1431.79469442625,2.08515148691344,0.529751695614307,3.93609214312277,8.28191848723084e-05,0.00110164217510621,2.95795944596711
"SERPINA3",19993.7185595552,3.07401567479515,0.781625917798586,3.93284767661361,8.39454359358148e-05,0.00111415108477468,2.95305591254213
"LOC108176616",16.5214638317716,1.65740207760673,0.421521350039358,3.93195285945059,8.42585908135334e-05,0.00111665917257965,2.95207936229615
"TMEM171",549.459739749072,1.83554012700065,0.466924544348637,3.93112795036561,8.45482579732626e-05,0.00111789641070003,2.95159843826149
"SLC7A8",2501.20470143769,1.25693024271036,0.319740396990436,3.93109614719081,8.45594444887427e-05,0.00111789641070003,2.95159843826149
"LAPTM5",7869.07596036383,1.07295384609385,0.273037614162802,3.92969243224523,8.50545857063454e-05,0.00112224627244528,2.94991182843835
"RHBDF2",1687.11660829103,1.41895047624672,0.361102231086902,3.92949794847774,8.51234028896403e-05,0.00112233084865637,2.94987909979521
"BCO1",967.600028753658,-2.53652016641362,0.645965629416741,-3.92671072716966,8.61154466150985e-05,0.00113457889518383,2.94516529920464
"DERL3",260.08449515216,1.69708887840841,0.432742273578955,3.92170809746133,8.792346765938e-05,0.00115670493225039,2.93677741255965
"LOC103350378",28.4066982782557,1.50623814723008,0.384314822664246,3.91928194907537,8.88131701169796e-05,0.00116755559311679,2.93272243135368
"CCL7",182.430214414896,2.09674301267707,0.53557037498201,3.91497198243556,9.04147064222207e-05,0.00118774147574669,2.92527807776791
"PRDM5",127.637558599754,-1.15485990097787,0.295164099956023,-3.91260285769824,9.13066270504173e-05,0.0011968355545734,2.92196551763664
"LOC103349693",27.2885760562585,1.38685056613484,0.355221150014917,3.90418916800591,9.45418131098631e-05,0.00123474216918502,2.90842371948147
"LOC103347892",4745.78724190108,1.04353344626396,0.267301152386816,3.90396164380859,9.46307847940721e-05,0.00123500728137634,2.90833048187618
"ALPK1",156.939824277677,1.08549985942348,0.278157839357033,3.90246006343966,9.52199526876276e-05,0.00123691385007103,2.90766054753473
"PAK5",21.4897855925781,1.83955142825404,0.471920656147141,3.89800998174678,9.69864196603629e-05,0.00125844427934485,2.90016600912538
"CD80",360.2883610242,1.19361202022913,0.306639941384833,3.89255233626316,9.91950914376961e-05,0.0012852482164377,2.89101299013885
"P2RY12",49.8893655634825,1.93281974363786,0.496804780114617,3.89050150280749,0.000100037257379651,0.00129336451237645,2.88827905949415
"DMXL2",832.753176165851,1.45526979025995,0.374346610688844,3.88749289751035,0.000101284950393127,0.00130761561225412,2.88351990280921
"TNFSF18",12.3516982194524,2.25072721172643,0.57902520404708,3.88709713496932,0.00010145016530694,0.00130880901928264,2.88312372084636
"LOC103346836",50.4252132035702,2.2407457938544,0.576710905331079,3.8853882823111,0.000102166467339543,0.00131521957668886,2.88100173539962
"LOC108177974",6420.68749679969,-1.36639565386336,0.351725021482403,-3.88484062949079,0.000102397035950908,0.00131724484588064,2.88033349206053
"CACNA1C",126.019583440127,-1.32679910463801,0.342251272522804,-3.87668128991282,0.00010589091762944,0.00135830403897849,2.86700300791153
"MUC15",23.2556304183608,1.87183618770601,0.483084723077799,3.87475757001853,0.000106730900562611,0.0013681030047883,2.86388120325399
"WNT9B",186.583691517489,2.20416351562886,0.569259447215331,3.87198407757843,0.000107953005804706,0.00137885430141466,2.86048162173901
"ACKR1",240.5295616324,1.81014481229222,0.467811757594828,3.86938716888768,0.000109109260454054,0.0013896748866896,2.85708679070391
"LOC108176811",18.0021940357918,1.40481352575756,0.363219605377207,3.86766987508464,0.000109880280320332,0.00139751553131603,2.85464335687455
"COL4A4",352.797194214429,-1.32721866097889,0.343399838098562,-3.86493676970795,0.000111117981832883,0.00141099411536822,2.85047479749189
"LOC100344545",506.001083948132,-1.10695498893521,0.286431358988693,-3.86464314816488,0.000111251729498551,0.00141099411536822,2.85047479749189
"GMPR",196.95620866625,1.21481382589929,0.314533201923431,3.86227532886981,0.000112335859625023,0.00142270992922282,2.84688363749787
"A4GNT",1060.3539070573,-2.08867194293589,0.541067998095886,-3.86027625046444,0.000113258908731807,0.00143339072106461,2.84363541122652
"LOC100342191",103.962582038396,2.65569719974991,0.688126397725854,3.85931597527221,0.000113704842904302,0.00143600273510601,2.84284473290687
"DSC2",6502.7242447754,-1.36918298579574,0.35517627773996,-3.85493928397487,0.000115758354403549,0.00145580296894645,2.83689739926036
"LGALS3",6805.06060896806,1.26525009384056,0.328275317292093,3.85423462317383,0.000116092227334879,0.0014569453010401,2.83655675289876
"NRXN1",218.880503096388,-1.35647987167749,0.352022557721643,-3.8533890568175,0.000116494060960756,0.00145995065666776,2.83566182222861
"XKR4",54.4456520189704,-1.50783406773995,0.391477848911044,-3.85164594097527,0.000117326574632152,0.00146731649386969,2.83347620059691
"C16H1orf131",481.556591292768,1.0710996821892,0.278155138423901,3.85072764881616,0.000117767404998144,0.00147180612334025,2.83214939455622
"GCA",383.470922432752,1.38524543069346,0.359828675908965,3.8497360645151,0.000118245173249805,0.00147675083036423,2.83069277627008
"GPC6",289.941702174211,-1.55596149724552,0.404335525050119,-3.8481938905879,0.000118991861630545,0.00148401500663226,2.82856170736924
"LOC103346164",96.8866504816037,2.7197769739605,0.706945160914672,3.84722482638052,0.000119463334558702,0.00148886251469418,2.82714540424005
"ATP6V0D2",198.098294301931,2.86091720212039,0.743800292824724,3.84635127159673,0.000119889848930446,0.00149141965349794,2.82640013820026
"MLNR",11.8885719696011,3.32491440793331,0.864837380787468,3.84455445821021,0.000120771663633875,0.00149790179227008,2.8245166595827
"LOC103346467",150.900041404016,-1.5057728138127,0.391870044555858,-3.84253105010699,0.00012177200278524,0.00150822844221058,2.82153287353412
"SEMA3F",1277.92043341502,1.26709687861342,0.329913997006412,3.84068845247811,0.000122689743350325,0.00151750505117761,2.81886985465474
"LOC108175467",15.7235063791895,-2.8314139996778,0.737335614636076,-3.84006135533721,0.000123003565338539,0.00152034097529092,2.8180589995024
"B3GNT4",10.0538237098611,1.41975377755693,0.369777655122171,3.83947963834607,0.000123295353903051,0.00152290085480252,2.81732836955545
"DRD2",3.01471949825933,-3.03054811667869,0.78967673358802,-3.83770723864298,0.000124188415541837,0.00152763643303994,2.8159799925614
"LOC108175703",17.6518037734253,1.48419453255844,0.386737646425461,3.83772965025916,0.000124177084999953,0.00152763643303994,2.8159799925614
"MMP25",21.3615867383077,1.42646740307552,0.371637335638658,3.83833179899467,0.000123873023891477,0.00152763643303994,2.8159799925614
"EHD4",1904.47912466012,1.07438663317716,0.279944472091349,3.83785621895252,0.000124113114513852,0.00152763643303994,2.8159799925614
"LOC103347344",20.3359959705555,3.13896020060781,0.818160831912406,3.83660532033862,0.000124746710999927,0.00153240768485156,2.8146256787457
"S100A1",78.5538416178218,-1.26202622633476,0.329000039409571,-3.8359455172091,0.000125082136921759,0.00153547928355012,2.81375603861561
"METTL24",24.7716994621902,-1.73661281026959,0.45301094738301,-3.83348972094779,0.000126338082594066,0.00154983907051275,2.80971339500181
"LOC108177938",20.1113080385352,-1.06400199775704,0.277885413747695,-3.82892352429515,0.000128704990288122,0.00157565047334349,2.80254011573833
"HHIP",2676.16793429063,-1.02368933135537,0.267452315552125,-3.82755830414882,0.000129420733680454,0.00158225865024424,2.80072252134906
"LAMA3",2222.80955834204,-1.0066573742696,0.263128397097454,-3.82572685188657,0.000130386801115381,0.00159082512297084,2.79837755907313
"ISLR",779.83452360789,1.3624127551496,0.356263461690449,3.82417200092603,0.000131212294472937,0.00159872757710115,2.79622553365295
"GDF7",7.0162706631225,-2.11225656879194,0.553217542749462,-3.81813013067905,0.000134466995716048,0.00163560187314422,2.78632240074931
"B3GALT1",22.170040475519,-1.93701841476261,0.507332069335704,-3.81804843777947,0.000134511519705311,0.00163560187314422,2.78632240074931
"HMCN1",881.613263665021,-1.26862781082409,0.332344925263348,-3.81720229312615,0.000134973500327005,0.00163900034141035,2.78542095596421
"CENPQ",163.539685275262,-1.37726036973055,0.361155760765345,-3.8134802745827,0.000137023466589833,0.00165591040437848,2.78096316509744
"XKR8",244.674450052597,1.14043224628476,0.299093546262527,3.81296173232623,0.000137311379600821,0.00165732070519542,2.78059344389216
"LOC108178239",40.3609028227431,1.69542311665621,0.444785352753293,3.81177821203253,0.000137970648102677,0.00166416105665898,2.77880464521267
"LOC103352122",39.4888878382817,1.98508821787979,0.521180342177811,3.80883171760637,0.000139624939879238,0.00168073287736829,2.77450130446851
"TOR3A",1356.17589441117,1.71452261607883,0.450274886050063,3.80772427953757,0.000140251521182507,0.001687146058158,2.77284731841486
"C1S",24205.1174997892,1.00322237641156,0.263617496351754,3.80559860515831,0.000141461641638274,0.00169942963475131,2.76969681276487
"LOC108176172",122.81815602116,1.49402105093976,0.392762751880237,3.80387662472465,0.000142449146830182,0.00171015050506942,2.76696566700852
"FAM83G",443.411149133731,1.31063263265809,0.345093310881564,3.79790796092221,0.000145922484023939,0.00174834773663326,2.75737218435525
"LOC100342609",593.818417290708,-1.80791115775694,0.476062732356871,-3.7976321918887,0.000146084873702905,0.00174912807501534,2.75717838935724
"TNFRSF12A",895.833007535044,2.24975397548047,0.592935266701531,3.79426575180077,0.000148081006669308,0.00177184885159071,2.75157332856628
"DCSTAMP",104.789320156869,2.82729445104478,0.745777390224884,3.79107021492328,0.000149999537144589,0.00179004092634922,2.74713703947572
"MAP2K6",811.902841976143,-1.14528270195923,0.30208383644513,-3.79127435428759,0.00014987627994537,0.00179004092634922,2.74713703947572
"RNASE4",8339.12290803821,1.53113721212432,0.403984713948046,3.79008699898787,0.000150594530443342,0.00179594962565853,2.74570584896345
"TMEM51",496.050893494616,1.17945871903668,0.311262754212767,3.78927032892104,0.00015109042696931,0.00180066947555737,2.74456599740537
"BRINP1",36.5120841180532,-1.18740978210664,0.313561030367155,-3.78685380870281,0.000152566800309759,0.00181706048792763,2.74063061526987
"LOC100354991",880.300137523421,1.39337513666388,0.368049951993412,3.78583159464404,0.000153195400344363,0.00182213365065676,2.73941977137291
"SLC35D3",70.0717405566237,1.51808113392532,0.401217327939404,3.78368786244096,0.000154521592382548,0.00183547973408702,2.7362504062691
"LOC103351915",16.3948968478832,1.59342466130424,0.421428884177074,3.78100486495065,0.000156196621495325,0.00185170734408169,2.73242765096599
"CD1E",4441.45021013624,-2.6729698474154,0.707017359168239,-3.78062831520852,0.000156433069213028,0.00185328874619703,2.73205691143627
"LOC103347694",19.2517491321312,2.26787737342463,0.600019020838933,3.77967580136665,0.000157032688106515,0.00185794464664972,2.73096722899291
"ID1",1427.9793076965,1.31237183012446,0.347210243825213,3.77976126414379,0.000156978800055623,0.00185794464664972,2.73096722899291
"LOC100345312",330.613378363498,1.61164896979688,0.426452442589919,3.77919976260204,0.000157333170261259,0.0018602759592232,2.73042262638523
"PTGR1",33898.4660618396,-1.58264705872437,0.418816084339444,-3.77885930818659,0.000157548401529677,0.00186159688114962,2.73011435732159
"FAM3B",346.471260696785,2.34673214485478,0.621911724699632,3.77341679156829,0.000161026941206358,0.00189771199911871,2.72176969637872
"PRTG",100.791039483477,-1.66835272230834,0.442184400246997,-3.77297960166939,0.00016130948099014,0.00189979679510587,2.72129284930178
"CRYM",401.075902104051,1.55265114661933,0.41211858695186,3.76748633955862,0.000164899560987183,0.00193574001618375,2.71315297198564
"LOC103351791",98.2053626195438,1.17373008518183,0.311599870351426,3.76678617952595,0.000165362509258956,0.00193884020911291,2.71245798213332
"LOC100350165",39.2580141014359,2.51580503207021,0.668368653665406,3.76409787962566,0.000167151407713928,0.00195198111449824,2.70952438846691
"LRP2",732.006475721125,1.7804103184129,0.473099325184526,3.76329075869739,0.000167692040525018,0.00195702378767159,2.70840389544996
"LOC103347776",636.163176741498,1.43005717478578,0.38033044464921,3.76003865823774,0.000169887102135368,0.00197367548113854,2.704724254066
"TSPAN2",312.598628181351,-1.39286751016369,0.370625163185553,-3.75815688873329,0.000171169549669714,0.00198600850403879,2.70201889619854
"TM4SF19",52.8413108599655,1.27475853331399,0.339234674590239,3.75774833411049,0.000171449184821362,0.00198797043186807,2.70159007938138
"LECT2",5896.01804465762,-3.29894846028656,0.878291256417036,-3.75609848803975,0.000172582798695691,0.00199853770234598,2.69928765437592
"MAP7D2",206.789491551372,1.81851800419147,0.484235183401523,3.75544377303864,0.000173034606011302,0.00200119251093715,2.69871113104585
"LOC103347637",24.9761358021237,1.14346424768471,0.304594434813427,3.75405495633929,0.000173996689228529,0.00201030398647831,2.69673826612778
"LOC100345975",219.160116651379,1.14232903128382,0.304318472388268,3.75372885621734,0.000174223318659095,0.00201106043823181,2.69657487739125
"PLA2G7",2987.7770733846,1.27403489879409,0.339432432588807,3.75342712267412,0.000174433261316876,0.00201219228449179,2.69633052058251
"LOC103351799",27.4181180550748,1.8972140824004,0.505700063905382,3.75165877526046,0.000175668447587001,0.00202514189833629,2.69354454108863
"F2R",633.622243036826,1.83054598420069,0.48798485286386,3.75123525547499,0.000175965493555057,0.00202726677520445,2.69308909719958
"LOC103345342",51.9449776038289,-1.04584391985068,0.279049969125518,-3.747873268462,0.000178340318356596,0.00205199762336854,2.68782314656145
"TMEM79",640.267059550826,1.71719851535269,0.458279850168043,3.74705218814012,0.000178924870964372,0.00205734793994814,2.68669225394406
"LOC100353328",117.201555970451,1.51724940594093,0.405011791900275,3.74618575627674,0.000179543664049781,0.00206188585841077,2.68573538000032
"RFT-II",78.4387239937948,1.94906176680118,0.520566121993057,3.74411949694101,0.000181027487299427,0.00207362951056873,2.68326883516427
"ITIH2",31400.308768638,-2.10860269169143,0.563512368516717,-3.74189247565535,0.000182639663033604,0.00209076492679588,2.67969479393241
"LIPA",12238.4537810531,1.32180534366351,0.353265568212331,3.74167612867675,0.000182796997291119,0.0020912348595951,2.67959719028208
"LOC108176726",46.1088980577396,1.83112979680023,0.489469599053124,3.74104908730295,0.000183253721433941,0.00209379601414739,2.67906563127486
"LOC100352221",19.4456435285921,-1.21811143014282,0.325593292317364,-3.74120554349596,0.000183139661596726,0.00209379601414739,2.67906563127486
"LOC103346726",450.908514730605,-1.03526890410055,0.276758783994372,-3.74069031941404,0.0001835155229273,0.00209545597734893,2.67872145866467
"ADGRG5",72.8225517391022,1.16140573077955,0.310611968800441,3.73908879063742,0.000184688490624641,0.0021048401871949,2.6767808729657
"PKM",5857.11787771478,1.70418999368728,0.456216482811499,3.73548536253002,0.000187353477785796,0.00213116062270699,2.67138381686183
"GIMAP8",850.128588282371,1.23014137315947,0.329360710038948,3.73493660799434,0.000187762477626459,0.00213446295678523,2.67071137789604
"LOC108177629",37.4507093958462,-2.88075317681778,0.771472088456092,-3.73409902953571,0.000188388363207618,0.00213887394187234,2.66981481054885
"LOC108178461",69.8913137693286,-1.01676444948894,0.27243899500969,-3.73208119290257,0.000189904266047735,0.00215472449249367,2.66660825173937
"LOC103352280",29.3247002516944,1.92589076258454,0.516246540802477,3.73056400453715,0.000191051598751347,0.00216501068175439,2.66453995657826
"NR1D2",5996.35898948645,-1.26510815692627,0.339722835033646,-3.72394206824801,0.000196135951327395,0.0022128663417013,2.65504481689723
"LOC108176163",413.783682981136,1.64939400760644,0.442998099464886,3.72325301078899,0.000196672254448162,0.00221752590846128,2.65413129738754
"BEX3",619.03377257316,-1.09030247404445,0.293021406168365,-3.72089700988595,0.000198516391336759,0.00223485586047042,2.6507504819374
"HK2",337.41836715309,1.77332788804387,0.476926580729923,3.7182408355807,0.00020061496534513,0.00225350377062262,2.64714171091928
"ARL11",83.3231718670502,2.00293190379849,0.538976135326048,3.71617920074855,0.00020225815672237,0.00227054350218171,2.64387017287489
"SERTAD4",182.706328149114,-1.96845186996548,0.529779643600093,-3.71560495716475,0.000202718094309175,0.00227286920701758,2.64342555517026
"AKR1B10",43570.5755696254,-1.22309036022117,0.329190975941678,-3.71544316098709,0.000202847861473893,0.00227290712819096,2.64341830934243
"GIMAP2",316.086544873398,1.63773863959642,0.441238984879912,3.71168164128142,0.000205886840663459,0.00230122370571264,2.63804116080369
"LOC100345995",71.8377976108533,-2.83986823301327,0.765357120621013,-3.71051389802056,0.00020683894026462,0.00230933364299859,2.63651331747456
"ERC2",74.9030856529875,-2.28724296978971,0.61642831508346,-3.71047681266886,0.000206869244821549,0.00230933364299859,2.63651331747456
"LOC100349694",2141.6353079913,-2.09240407270964,0.564114403498316,-3.70918391683272,0.000207928354558421,0.0023182786908733,2.63483435671016
"DHRS7C",32.7098704518585,2.06103656166398,0.556195885505302,3.70559476503774,0.000210895258040197,0.00234844601894421,2.62921941799897
"EPHX4",25.7849654956233,1.5200584411856,0.410342492946327,3.70436517620032,0.00021192078467604,0.00235840556411751,2.62738150920152
"IL2RG",3076.98342842003,1.27927842288332,0.345369235188663,3.7040891096872,0.000212151678144742,0.00235951501530924,2.62717725458075
"LOC103348488",16.5321018502692,-3.38110435700807,0.913308865866093,-3.70203825165078,0.000213874363114532,0.00237134189041414,2.62500582669829
"LOC103350395",32.5143335600709,1.96414921145611,0.530815728773305,3.70024681822294,0.000215389875650702,0.00238373632227829,2.62274178589187
"GLIPR2",835.045435883484,1.50696586085309,0.408073778286967,3.69287599702952,0.000221732157384346,0.0024483634021515,2.61112412090723
"FAM131C",215.541914871575,2.65754790884306,0.719858108041307,3.6917663066602,0.000222702047846186,0.00245559388624513,2.60984345656447
"TCEA3",952.431234342563,-1.84822932835731,0.50072309516843,-3.6911205937797,0.000223268244645743,0.00245882186877467,2.60927293291659
"LOC103348386",28.6278526510312,1.05541078590768,0.285954519331447,3.69083443190615,0.000223519599100023,0.00246008351910332,2.60905014847793
"LOC100350385",963.229332933795,2.95480981883207,0.801398846701472,3.68706522475539,0.000226855226029106,0.00248766121030941,2.60420876566597
"SPECC1",575.877298744293,1.16210298315226,0.315404177994856,3.68448823519138,0.000229162609622406,0.0025099027840739,2.60034309969741
"SBSPON",76.7395192685258,-1.88529838288734,0.513086084088691,-3.67442899223408,0.000238381925673594,0.0025948927464112,2.58588058795209
"ASB9",326.916666876684,-1.68551536860252,0.45873198855527,-3.67429220253612,0.000238509659131323,0.0025948927464112,2.58588058795209
"CHST13",32.2777088747513,2.086078175423,0.568191000160564,3.67143825726473,0.000241189348845067,0.0026192930251387,2.5818159135327
"LOC103344989",11.7719455116454,-1.70697868423999,0.465023708418663,-3.67073474607276,0.000241854231068722,0.00262492848010857,2.58088252506463
"LOC100340803",999.404638046578,1.07009060304001,0.291545673648686,3.6704046732982,0.000242166772220198,0.00262673536285165,2.58058367911439
"SALL2",63.6303119900638,-1.46556375227797,0.399581656789716,-3.66774532157575,0.000244698733748313,0.00265259917283283,2.57632837013768
"CLEC1B",405.474431462951,1.23255875840811,0.336175087720314,3.66641908764386,0.000245970697778446,0.00266189975985033,2.57480830294231
"HP",221549.081837355,1.39989937311802,0.381994373324241,3.66471202425217,0.000247617037697824,0.00267456144501962,2.57274742023057
"CXHXorf21",146.35087567179,2.15241719997874,0.587484965763235,3.66378260792158,0.000248517732947279,0.00268106953168798,2.5716919227434
"LOC100351389",1042.942506811,1.23240590786503,0.336844378615374,3.65868034648801,0.000253517309786359,0.00272682733205615,2.56434236154843
"LOC103347778",2665.54912850276,1.62929368469899,0.445380715818613,3.65820437848175,0.000253988477646583,0.00273026227256196,2.56379563205984
"SELPLG",1891.00568433095,1.30184860427967,0.355947408611744,3.65741840727848,0.000254768320404331,0.0027370092438181,2.56272373582612
"PTPRD",413.178511263794,-1.14043728647737,0.312236843269821,-3.65247507159768,0.000259724816298051,0.0027852660085296,2.55513332094997
"IL7",357.727751823236,1.04386718133262,0.285899165139973,3.65117254127537,0.000261045784582094,0.0027977636411945,2.55318897807179
"ST8SIA1",734.998928164808,-1.60048513567852,0.438915029858574,-3.64645780344824,0.000265880114652062,0.00284449017364824,2.54599556217314
"LOC100348971",20.5666566634177,-1.43099794914358,0.392681797265946,-3.64416675055205,0.0002682594645716,0.0028648326667789,2.54290073984559
"NRROS",1246.99695503527,1.26006811372885,0.345793089533049,3.64399449228559,0.000268439166055903,0.00286505042275927,2.54286773036905
"EFHD2",8133.35520687716,1.05862385200612,0.290603083364426,3.64285141007458,0.000269634502276402,0.00287610135761495,2.54119581290765
"NAP1L3",17.8504924787618,-1.36805305440822,0.375874952421856,-3.63964942487792,0.000273009477061535,0.00290520854170097,2.53682268762501
"LOC103349179",43.2164273106491,1.05903736777954,0.291004632651443,3.63924573341079,0.000273437777779015,0.00290804553257114,2.53639879781658
"CYTL1",83.074278592959,1.38657700200497,0.381178707558078,3.63760350332188,0.000275186619295656,0.00292146172456498,2.53439979921136
"HCLS1",4735.97824414661,1.35612824557639,0.372796599310623,3.63771624549191,0.00027506622372032,0.00292146172456498,2.53439979921136
"TRIM2",1645.79801613007,-1.02228794047847,0.281361543751288,-3.63336057532488,0.000279753643605952,0.00296295025124231,2.52827564038371
"ETV1",426.820830812098,1.09644377638498,0.302019251017207,3.63037711236,0.000283007423915834,0.00299015824040443,2.52430582802473
"PLAT",779.209578669131,1.81912832301851,0.501392102675294,3.6281551171471,0.00028545374598706,0.00300655006085951,2.521931560495
"COL3A1",14930.8413182208,-1.11086656183311,0.306197187038629,-3.6279450264609,0.000285686069200496,0.00300655006085951,2.521931560495
"LOC100009134",671.921458394709,1.87479693414157,0.517404101256104,3.62346747849528,0.000290679767238783,0.00304460392196988,2.51646919751099
"PGLYRP1",771.493143946033,1.93724655557432,0.534725499861732,3.62288044253593,0.000291340503925074,0.00304974832513884,2.51573599852641
"LOC103345772",327.068819250689,1.18362754199052,0.326822676308527,3.62162000311493,0.000292763944380675,0.0030615987174616,2.5140517327144
"TPMT",2222.65779306821,-1.33991461852511,0.370032173798376,-3.62107598582821,0.00029338032487017,0.00306574768301286,2.51346359128999
"SERPINA11",3357.60437743782,1.92692739755789,0.532184905448981,3.62078551613978,0.000293709929368341,0.00306740962239271,2.51322822438722
"GAREM2",35.2875761292914,1.89249841428166,0.522723568733865,3.62045740326124,0.000294082665890263,0.00306951982784126,2.51292955691009
"LOC103350994",178.268146865184,1.74783696884174,0.483323132613812,3.61629073988128,0.000298854700609311,0.00311030262485986,2.50719735312342
"NECTIN2",1466.74376269754,1.65098830449355,0.456798249028228,3.61426145569906,0.000301204990026978,0.00313294999458946,2.50404653689205
"PLPP2",2554.35858232151,1.16308518809626,0.321868605307648,3.613540335767,0.000302044341728775,0.0031398644171389,2.50308910484389
"LOC103349154",24.2624772237345,-1.63478223731022,0.452555199195398,-3.61233776612602,0.000303448953569307,0.00315082331465959,2.50157594960917
"LOC103345386",22.9542593517128,1.29586339296536,0.358817969254083,3.61147853230211,0.000304456290220066,0.0031558166705001,2.50088823401229
"LOC108178115",48.7548574372888,1.28303460324383,0.355326497505374,3.61086103133759,0.000305182160376942,0.00315857015191171,2.50050947297261
"HPX",155338.484939923,1.8841691805362,0.522455653849016,3.60637150092112,0.000310508511741125,0.00320377801213563,2.4943375835505
"BPIFA3",85.3043462450696,2.01629285017727,0.559146799777189,3.60601697261028,0.000310932808772929,0.00320493429248602,2.49418086995274
"LOC108177747",52.1400607612594,1.16270944791722,0.322649166561327,3.60363381783669,0.000313799071068181,0.00322625588898586,2.49130118971604
"FBN3",9.54201735902205,-2.79043898761896,0.774834434469093,-3.60133579960334,0.000316586348468537,0.00324785447282269,2.48840343850291
"LOC100343870",9.26020562987713,2.16035518474695,0.600041759732097,3.6003413924249,0.000317799639589725,0.00325658616432,2.487237426566
"LFNG",301.840626727954,1.24904397432254,0.347058378601257,3.59894487883145,0.000319510896928848,0.00326667650390472,2.48589387119499
"GRID2",11.8274048481314,-2.19367914508443,0.609901556769342,-3.59677577592093,0.000322185980113988,0.0032902854437081,2.48276642385857
"LOC100353409",19.2273357738578,-1.54693571575671,0.430284994220937,-3.59514214191352,0.000324214510983811,0.00330683961318857,2.48058686852637
"LRRC32",503.815167730975,1.21554159123274,0.33810378430782,3.59517298429904,0.000324176102634263,0.00330683961318857,2.48058686852637
"FREM1",141.412726715439,-1.76508584565281,0.492060735222498,-3.58713004169024,0.00033433760608737,0.00339318708119372,2.46939219514702
"LOC108178266",4.59068283970637,2.26515080645392,0.631798086981874,3.58524480071575,0.000336762168896974,0.0034158662410847,2.46649914380744
"ZFYVE28",145.090524109918,1.18006905024973,0.329207168637685,3.58457883870833,0.000337622571472501,0.0034226630920865,2.46563584829094
"TLDC2",527.907677011921,1.11724186562566,0.31181870913802,3.58298534656284,0.000339689670237592,0.00343974044456805,2.46347432712169
"PKD1L1",7.4170335236702,2.39619919360629,0.669124463926515,3.58109637711504,0.000342155402265216,0.00346275900638022,2.46057773248784
"LOC100348776",66.2153930487075,1.71769565477448,0.479907692083179,3.57922092750446,0.000344620043106093,0.00348182407596628,2.45819317600077
"LOC100339259",2805.75984306184,-1.15944089183602,0.324143935379145,-3.57693223684672,0.000347650248418883,0.00350456393921816,2.45536601209753
"LOC100345425",35.332844866041,1.05154397436417,0.294124214176118,3.5751696857387,0.000350000817511866,0.00352430834385969,2.45292610191192
"LOC100343388",501.63487918856,-3.22199997491059,0.901394760759098,-3.57446050850931,0.000350950775870014,0.0035263114039905,2.45267933836028
"NPHS1",20.2140082426197,-2.40368073077568,0.672394790766932,-3.57480570013645,0.000350488083329846,0.0035263114039905,2.45267933836028
"LOC108176575",7.78274095509286,-1.87133651990064,0.523576216698377,-3.57414347752675,0.000351376225308661,0.0035263114039905,2.45267933836028
"S100A6",9757.2693679543,1.66623740405878,0.466271289823229,3.57353635196041,0.000352192322840817,0.00353056116720694,2.45215625992325
"SLC25A51",2656.86014493372,1.19912257334731,0.335555276662458,3.57354706286896,0.000352177909899995,0.00353056116720694,2.45215625992325
"ADAM15",1530.21859403266,1.31140344601418,0.367198621221454,3.57137355704634,0.00035511397815732,0.00355192980154686,2.44953562597398
"MPDZ",3446.75962682439,-1.05826011721894,0.296368722471303,-3.57075506617068,0.000355953637608346,0.00355834920441828,2.44875143396146
"ETS2",4056.37548366517,1.39073729556905,0.389671346969621,3.56900066269813,0.000358345519232044,0.00357828196439149,2.44632544052814
"BMF",341.026869523056,1.26336484739622,0.354084729206649,3.567973265119,0.000359753200442909,0.00358835360885484,2.44510476662921
"LOC103347768",110.038399568753,2.6596588458624,0.745853780126102,3.56592527480752,0.000362574679975408,0.00361355003587313,2.44206592734333
"RIC3",132.70479707631,-1.24560385364362,0.34955349305575,-3.56341412226986,0.000366062489160782,0.0036411879452807,2.43875690373793
"SLC2A12",258.781255956038,1.2261557667953,0.344140744777622,3.5629485476578,0.000366712575892005,0.00364362373748166,2.43846647724582
"CSF3R",430.376084835101,1.75419423181718,0.492642763137077,3.56078351917061,0.000369749833204286,0.0036697466889326,2.43536391269493
"LOC100346096",18.7172734001032,-2.23190691031233,0.626941885627842,-3.55999010670218,0.000370868765639503,0.00367679376034224,2.43453073000531
"SLAMF8",490.122485625203,1.39781526456375,0.392639857303963,3.56004424553778,0.000370792314292055,0.00367679376034224,2.43453073000531
"LOC100341106",12.7053963625223,2.57967552236987,0.724857356387599,3.55887334195786,0.000372449079252705,0.0036863644696096,2.43340172844545
"CEP68",646.331115439261,-1.04377248246609,0.293312153354071,-3.55857222597287,0.000372876259293932,0.00368856251217936,2.43314285190616
"GCSAML",218.386740235494,-1.04876716837128,0.29475731632267,-3.55807001317381,0.00037358974570142,0.00369358877773191,2.43255145797622
"WFDC1",200.282705933587,1.61324892869298,0.453566083042117,3.55681121011682,0.000375383721292866,0.00370928617787413,2.43070965880484
"LOC100346415",442.553519457069,1.22207534406977,0.343641956687531,3.55624602958768,0.000376191801540667,0.00371522974130003,2.43001432529671
"ADGRG6",542.486929994383,-1.13970335221904,0.320605394761563,-3.55484770637328,0.000378198080865285,0.00373094585094969,2.42818105404264
"DTX2",1136.47753365752,1.0448726894148,0.293920729828932,3.55494724724909,0.000378054932119808,0.00373094585094969,2.42818105404264
"LOC103349044",98.0810928076173,1.90146239857136,0.535282158446759,3.55226186519812,0.000381934554242843,0.0037595572104561,2.42486330198176
"LGALS1",3488.34546065437,1.20767988788326,0.340081870021856,3.55114457529197,0.000383559659641682,0.00377348846772211,2.42325697293171
"HLF",1190.5054603339,-1.42728916940455,0.402440085625614,-3.54658797765078,0.000390254413720008,0.00383306137429854,2.4164542268438
"CNDP1",73.6717403608299,-1.36987155201375,0.386309521678275,-3.54604656406734,0.000391057100392197,0.00383675444269137,2.41603599532781
"LOC100348995",652.870411651593,1.24678860967219,0.35158608375929,3.5461830466697,0.000390854609283041,0.00383675444269137,2.41603599532781
"SEMA4D",7677.27513022259,1.0957621566714,0.309113818760822,3.54485011722898,0.000392836398285922,0.00384372676103048,2.41524749259413
"LOC100343422",8.42999420852535,-1.82937474955671,0.516523127003904,-3.54170927479667,0.0003975433675294,0.00387712577095919,2.41149011058742
"LOC108176196",4.31870221255438,2.08152535486773,0.587788092006157,3.54128534275568,0.000398182707009102,0.00388125626170823,2.41102768182282
"NEURL1B",201.044053980528,-1.08479209501219,0.306402641209755,-3.54041365547359,0.000399500333708159,0.00389199024994991,2.40982825637857
"GRIA3",11.0048518920856,-2.02622906544445,0.572467896628752,-3.53946322121618,0.000400941634453083,0.00390180430411485,2.40873451653411
"LOC100338493",707.162722886615,-3.15237715370138,0.890711154142724,-3.5391688304784,0.000401389052295075,0.00390193552241872,2.40871991138669
"LOC103346900",142.429874937146,1.64126386455593,0.464161615752611,3.53597498986364,0.000406273154378023,0.00393876895327998,2.40463949399627
"GSTP1",10569.8135375215,1.08601009902377,0.307161339624304,3.53563407540837,0.000406797755768007,0.00394172997830379,2.40431312966318
"DUOXA1",22.4936238175895,3.55864537376927,1.00711005833452,3.53352182744979,0.000410062228240212,0.00396694949578912,2.40154332860065
"LOC100349084",1019.91933925424,1.05840488828194,0.299564086097323,3.53315012513912,0.000410639218696158,0.00397039554249016,2.40116622538705
"LOC103348527",32.9930243528931,-1.8255397594865,0.516956183695856,-3.53132396334876,0.000413484985717837,0.00398719248426251,2.39933279798816
"SLC6A9",242.003188492995,1.24561873805225,0.352771876388481,3.53094682831389,0.000414074977559105,0.00399074190590726,2.39894635852637
"ADCY2",80.9014098809535,-1.01679544252353,0.288030071659366,-3.53017112645805,0.000415290961805706,0.00400031743819701,2.39790554462522
"GRAMD2",9.41037842834224,1.72203406003536,0.488093656042815,3.52808121702837,0.000418583704861239,0.00402919110750322,2.3947821332158
"MVP",6850.07547786139,1.20576326203866,0.341771126182312,3.52798457701038,0.00041873655359895,0.00402919110750322,2.3947821332158
"DLG2",440.941005852515,-1.64690076233274,0.466997417382699,-3.52657359769321,0.000420974144977488,0.00404855562741986,2.39269988911214
"RNASEL",354.507559923655,1.63847582791793,0.464829321301644,3.52489774812349,0.000423646284548188,0.00406644366490271,2.39078523988698
"GLIPR1",945.086273266597,1.06825582429461,0.303065052701698,3.52484001296604,0.000423738624779119,0.00406644366490271,2.39078523988698
"SULT2A1",15696.7357702337,-2.46268013419863,0.699213059406666,-3.52207399599829,0.000428184609156135,0.00410691840590077,2.38648392539545
"LOC103350741",20.4177011189318,-2.91608310742133,0.828205976378111,-3.52096361363374,0.000429981614522853,0.00411975991240223,2.38512809264576
"SPRED3",48.0157108430305,1.13584617845786,0.322720226734632,3.51960021208044,0.000432197728397272,0.00413658538983318,2.38335800628146
"CYSLTR1",242.355867226862,1.1544106194729,0.328019750581892,3.51933265428385,0.000432633874627776,0.00413855723473719,2.38315103428931
"WDFY4",1549.61039923731,1.19126624233353,0.338572871781529,3.51849289065965,0.000434005444374126,0.00414947044743449,2.38200732411478
"ROR1",67.5629011207674,-1.56136567668493,0.443880035856284,-3.51753976425843,0.000435567085337142,0.00415868661112229,2.38104380581645
"PPP1R15A",581.495494864478,1.26109225392804,0.358494168920061,3.51774830181197,0.000435224961313575,0.00415868661112229,2.38104380581645
"B4GALNT3",814.202522849414,1.15898425019052,0.32949265865512,3.51748125412297,0.000435663121405382,0.00415868661112229,2.38104380581645
"H6PD",2868.05661532149,1.26447277366244,0.35966737916734,3.51567266564402,0.000438641429581699,0.00417219336440518,2.37963557197414
"BCAR1",3028.16363610095,1.30666366147125,0.371754264310524,3.51485856899223,0.000439988243680508,0.00417820858088987,2.37900988334365
"RNF150",168.957786418417,1.14668568479009,0.326303121036416,3.51417320541694,0.000441125077870653,0.00418573003239647,2.37822878584478
"LOC100346939",30.1114586861299,2.03179010580905,0.578415433584684,3.51268307834941,0.000443606266467673,0.00420106113541582,2.37664099839999
"PLCB2",1207.64297103008,1.15277418634717,0.328364903081981,3.51064981527384,0.000447012840795472,0.00422664507301039,2.3740042199507
"CD101",386.143400892742,1.41812831757484,0.404004466167867,3.51017980327375,0.000447803776112265,0.00422967600294273,2.3736928987061
"CTSE",5610.36488616973,1.60533749140296,0.457382536375082,3.50983556155384,0.00044838389386315,0.00423201652262681,2.37345264539829
"FAM64A",105.874194926105,-1.89230774720768,0.539401463592158,-3.50816205541195,0.000451214100821867,0.00425518321404324,2.3710817359002
"USH2A",52.727041918069,-3.04773086828465,0.869735927239979,-3.50420256635405,0.000457976847332206,0.0043076650744887,2.36575807091629
"COL4A6",134.730171108518,-1.03123239072055,0.294278666768705,-3.50427165531189,0.000457858037997065,0.0043076650744887,2.36575807091629
"LOC108178646",21.4527903500708,1.47548246587654,0.421203831548645,3.5030129247676,0.000460027141025158,0.00432017133378404,2.36449902914771
"ARID5A",666.054768426283,1.40636625835748,0.401525927311779,3.50255403872202,0.000460820296988791,0.00432261256860197,2.36425368809774
"UBTD1",565.83769530935,1.38287380166557,0.3955067970378,3.49646026825021,0.000471474699457385,0.00441155098597378,2.35540869710162
"SEZ6L",27.882327655357,-1.05722028817082,0.302434332642828,-3.49570195596605,0.000472816500308158,0.00441721139820359,2.3548518158477
"DOK6",12.8391124461561,-1.88104971744325,0.538272231163023,-3.49460664797614,0.000474760890268401,0.00443077314508922,2.35352048521056
"CLEC12B",35.9126201887958,-2.53995462947213,0.726862412412385,-3.49440910150006,0.000475112367586342,0.004431753536656,2.35342440005006
"MS4A3",49.0613120484096,1.74764366276028,0.500146664108453,3.49426235977316,0.000475373609517911,0.0044318916503733,2.35341086565783
"LOC103348070",31.0935500478435,1.07673992553611,0.308177502497969,3.49389529348662,0.000476027678625481,0.00443569003751329,2.35303880961505
"KCNQ3",5.40955861500656,-2.6794934040937,0.766994726051158,-3.49349651709989,0.000476739202723868,0.00444001958663182,2.35261511404138
"CD1B",18232.5450299063,-1.81626767368849,0.519932674295205,-3.49327473244595,0.000477135355237042,0.00444140902100568,2.35247922966667
"SIGLEC15",117.192333524947,-1.20598193523583,0.345300663277191,-3.49255609239223,0.000478421102993687,0.00444877203528359,2.35175984787186
"KCNMB2",9.02177266932313,-2.36420498853856,0.677655821007994,-3.48879905587156,0.000485195741636725,0.00450006535627164,2.34678117874421
"TMED3",2503.76410399985,1.35103932262919,0.387280680450179,3.48852754818218,0.000485688770936569,0.00450006535627164,2.34678117874421
"S100A11",2539.56082662412,1.28501514804387,0.368293901095416,3.48910243754201,0.000484645384743822,0.00450006535627164,2.34678117874421
"ARNTL",1294.79047087282,1.15271673964892,0.330710113378842,3.48558055232027,0.000491070347051799,0.00454524401512071,2.34244279636375
"BCL3",812.594159349315,1.74693799447653,0.501230047404051,3.48530181605073,0.000491582221769202,0.00454764129439163,2.34221379860394
"PLD3",6840.88493902032,1.25675921085057,0.360788907131033,3.48336433302295,0.000495154011888285,0.00457127810564626,2.3399623564675
"LOC100343221",10.5136656767339,1.79316623141573,0.514839654931184,3.48296059606251,0.000495901349621688,0.00457582856418493,2.33953025498059
"PLAU",1062.56486025486,1.11471491629947,0.320156940873392,3.48177651016567,0.000498099223091656,0.00458904530127067,2.33827765509794
"TMEM140",1412.24375074251,1.1409985813783,0.3277365899934,3.48145009198173,0.00049870670823452,0.00459228952426503,2.33797073933244
"LOC103352208",55.653281333872,-2.96145193934049,0.851442258528093,-3.47815945201031,0.00050486950305299,0.00463479997085502,2.33396900443825
"LOC103345692",51.3388825647942,1.04445220582083,0.300313849981229,3.47786892241606,0.000505417011596811,0.00463745894722298,2.33371992192104
"SLC18A1",1709.43419239088,2.82519018441481,0.813732082605952,3.47189234000363,0.00051680354765745,0.00471375958685764,2.32663257131607
"FAM129B",2513.52215613436,1.18929355446633,0.342678407474133,3.47058212168242,0.000519331512429368,0.00472894071874925,2.32523613019719
"SLC16A4",29.6189102157795,-1.53451149017197,0.442609618439571,-3.46696372207617,0.000526372926296804,0.00478820976556486,2.3198268319432
"GRIP2",234.846557524645,-1.76499789360987,0.509192811966129,-3.46626631824346,0.00052774026138114,0.00479337417205981,2.31935866854248
"PRKAA2",711.354459338415,-1.51318275893567,0.43652851175361,-3.46640074632687,0.00052747644344845,0.00479337417205981,2.31935866854248
"TOR4A",442.318752239715,1.41363310602006,0.407960369659026,3.46512360306364,0.000529987834257868,0.00480893098450731,2.31795145566953
"LPCAT2",316.228422252928,1.25727328084369,0.36329009487968,3.46079702850167,0.000538578717562866,0.00487196737524885,2.31229562858471
"MCAM",1123.70629881394,1.1693313868242,0.337904756719427,3.46053544252156,0.000539102261829694,0.00487196737524885,2.31229562858471
"SPINK8",577.154283500547,-1.13711360364579,0.328680512529347,-3.45963195351981,0.000540914175129917,0.00488100350954764,2.31149088007619
"ZBTB8B",23.7788129178403,-1.09559285519559,0.31666404651393,-3.45979553806844,0.000540585692384604,0.00488100350954764,2.31149088007619
"LOC100353815",16.0239962617903,-3.09209835338575,0.89401712958554,-3.45865672039105,0.000542876335034824,0.00488753686912537,2.3109099534841
"SYN1",33.9407458472918,1.63540053053834,0.472851022833092,3.45859573431781,0.000542999258480455,0.00488753686912537,2.3109099534841
"EXOC3L1",292.674148839679,1.13934612830087,0.329474912748308,3.45806640875034,0.000544067256148595,0.00489225276728817,2.31049111242837
"BDKRB1",7.86419559394016,2.36317633293525,0.683575536589559,3.45708148762231,0.000546059699801042,0.00490526355705392,2.30933765325872
"LOC108177988",19.1847844965404,2.87461663152414,0.83188391877257,3.45555018753769,0.000549170943390798,0.00492669799851712,2.30744405871096
"ATP8B4",324.303207817083,1.31142878052662,0.379563360706412,3.45509845335412,0.000550091910991278,0.00493163156892679,2.30700937602578
"TXLNB",117.145689231352,1.10519207309339,0.319898358173235,3.45482258616312,0.000550655039254026,0.00493422034177599,2.30678146062642
"CLDN11",62.1055273634776,-1.72874017099837,0.501482040396913,-3.44726237779146,0.000566298321164042,0.00504639481686883,2.29701877441302
"TRIM46",50.6327554219607,1.11114606892217,0.322527541875673,3.44511994994365,0.000570806029666206,0.00507315516164522,2.29472185465168
"SPAG1",459.854673997004,1.03369515482677,0.300063999893212,3.44491560198705,0.000571237722549576,0.00507315516164522,2.29472185465168
"BMX",56.2767181130351,1.01611562166124,0.294932565633103,3.44524728722325,0.000570537178440609,0.00507315516164522,2.29472185465168
"CKAP4",1731.21665953909,1.10200770440652,0.320185221338567,3.44178191547838,0.000577895948938822,0.00512469464778884,2.29033200670754
"LOC100338513",12.4283959252195,-1.81062400302914,0.52613086194735,-3.44139478214136,0.000578723497662852,0.00512950388465684,2.28992463694959
"LOC108176783",12.5142437405957,1.0677139177246,0.310445007083676,3.43930130413343,0.000583217732273169,0.00516069140083066,2.28729211010723
"KERA",23.5460269106507,-1.88808061439945,0.549134182517503,-3.43828644165538,0.000585408092143042,0.0051759976052608,2.28600593327101
"SLC6A6",4098.66229504678,1.27980595097319,0.372257857311212,3.43795550809087,0.000586123994439789,0.00517978079410573,2.2856886190047
"LOC108176599",40.2415375897525,2.18315381539663,0.635944066406465,3.43293369766464,0.000597088090926197,0.00526632281864479,2.27849252273489
"LOC108175897",33.530096592484,1.45806177585974,0.424772936908478,3.4325674946987,0.000597895042283291,0.00527085511785427,2.27811892125064
"HINT3",3189.10709398005,-1.0686533483066,0.311341404190738,-3.43241642108064,0.000598228238205159,0.00527120854281312,2.27808980161821
"PAPLN",221.578083145412,1.20695925145835,0.351654595558336,3.43222942826047,0.000598640894006115,0.00527226142889616,2.27800306307413
"LOC100342234",8.99647744992031,-1.53629952352894,0.447800410741242,-3.43076845549542,0.000601874102163438,0.00529296031946566,2.27630136183751
"ZYX",4913.16601220551,1.32895671044487,0.387569918759307,3.42894700058029,0.000605927838397077,0.00531972809993543,2.27411056464393
"GC",95826.9766728021,-1.1655036580397,0.340170182518069,-3.42623697765687,0.000612006173867525,0.00535635972300926,2.2711302642829
"KEL",762.227891496319,-1.13419962249402,0.3310132257438,-3.42644805187292,0.000611530723622892,0.00535635972300926,2.2711302642829
"LOC100349626",67.4646532555697,1.03351015035359,0.301642367477887,3.42627648428519,0.000611917157986074,0.00535635972300926,2.2711302642829
"IKBKE",2970.37763237639,1.27471913104543,0.372204005848949,3.42478616837549,0.000615283479479788,0.00537931847105713,2.2692727434801
"C12H6orf25",51.2296245360002,1.58750466294688,0.463688605755335,3.42364389213507,0.000617875306904979,0.00539479066818906,2.26802540240167
"SLC28A1",718.747327751344,1.70568540607916,0.498554658223197,3.42126059388967,0.000623315758818234,0.00543632910115768,2.26469426009067
"MAOB",17222.6521178351,-1.10068292663158,0.321717370945041,-3.42127291230291,0.000623287524844842,0.00543632910115768,2.26469426009067
"SH2D2A",1245.05439029291,1.22384655157222,0.358012823857749,3.4184433350312,0.000629804302492276,0.00548233011802577,2.26103481700513
"GDF6",7.2219724966093,-2.3747075004932,0.694841966227319,-3.41762244642015,0.000631706713345167,0.00549352685338466,2.26014874823051
"CALB1",13.914172269739,-1.79680437252762,0.526376242079631,-3.41353622919743,0.000641256319355521,0.00556044052424768,2.2548908002037
"CASZ1",484.592299049595,1.09864127984801,0.321932015286065,3.41264996235858,0.000643345192663296,0.00557317916418917,2.25389699520542
"FABP4",4776.11386867622,2.74831009876116,0.805622611060508,3.41141132464409,0.000646275186175869,0.00559586564669563,2.25213272119936
"UBE2QL1",361.501870328579,2.64088878971971,0.774295494595842,3.41069889745151,0.000647966047584005,0.00560588433452748,2.25135586722409
"SPIC",496.929492416777,1.34918637067142,0.395956830189158,3.4074077470185,0.00065583074153134,0.00566768863801039,2.24659401631241
"LOC108178941",111.697119351698,3.09517246815198,0.909732998288236,3.40228668628696,0.000668244989079037,0.00575836985318514,2.23970044434871
"TAC4",19.3992413742401,2.46183071564185,0.723945219646341,3.40057596739777,0.000672440484222627,0.00578897542760159,2.23739829387415
"CA5A",1515.0362418441,1.89278663347521,0.557248755114473,3.39666372711122,0.000682127364245243,0.00586394766662832,2.23180991425301
"HYAL2",1870.11208157738,1.1932774941872,0.351505816720807,3.39475888427472,0.000686890648440341,0.00590207425778839,2.22899533066377
"AHSG",257973.43707838,-1.36207083978559,0.401271191224235,-3.39438980314051,0.000687817147466251,0.00590721278893651,2.2286173847548
"TMEM89",140.5768929763,1.19386275384462,0.351751042247022,3.39405605230934,0.000688655957309384,0.00591159366885535,2.22829542465358
"BTK",2378.11623231689,1.0426508997021,0.307414965094017,3.39167255368725,0.00069467405819959,0.005954727484586,2.22513810901725
"LOC103347389",405.071441633745,1.37083101882756,0.404321937724806,3.39044432399952,0.000697794266532048,0.00597862414926743,2.22339874797303
"LOC100354805",15.5970953645502,-1.44768825716962,0.42704001827902,-3.3900529112092,0.000698791349397752,0.00598431601312818,2.22298548079633
"LOC108178665",38.7233702754327,2.46224458007047,0.726878049256539,3.38742459287207,0.00070552108600124,0.00602759677465383,2.21985580818224
"ARL14",777.677484554569,-1.20003980123877,0.354251262655961,-3.38753852912647,0.000705228110969628,0.00602759677465383,2.21985580818224
"LOC103351740",385.237247286615,-1.16312452167333,0.34346830438073,-3.38641006124402,0.000708134838534687,0.00604418459240997,2.21866228056053
"HKDC1",1318.90601500096,1.01085032141845,0.299013218840987,3.38062084792317,0.000723222639206582,0.00614090460032633,2.21176764938117
"VSNL1",49.7627658235654,-1.4573360110571,0.431103771461388,-3.38047613482227,0.000723603587271041,0.00614123969489495,2.21174395161007
"LOC103347295",56.8901254524935,2.47620079509525,0.732600152620719,3.38001676117207,0.000724814094713999,0.00614281653126134,2.2116324556475
"SMAD6",171.789905039557,1.08716319742277,0.321619860420109,3.38027383011324,0.000724136454053819,0.00614281653126134,2.2116324556475
"LOC103352030",18.2755573560538,-2.03852742515315,0.603148385830156,-3.37981079456489,0.000725357453270164,0.00614452587829046,2.2115116223603
"CA1",281.530450376191,-1.68883780511413,0.499867098274072,-3.37857364676592,0.000728629131674508,0.00616643120189852,2.20996610950614
"LOC108175606",64.1432277797852,1.47017856644888,0.435278301109715,3.37755997186339,0.000731320040346383,0.00618629332341927,2.20856949174922
"SYPL2",17.1296229639749,-2.34015771153658,0.693096520531911,-3.37638069477055,0.000734462173227122,0.00620995191505245,2.20691176264278
"PLA2G2E",10.0777826221905,2.24315769860153,0.664496368930852,3.37572604378664,0.000736211870702102,0.00621769262501653,2.20637075134377
"LOC100353142",146.036045085022,-1.53168659865042,0.453731425060686,-3.37575603992066,0.000736131614933425,0.00621769262501653,2.20637075134377
"AKR1D1",6575.26846169017,-3.0648746146699,0.908099304125565,-3.3750434569721,0.000738040355166732,0.00622849260784538,2.20561704664844
"LOC100351979",849.398122710158,1.1028522136732,0.326821420168289,3.37447959532553,0.000739553984077343,0.00623541436926719,2.20513468054846
"CCNA1",5.42264512867834,-2.02888953220022,0.601603083757541,-3.37247196195873,0.000744966710111625,0.00627222907989114,2.20257808834724
"PPM1E",33.369326449246,-1.08527943450108,0.321864325549069,-3.37185375437214,0.000746640837292148,0.00628338269436686,2.20180648843139
"TBXAS1",576.494917470971,1.29104541098886,0.383093721444469,3.37005108337701,0.000751542500979857,0.00631576651290736,2.1995739337667
"AKAP6",95.5096285811622,-1.38406740758715,0.410869765173875,-3.36862802986107,0.0007554330302292,0.00634253390085992,2.19773720279491
"SPX",296.378169658438,-1.28787727127109,0.3823086589225,-3.36868454641034,0.000755278161966632,0.00634253390085992,2.19773720279491
"ORM1",49405.3248248118,2.44781299439604,0.726797452891847,3.36794382624273,0.000757310245356865,0.00635531535699635,2.19686289445611
"LOC100343635",13.7679565026547,-1.35184779773374,0.401433334749331,-3.36755241957641,0.000758386074962904,0.00635531535699635,2.19686289445611
"COLEC10",696.3269082482,-1.69270876566309,0.503007898415469,-3.36517333225842,0.000764955877594589,0.00639858907100516,2.19391578011462
"FBXO32",1248.36165168366,1.11692372487935,0.332309596194753,3.3610938042992,0.000776344543733974,0.00647172525205162,2.18897992836282
"THEMIS2",634.501232222967,1.08777127845011,0.323641620042309,3.36103643996069,0.000776505802026375,0.00647172525205162,2.18897992836282
"LOC108175690",64.8052497410404,1.28549542525474,0.382547094085469,3.36035862023183,0.000778413593479915,0.00648401577820417,2.18815593701003
"ATP6V0C",5234.36930087999,1.12106011236669,0.333632535315365,3.36016423370402,0.000778961516115999,0.00648557588232876,2.18805145498261
"LOC108177982",1179.31516912168,-1.67948641095266,0.50001235760637,-3.35888980622918,0.0007825626571961,0.00651215894604359,2.18627500791197
"B3GNT8",77.6459564649893,1.76742195251482,0.526551328019877,3.3565995534781,0.000789073075354693,0.0065545913104752,2.18345438210338
"LOC103347756",1307.82171626379,1.33210794323958,0.396901795595908,3.3562658522105,0.000790025860963645,0.00655947603119584,2.1831308505403
"AVPI1",1242.65906685897,1.46045149220975,0.435222317537827,3.35564476672962,0.000791802031238659,0.00656513035029786,2.18275664659612
"PIK3R5",1781.18142445704,1.30626305927036,0.389357605713317,3.35491856355866,0.00079388351538679,0.00657632479996132,2.18201674544558
"CNKSR2",127.375480614171,1.19573394272718,0.356404927886329,3.35498712046019,0.000793686796896767,0.00657632479996132,2.18201674544558
"ACTA1",818.819078894348,2.73668295702769,0.815996430994874,3.3537928023669,0.000797120275503477,0.00659705984107434,2.18064957647275
"LOC100341551",22.0529589722227,1.49890657269002,0.446996787312934,3.35328265265733,0.000798591073847246,0.00660619221346314,2.18004879424861
"UBALD2",1749.27198075763,1.38502445989766,0.413201029477056,3.3519385507111,0.000802478284583147,0.00663224699905483,2.17833930810178
"LOC108176367",45.8993230292175,1.44882753109595,0.43227241505207,3.35165391231691,0.000803303722913238,0.00663297252197965,2.17829180182379
"NOL3",79.1253018953687,1.21388973629196,0.362168911545218,3.35172262884967,0.000803104375994231,0.00663297252197965,2.17829180182379
"TMEM200A",50.7689090345962,-2.00946992346227,0.599809083156762,-3.35018254956484,0.000807583185198248,0.00666219082688316,2.17638293185567
"THEMIS",1789.38823998595,-1.5155284198819,0.452794430249781,-3.34705623266142,0.000816746406394669,0.00672544293617295,2.17227910784584
"LOC100348203",77.9094314195519,1.29887530117892,0.388181518684768,3.34605136684444,0.00081971208893568,0.00674677446563811,2.17090380740302
"KCNMA1",316.644069616629,-1.04149398232767,0.311446373258639,-3.34405557987591,0.000825631948288247,0.00677998399909399,2.16877133107591
"LOC108177689",29.2395734241435,-1.15526113557455,0.34556068061992,-3.34314984419544,0.000828331584337673,0.00679594672113536,2.16775003457162
"MUC17",1052.20728179852,1.8760173191403,0.561392741478054,3.34171994137484,0.000832610226771805,0.0068195746969905,2.16624270928922
"SMOX",1335.4068868001,1.14349249385245,0.342265898114908,3.3409477840195,0.000834929238849192,0.00683448676898674,2.16529409291266
"LOC100348578",16.4666935609346,1.80951591800169,0.54188517925731,3.33929767276852,0.000839905097101312,0.00686896465041837,2.16310871861669
"LOC103350602",152.856717785826,-1.03078974224364,0.308737819932292,-3.33872196956531,0.000841647574251415,0.00688008635242612,2.16240611087106
"TPD52L1",364.547421156387,-1.01058919633545,0.302849756087427,-3.33693250868496,0.000847085155456662,0.00690947332543278,2.16055505545874
"MYPN",399.900854168367,-1.28538660135605,0.385317490371213,-3.33591553323394,0.00085018991017722,0.00692473521042895,2.15959682859538
"TRPM2",313.621123776951,1.55429507887124,0.466038716529723,3.33512007423982,0.000852625742961555,0.00693911110829365,2.15869615857795
"PLK3",333.087318313567,1.67499867601382,0.502642958471766,3.33238265409403,0.00086105774243507,0.0069942468111799,2.15525904648456
"DCHS2",20.2586275992338,-2.40092360708511,0.721345081149976,-3.32839811322693,0.00087346948044578,0.00706952076342795,2.15061002564484
"AMHR2",59.9851387854056,1.63074673972757,0.490047865671572,3.32772950146975,0.000875568369201558,0.00708332053608674,2.1497631049609
"LOC103350375",26.6009547334762,1.45054486249146,0.435941391755256,3.32738503368777,0.000876651537739852,0.00708889444906183,2.14942149007924
"LOC100348545",4.43496142366372,-2.59113809851879,0.778782528414148,-3.32716516354724,0.000877343562169163,0.00709130185260684,2.14927402779266
"UPP2",4871.41250722777,-2.60641768071684,0.783910761258877,-3.3248908032991,0.000884531712084833,0.00712980293322954,2.14692247382187
"THBS1",2423.47955212983,1.5615641869778,0.469674388505015,3.32478036954131,0.000884882125609894,0.00712980293322954,2.14692247382187
"ADAMTS5",773.032863682573,1.09556005128501,0.329537378329037,3.3245395616127,0.000885646671191466,0.00713031379927746,2.14689135678267
"SULT3A1",11600.4861046764,-2.65281774639314,0.798269845810576,-3.32320926352846,0.000889881306253925,0.00716045879716805,2.14505914994147
"LOC103352496",25.5226648578521,2.22854511137243,0.670862167443969,3.32191204023822,0.00089402872452403,0.00718739945544933,2.14342821760652
"MYH6",96.7942837291665,-2.39072859001373,0.720184004121797,-3.31960801174558,0.000901439252425576,0.00723403994449869,2.14061909750591
"SYDE1",342.391298265585,1.18833369761788,0.3582390191027,3.31715316939612,0.000909397462514241,0.00728814793487349,2.13738282063341
"NINJ1",1784.05324513051,1.31251469597227,0.395730136374448,3.31669128865723,0.000910902065274032,0.00729695445072971,2.13685836470505
"LOC103349960",5.99451180184364,2.84057586868405,0.857360764811731,3.31316288926263,0.000922472378858615,0.00737649767069513,2.13214979038915
"LOC100344914",71.7120288774723,1.34470303326687,0.406023531339649,3.31188448322222,0.000926698024402081,0.00740370380757309,2.13055096394799
"LOC103347758",169.259025402725,1.60579127289805,0.485209661441325,3.30947918087207,0.000934697170865454,0.00745631059495705,2.12747600960439
"PLXNA1",860.880449958255,1.26136057890769,0.381295807489635,3.30808929479767,0.000939348532231807,0.00748150753040603,2.12601088259414
"LOC100343036",39.967166853487,1.44121549771927,0.435779216181999,3.30721485605995,0.000942285888875003,0.00749807093963676,2.12505045501249
"ASB2",135.317516598268,1.0947782692506,0.331042144364188,3.30706614818868,0.000942786264252153,0.00749807093963676,2.12505045501249
"OAF",1073.80037361695,1.03782723678923,0.314280177392194,3.3022357483721,0.000959174174258396,0.00761243969543821,2.11847613475869
"NOX5",13.9058644356783,1.85310666514143,0.561519367659482,3.30016518017095,0.000966279371376372,0.00765869026656354,2.1158454938972
"FHDC1",224.572941499818,1.58351480268915,0.480138477665315,3.29803770443275,0.000973630595189641,0.00770337554944589,2.11331892920925
"GPM6A",368.277725886626,-1.44271252777558,0.437688881081162,-3.29620557006577,0.000980002773464465,0.0077503825320954,2.11067686169004
"ST6GALNAC4",946.88100288333,1.38140954251376,0.419492709712842,3.29304779446438,0.000991076257103516,0.00783107003855432,2.10617889182597
"NPL",136.565711904336,1.46014641983455,0.443522240511598,3.29216054227694,0.000994208399124685,0.00784892179537241,2.10518999809308
"LOC108178653",35.4295244809307,2.12260615843982,0.645143840940828,3.29012853218032,0.00100141627957061,0.00789889051394646,2.10243390586264
"LOC108177648",9.23636054951481,-1.65616517442465,0.503517209298392,-3.28919278991948,0.00100475175574288,0.00791825397689743,2.10137057242517
"ALPK3",429.948900538978,1.76453035839466,0.536538448546719,3.28873049671297,0.0010064034039869,0.00792779624060463,2.10084752057099
"LOC100344518",1027.45317747864,-2.39908949377896,0.729777838925651,-3.2874244267417,0.00101108322812891,0.0079611737192077,2.09902289932291
"LOC100357403",24.9498605227281,-1.45915906558267,0.444247207250527,-3.2845655341617,0.00102139741276809,0.00802481916610805,2.0955647453463
"PCLO",469.933293110684,-1.47396991786742,0.448788711353645,-3.28432930815396,0.00102225399945614,0.00802804188917868,2.09539037009191
"CDKL1",95.9506535424073,-1.03716484440788,0.315812008697274,-3.28412098287898,0.00102300996607558,0.00803047194670588,2.09525893070797
"TUBA8",168.208040195383,1.22964627123839,0.374613698741883,3.28243808319899,0.0010291358382369,0.00807151282810832,2.09304505867021
"VWA1",76.2236255314936,1.78060136432989,0.542743109498733,3.28074430272255,0.00103533558045941,0.00811659768046295,2.09062598039549
"NCF4",776.429678584205,1.58425180344693,0.482940855576448,3.28042613324965,0.00103650402472535,0.00812221715932928,2.09032540319397
"SLC36A2",43.296225207625,-2.34604905291193,0.71562311480934,-3.27833045685922,0.00104423071860304,0.00817208235133033,2.08766726556527
"LOC108176385",49.5281162867099,-2.9775573183167,0.908637710926201,-3.27694666698523,0.00104936188731798,0.00820509747022895,2.08591625549679
"LOC100350841",9.55141951911555,-1.81233207885928,0.553080454504934,-3.27679646622391,0.00104992024128539,0.00820589553206276,2.08587401626717
"NXPH3",31.3516488205864,1.42504528744016,0.435381067878848,3.27309888411754,0.00106375255530136,0.00828161296733315,2.08188506966546
"LRRTM4",11.3279357149211,-1.50760330770485,0.46064615495002,-3.27280124126604,0.00106487330956645,0.00828358576812846,2.08178162671654
"LOC108178874",102.43649210881,-1.22747461782192,0.375253445572204,-3.27105488918351,0.00107147111850999,0.00831763801897895,2.07999998392068
"GAPT",272.755317321955,-1.98399267024291,0.606670054235984,-3.2702993272702,0.00107433737332001,0.00833515242527487,2.07908645380232
"LOC108178470",4.23081288367031,2.67267267560351,0.817355398289333,3.26990276347012,0.00107584459080189,0.00834324671021182,2.07866491411731
"NUDT11",35.6510022608535,2.50741294111225,0.766908343597489,3.26950796929687,0.00107734702511419,0.00835129693950583,2.07824607422509
"LOC103350109",9.9317700743789,1.1543817650882,0.353151165316591,3.26880349963825,0.00108003278715563,0.00836850910995555,2.0773519067609
"LOC103344939",183.47968148996,-1.0300208239232,0.315526331028157,-3.26445282891868,0.00109675723837253,0.00847618486243726,2.07179958005693
"ASPHD2",352.732551301609,1.90457509753495,0.583723167685585,3.26280538955895,0.00110315245120589,0.00851097970076649,2.0700204453035
"CPOX",1852.07057022381,-1.00952171415904,0.309383552634411,-3.26301028468687,0.00110235519312361,0.00851097970076649,2.0700204453035
"ACSM1",6294.34883497705,-1.24501025725368,0.381930301330886,-3.25978392632183,0.00111497120291972,0.00859478873266538,2.06576479417941
"LOC103351645",4.48778464882235,2.11324440650774,0.648424658916597,3.25904386492426,0.00111788382154547,0.00860985980585596,2.06500392009557
"PDGFRL",118.120152323807,-1.04671934735963,0.321674861600443,-3.25396688492174,0.0011380554525269,0.00874301277456866,2.05833888705589
"LOC103352376",618.298049714272,2.58180480043558,0.793537202576213,3.25353971061945,0.00113976793762776,0.00874843644485603,2.05806955886891
"VIT",39.5945185047539,-1.57555281801151,0.4845386691103,-3.25165547861125,0.00114735003684083,0.00879162465383279,2.05593086178667
"CCDC110",45.0213266051483,-1.20024285975922,0.369188496832254,-3.25102994827211,0.00114987744394153,0.00880723848034265,2.05516024377321
"GRB14",416.216131486789,-1.38086149142406,0.424766201984429,-3.25087421026656,0.00115050749090948,0.0088083127784232,2.05510727220031
"TNP2",3.59111836215451,3.02206739182524,0.930463558958546,3.24791590463553,0.00116253624520331,0.00888150035417857,2.05151366254342
"LOC103346476",32.306449364728,-1.02578582779124,0.315915009935814,-3.24703099102398,0.00116615690794835,0.00890537827284206,2.05034762832664
"POMC",54.8038018935451,1.58875351594162,0.489445713624551,3.24602600802494,0.00117028147601704,0.0089292923481928,2.04918295784747
"TMEM26",614.631108387537,1.12228189442366,0.345827717579446,3.24520516249783,0.0011736603198543,0.00894405912498278,2.0484653385309
"LRRC3B",8.32631670530572,-2.35365190908069,0.725981342176704,-3.24202809678794,0.00118682321040716,0.00903251316799088,2.04419139662608
"GYS2",2208.79640891102,-1.72446977258115,0.531979938168661,-3.24160677659694,0.00118857898770669,0.00903557194941201,2.04404435150241
"NRN1",111.480712036868,-2.0653565684808,0.637172068421338,-3.24144241538702,0.00118926458443087,0.00903579817761078,2.04403347798727
"RAB19",379.290397027674,1.20083488815035,0.370501309258624,3.24110835277001,0.00119065917947935,0.0090425737684783,2.04370793961778
"TMEM35A",43.4943719061643,-1.24543436118427,0.384289199108012,-3.24087787029949,0.00119162224416703,0.00904606772439842,2.04354016518369
"LOC100337844",1330.75416630891,-2.15505812985161,0.665037040024762,-3.24050842306673,0.00119316747080208,0.00905397628476986,2.04316064739401
"SRXN1",564.756301261877,1.05643038527025,0.326217841719465,3.2384200070171,0.001201937212553,0.00911283255925513,2.04034660945432
"RTKN2",114.444411431401,-1.40436587433777,0.433730665681253,-3.23787545003754,0.00120423370053421,0.00912639648984711,2.03970066753659
"LOC100355685",7.2317679465708,2.85937214114768,0.883480387730003,3.23648626597642,0.00121011049411178,0.00915502869247996,2.03834029025183
"LOC103350484",5.34184305042858,-1.88115224185206,0.581435853035115,-3.23535645769414,0.00121490954831123,0.00917636846569892,2.03732915620018
"DGAT2L6",7.51119329505856,-1.71523412429918,0.531000709803196,-3.23019177306729,0.00123707210502964,0.00930857938780465,2.03111659303728
"CEBPE",41.8859005112498,2.44573698485417,0.757213744054397,3.22991626084176,0.00123826480092648,0.00931365712248511,2.03087975443782
"LOC108177413",5.16617189703675,2.3968966792901,0.742432764153659,3.22843602143887,0.0012446909749738,0.00934796152576589,2.02928308374044
"CD38",2208.96941062437,1.01184095466183,0.313498185246355,3.22758153724782,0.00124841455878914,0.00936429212635622,2.02852504661087
"LOC100339756",1689.15312855946,-1.23037133192578,0.381265144475196,-3.22707530377414,0.00125062542050077,0.00937525950908125,2.02801670207468
"ARHGEF4",286.246838174097,-1.73851385241526,0.539051785192019,-3.22513328064757,0.00125914035167359,0.00943122868991995,2.02543172417768
"ARPC1B",10635.5838023252,1.31375156547646,0.407793718273064,3.22160814796259,0.00127473343569584,0.00952026831709049,2.02135081138552
"PAQR5",339.65649504349,1.51367267792017,0.470173786111004,3.21938977168498,0.00128463739487878,0.00957832458934492,2.01871044971429
"HRASLS5",28.9465178582283,-2.54032709318784,0.789396734901149,-3.21806131299232,0.0012906022630128,0.00959495291360982,2.01795715218537
"TSPYL5",31.5849693755992,-1.48440505036938,0.461435343498481,-3.21692967668018,0.00129570353768814,0.00962094649949771,2.01678220038542
"LOC100348029",660.833651583397,-1.38480328781853,0.43056420625446,-3.21625269286812,0.00129876418600627,0.00963969257991609,2.01593681599084
"GNAT3",106.736239494082,-1.60849169683589,0.500242300105004,-3.2154251979456,0.00130251435844955,0.00966353887060917,2.01486380210125
"CD44",8984.60741094316,1.1301089930321,0.351988153807154,3.21064496293039,0.00132437450749692,0.00979618944901003,2.00894282462286
"MID1IP1",1220.63795815244,-1.26291581051184,0.393396267760144,-3.21028925287579,0.00132601463685661,0.00980149906667872,2.00870749710358
"C3H8orf46",11.9800840962652,-1.43973134284611,0.44890262071192,-3.20722418720307,0.00134022507417247,0.00988216799258616,2.0051477675653
"FAM213A",5805.76053976989,-1.08111282214499,0.337187452436204,-3.20626646790642,0.00134469403511165,0.00990699611939695,2.004058007122
"LOC103349390",94.2652342792863,1.02053973157623,0.318327836697755,3.20593933022957,0.00134622368962466,0.00991420427281322,2.00374213711115
"LOC108175681",21.5158879303831,-1.07372230540111,0.335041530620424,-3.20474391163628,0.00135182697688577,0.00995139433168794,2.00211606416554
"GYPA",273.068066660605,-1.09502375885546,0.341880776136946,-3.20294042627547,0.00136032118017046,0.0099893899976258,2.00046103116877
"CDH13",167.290152636763,-1.00164187893601,0.312789037934522,-3.20229214409262,0.00136338652277671,0.0100078135614761,1.99966079383985
"CCDC92",145.726254453391,1.30216159035273,0.406738780906836,3.20146898077808,0.00136728795592512,0.0100241771705492,1.99895126608494
"LOC108175435",27.2163916420944,-1.37406990665785,0.429220637865243,-3.2013136961258,0.00136802509058105,0.0100254943883495,1.99889420176633
"LOC103345647",5378.72285983646,1.04319651098902,0.325926800761516,3.20070797661201,0.00137090393978354,0.0100369075532461,1.99840007597972
"MADCAM1",42.0276380257579,1.38697485247591,0.433618184788152,3.19860859422566,0.00138092513378918,0.010085331926499,1.99630980379978
"RGS1",353.743309194552,1.3067933509291,0.408671356653159,3.19766318254152,0.00138545998778445,0.010107956357126,1.99533664189065
"GFRA2",376.763020516262,1.26725952790277,0.396432126107782,3.19666203731991,0.00139027714758137,0.0101348780794906,1.99418147141329
"AP5B1",321.038286284087,1.7308189377677,0.541467684492287,3.19653229054771,0.00139090257285944,0.0101353289587942,1.99416215099953
"LOC108175727",35.3901276230451,-1.22807387983503,0.384291046214108,-3.19568694595816,0.00139498378859452,0.0101583743082229,1.99317578865246
"DDIT4",7713.15785064739,1.04130004286646,0.325955692269192,3.19460610004165,0.00140021806029506,0.0101903035679798,1.99181287821784
"LOC103347750",387.837856821704,1.44387627817778,0.452154087476514,3.19332793436878,0.0014064312716037,0.0102236297447538,1.99039488715144
"DGKI",10.562356044902,-1.52073969659359,0.476603422316306,-3.19078635483303,0.0014188615803579,0.0102848878118325,1.98780044125344
"CRABP2",57.072981102518,-1.18457883326411,0.371722973525844,-3.18672483981341,0.0014389359761066,0.0104178037819248,1.98222382671037
"LOC103349667",4.74981305717538,2.49894854342682,0.784445831531918,3.1856228218419,0.00144442777334618,0.0104449493670517,1.98109366096499
"LOC108176877",34.1207361090002,-1.56282540108858,0.490618736465233,-3.18541728012323,0.00144545420532462,0.0104481705902564,1.98095974516144
"PLEKHA4",232.161511879994,1.15862736392002,0.363799907537804,3.18479290377395,0.00144857633351918,0.0104665314511888,1.98019721719249
"SCN5A",44.5261984983342,-1.67629161384117,0.526406690224858,-3.18440408332411,0.00145052372853645,0.0104729267944431,1.97993193216563
"PROK2",66.8859996239016,1.79296318778811,0.563107295310791,3.18405249358124,0.00145228673186358,0.0104736633222862,1.97990139068118
"CEBPB",905.916603365198,1.34562888772587,0.422619192239987,3.18402219405536,0.00145243875748794,0.0104736633222862,1.97990139068118
"PIK3CD",3960.12051022363,1.30674968616943,0.410606330648603,3.18248791757608,0.00146015607914227,0.0105163984490567,1.97813296754966
"CNBD2",46.6672315634361,-1.01244297244791,0.318110191712523,-3.18268008641124,0.00145918741513417,0.0105163984490567,1.97813296754966
"ADAMTSL3",143.522884181307,1.57725685746324,0.495900870707795,3.1805890060488,0.00146975981953213,0.0105728642377863,1.97580734437109
"MEP1A",95.3414730535739,2.26926443465004,0.713531895683013,3.18032655355628,0.00147109174140147,0.0105739863618561,1.97576125407602
"FGF14",14.3165431675235,-2.26157269318067,0.711091713512937,-3.18042335496787,0.00147060035387219,0.0105739863618561,1.97576125407602
"LOC103346682",2.53962294169859,-2.78913480316122,0.87735087242472,-3.17904146542071,0.00147762951485595,0.0106167355953533,1.97400899840141
"LOC103346136",65.1386124291108,-1.14700251909783,0.36099769792144,-3.17731255822977,0.00148646742136131,0.0106674501619161,1.97193937747783
"LOC103352354",30.9391641013212,1.48289027501205,0.467168929736209,3.17420569011166,0.00150247175848711,0.0107651203604112,1.96798111014424
"LOC100342240",830.128209132044,1.03808494612383,0.327285642421442,3.1718010556268,0.00151496751139991,0.0108408916862441,1.96493499468982
"CDC42EP2",783.884901741561,1.40789061544453,0.44410797137589,3.1701538954204,0.00152358219887907,0.0108946728686446,1.96278580566329
"MOGAT2",1196.73905156584,-2.08991566448869,0.659373427743161,-3.16954790192539,0.00152676289690463,0.010908742128698,1.96222532439424
"LOC100347394",18.033688323732,-1.75731369516512,0.55491530263999,-3.16681426301412,0.00154118720305528,0.0109845584280577,1.95921739674187
"MAPK13",713.414717280575,1.32962157484346,0.419872493465965,3.16672703150353,0.00154164954806592,0.0109845584280577,1.95921739674187
"CHST3",2535.9007648569,1.2771860638511,0.403615210263248,3.16436554266151,0.00155421456677449,0.0110609397581608,1.95620797299106
"CEL",2977.41375529361,1.752820234346,0.5539630492171,3.16414648381912,0.00155538490289163,0.0110638430853875,1.95609399230164
"LOC103347746",479.744591438138,1.50101452357817,0.474476683012457,3.16351588459144,0.00155875845233684,0.0110757455578134,1.95562702982307
"MBL2",17720.7958628131,-1.82041044726875,0.575562206449505,-3.16283874596004,0.00156238847713803,0.0110971541756913,1.95478838015519
"ADGRG2",308.419574432287,-1.65489700948926,0.523549013787821,-3.16092088019851,0.00157271211613971,0.0111572602353675,1.95244243718523
"LOC100344154",282.78370750864,-1.22537100361315,0.387777581986051,-3.15998412630576,0.00157777734619161,0.0111843704351241,1.95138845718619
"GXYLT2",13.3019170427603,-1.88100740627669,0.595586558641539,-3.15824354828799,0.00158722892874641,0.0112425069139722,1.94913683667538
"SUSD2",1695.86747942216,1.08091675351158,0.342405015506589,3.156836800163,0.00159490582580364,0.0112879914880963,1.94738332674079
"DACT2",89.8314066444299,2.38292306180987,0.755231361698075,3.15522260152447,0.00160375692626616,0.0113461701659995,1.94515070732161
"GAS7",581.977142756186,1.289717107983,0.408898304489215,3.15412681789933,0.00160979115386171,0.0113799072763558,1.94386127656407
"E2F7",263.458682142854,-1.78613294467285,0.566697259596948,-3.15182915467634,0.00162251176266418,0.0114613454121584,1.94076439887997
"CHRNA4",14.1530363845616,-1.67451974725185,0.531392853382839,-3.15118981482698,0.00162606777199591,0.0114814302361894,1.94000400871544
"LOC108176419",685.106513610837,1.15021738315255,0.365177409409526,3.14974955601005,0.0016341047883158,0.0115246041227731,1.93837398396417
"LOC103349423",5.79488313641499,2.05722894204663,0.653280564305075,3.1490741565762,0.00163788626868978,0.0115422204765349,1.93771063416633
"DGKB",25.3146252488533,-2.05857829837596,0.653982754287437,-3.14775624415194,0.00164528829969219,0.0115870133297293,1.93602849342149
"UNC93B1",1632.03040022842,1.08131258471654,0.343523234357397,3.14771309934616,0.0016455311412438,0.0115870133297293,1.93602849342149
"LOC108177085",6.82589592752344,-1.85797417013563,0.590599655925273,-3.1459113656692,0.00165570173785715,0.0116449511355585,1.93386232950816
"SLC51A",2360.54723403887,2.05048338620748,0.651932327841749,3.14523961865136,0.00165950845826932,0.0116534947729463,1.93354381429442
"SRRM3",27.0857508123337,-1.09255063147159,0.34746008034941,-3.1443918114936,0.00166432438827568,0.0116734085196123,1.93280231575228
"LOC103345704",556.963420615769,1.00046739576534,0.318241616757684,3.14373527245845,0.00166806265918346,0.011690740008868,1.93215799768365
"NOTCH3",783.442559247502,-1.06439439460743,0.338609586447849,-3.14342664002328,0.00166982265090795,0.0116985159929601,1.93186922688165
"PLA1A",2311.23736914649,1.35905368891766,0.432712948209299,3.14077425818165,0.00168501857067702,0.0118003792737755,1.92810403389212
"MPPED2",31.2531899432558,-1.65674645186251,0.527552044011553,-3.14044172640192,0.00168693264637374,0.0118045901604612,1.92794908644548
"VIL1",13610.3649978835,1.25029648123732,0.398182651698618,3.1400074209754,0.00168943555014099,0.0118175063919625,1.92747415411976
"NANOS1",4.16230939687438,2.00398539188966,0.638258151759679,3.13977249858018,0.00169079083195625,0.0118177933625733,1.92746360805061
"SLC25A45",266.032748918855,1.68229232459895,0.535914749296619,3.13910435718915,0.00169465084979614,0.0118335317116521,1.9268856210544
"SPIN3",42.0576490883413,-1.60552838155549,0.511474969260722,-3.13901652680306,0.00169515887000282,0.0118335317116521,1.9268856210544
"CCDC113",19.8876812302367,1.12943676212409,0.359869774310782,3.13845963942699,0.00169838322653894,0.0118401040647633,1.92664448050551
"LOC100341014",16400.2935068187,-2.35366587186174,0.75003075791929,-3.13809246755586,0.00170051222242855,0.011845935426672,1.92643063906942
"NGEF",719.198943258762,-1.58169477792977,0.504067792564181,-3.13786121879307,0.00170185434632861,0.0118490702920533,1.92631572415775
"MAST1",24.7929732957837,1.60653074688678,0.51252638613856,3.13453275838262,0.00172128034073932,0.0119519326825698,1.92256186161894
"LOC100350957",2717.11758478181,1.03122638081516,0.329158980711454,3.1329127906103,0.00173080859895594,0.0120041889099976,1.92066717869837
"ABR",3426.57892195393,1.12944343750156,0.360799453908919,3.13039120559945,0.00174573649704742,0.0120890739941859,1.91760696420269
"PLBD2",5878.09924193089,1.00098799301324,0.319819529929999,3.12985261791964,0.00174894026457002,0.0121065980438904,1.91697787653726
"LOC100345907",172.662824314511,1.93658162879449,0.618860062608644,3.12927226331479,0.00175239853137556,0.0121212058416377,1.91645417354271
"PGBD5",11.349970766427,-1.44378784674284,0.46144435425616,-3.12884496998603,0.0017549487409223,0.012131180637393,1.91609693043159
"RAB7B",69.9517630584903,1.22451019464936,0.391436521832265,3.12824717764602,0.00175852226393097,0.0121495445234478,1.91544000310773
"ARG1",12915.5844930315,1.74701246849435,0.558548827965292,3.12777035959139,0.00176137741365247,0.0121645973145645,1.91490226297296
"SDS",6983.55073864755,2.10598581196698,0.673417375320492,3.127311366097,0.00176412985653031,0.0121789294970599,1.91439088362035
"FGF2",15.6045473447467,-1.24207563227684,0.397208552809038,-3.12701129795154,0.00176593140991175,0.0121866885939574,1.91411428623888
"AGBL3",121.376872193427,1.13905297780963,0.364749619786191,3.12283527115756,0.00179117968386096,0.0123372560071066,1.90878142324348
"LOC103351113",9.79399738116039,1.77452846624547,0.568451390313988,3.12168902474722,0.00179816769899463,0.012373747969359,1.90749873401113
"LOC100353812",59.4763644086933,-1.14239659571293,0.365961825823564,-3.12162776306537,0.00179854188122244,0.012373747969359,1.90749873401113
"PGER8",4242.92357226658,-1.101610724084,0.352941737706736,-3.12122542162849,0.0018010011345887,0.0123859290265557,1.90707141289931
"GCNT3",894.541105206191,1.55068353808307,0.497017548364281,3.11997743980363,0.0018086489157013,0.0124242712375753,1.90572907597747
"LOC103347775",227.135692481773,1.44611753008332,0.463951227865065,3.11696023898423,0.00182726214918242,0.0125377651624939,1.90177986893542
"LOC103347895",9.63317451350268,-1.52621119574691,0.489764128555271,-3.11621678020602,0.00183187552652208,0.0125502664643707,1.90134705324451
"CTHRC1",23.9952477665901,-1.47735121326903,0.47425980956173,-3.11506727638227,0.00183902960187067,0.0125753263726396,1.90048073470169
"SLAMF9",15.6373988480059,-1.31878641759971,0.423488568933497,-3.11410157048846,0.00184505962140461,0.012605012154398,1.89945673121836
"DACT3",58.3314012929224,-1.07792402694102,0.346145679215343,-3.11407621607326,0.00184521818281942,0.012605012154398,1.89945673121836
"NR3C2",505.303215202598,-1.11906427469632,0.359462618059941,-3.11315897251301,0.00185096286582825,0.0126377054590187,1.8983317707487
"LOC103351229",14.8866921529577,-1.57360326592975,0.505495021704729,-3.11299458622349,0.00185199414940982,0.012639947925232,1.89825471528077
"LOC100340777",22.1306284414974,3.28819860731896,1.05686721005578,3.11126939698072,0.00186284907542169,0.0127043905090572,1.89604616531669
"LOC108176373",3.84804778470585,2.32753634171715,0.748433132442291,3.10987881325072,0.00187164116672857,0.0127546778107035,1.89433050740314
"TMEM266",38.603352568408,1.3632150597333,0.438447446362483,3.10918690721777,0.00187602999231755,0.0127664096133999,1.89393122523714
"PLAUR",666.580079809231,2.20173769581611,0.708261357175386,3.1086514512056,0.00187943292720845,0.0127712988114312,1.89376493375033
"SYT9",28.0285223238553,-1.54599152956286,0.497443852829475,-3.10787141256087,0.00188440038284896,0.0127931508060233,1.89302248060752
"RPE65",8.0009350673155,-3.03055217779393,0.975590244642473,-3.10637810744464,0.00189394373169111,0.0128385541163712,1.89148388394937
"EFCC1",1395.08837344788,-1.36323403920938,0.438948021725314,-3.10568443582706,0.00189839189986693,0.0128590131552568,1.89079235938003
"KY",122.459708622306,-2.23641661599835,0.720332293521949,-3.10470131092381,0.00190471262400476,0.0128872655493234,1.88983922250853
"SLC37A1",498.449460887769,1.2174521560182,0.392362382011034,3.10287686036109,0.00191649365458337,0.0129572262721907,1.88748795707711
"PSMB11",359.096840342129,-1.85726343425929,0.598677673295942,-3.10227609463766,0.00192038760208495,0.0129737981351975,1.88693286372442
"ACSM3",2623.36770523978,-1.02747765314067,0.331335150141653,-3.10102219067731,0.00192853837404358,0.0130141966674671,1.88558263459691
"LOC100347962",419.832738313114,1.48463356241839,0.479033415784717,3.09922755594487,0.00194025934323645,0.0130785697259237,1.88343974791564
"STX11",200.214270994835,1.3063743294879,0.421503998176245,3.09931657858597,0.00193967638765874,0.0130785697259237,1.88343974791564
"CBLC",464.82664927735,1.6770433561016,0.54128049108053,3.09828893473291,0.00194641560436912,0.0130950425434224,1.88289308629231
"SLCO4C1",76.4647729250964,1.23694115386254,0.399246511416845,3.09818900977466,0.00194707205077354,0.0130950425434224,1.88289308629231
"LOC100345427",584.983963924795,-1.44657597207473,0.467458824410206,-3.09455271039087,0.00197109906806534,0.0132220237374439,1.87870206748729
"LOC103347413",43.5108683284237,2.18362146203081,0.706026684208245,3.09283134883149,0.00198256769688936,0.0132791424435226,1.87682997045531
"LOC100350982",12.0971470315209,-1.49985082069272,0.485367057018167,-3.09013724562807,0.00200064024883411,0.013380258175914,1.87353550665093
"PAX5",349.57297317573,-1.6031205339982,0.519046290776969,-3.08858874918161,0.00201109615854059,0.0134351981111419,1.87175592521582
"LOC100348748",86.3194792281946,1.33898477350877,0.434170562281026,3.08400635564527,0.00204233232366356,0.0136052726477285,1.86629275059738
"LOC108176482",45.7516287373254,-1.80648194131388,0.585899090599618,-3.0832646274721,0.00204743001497199,0.0136222646649117,1.8657506861299
"BIK",53.7678779641999,1.01874025981761,0.330469846836476,3.08270261135718,0.00205130036629563,0.0136364566292289,1.8652984644515
"NRAP",813.295922033641,-1.24477449856238,0.403851924460099,-3.08225471557796,0.00205438962738519,0.0136433320010692,1.86507955248302
"LOC100352724",16.0018476710589,-1.66343966640682,0.539834327605559,-3.08138919913638,0.00206037143019199,0.0136628760326596,1.86445787213013
"CELF3",117.518463873304,1.00531507897871,0.326291304956959,3.08103545422798,0.00206282084721444,0.0136690383626767,1.86426203762482
"LOC100342021",2911.45734433019,1.0445574590534,0.339113967372355,3.08025489821966,0.00206823506279193,0.0136983143847193,1.86333287068693
"SOWAHD",217.587074363805,1.21779527544064,0.395415619823719,3.07978545709335,0.00207149754876142,0.0137113772237487,1.86291892080242
"LOC100357419",681.456240940009,-2.39039520210144,0.776638573107774,-3.07787339551795,0.00208483467934504,0.0137743081827117,1.86093020445264
"SPP2",4672.35166730889,-1.37796426336794,0.447967028572294,-3.07603947495783,0.00209770071209673,0.013833901579152,1.85905531842047
"PLPPR4",13.5119274123622,-1.74790069093024,0.56836100420643,-3.07533535551183,0.00210265984195417,0.0138615229463724,1.85818905176819
"LOC100340903",5598.67288072035,1.19306509143526,0.388161474325492,3.07363087361632,0.0021147090981267,0.0139358477173729,1.8558666080214
"LOC108175437",6.76719093731396,-2.00646567625983,0.653261628420072,-3.07145803299746,0.00213016106391014,0.0140222608248023,1.85318195893866
"LOC108175633",49.7229175125143,-1.32670452965219,0.432129877489609,-3.07015228236352,0.00213949652753343,0.0140684463484065,1.85175386131224
"LOC108176330",163.552077560139,-1.77704715667953,0.578915573692721,-3.06961366636642,0.00214335827924661,0.01408850705189,1.85113502630007
"COL4A2",5548.01285824895,1.18002542775897,0.38443719472503,3.06948818675827,0.00214425885631682,0.0140892770449403,1.85111129102467
"EPYC",22.7284054154802,-2.63755697907975,0.859491773640702,-3.06874022529311,0.00214963423647319,0.0141001639841381,1.85077583649411
"IRAK2",1538.02311754887,1.14386781461956,0.37275174182341,3.06871219172321,0.0021498359455353,0.0141001639841381,1.85077583649411
"GRO-A",484.927707535779,1.13400460876192,0.369512979980968,3.0689168451412,0.00214836380823261,0.0141001639841381,1.85077583649411
"RWDD2A",96.3351709146552,1.02437512090963,0.333790580443813,3.06891560435171,0.0021483727308416,0.0141001639841381,1.85077583649411
"ADORA2B",531.796943115254,1.32103854965902,0.430521447081569,3.0684616495046,0.00215163943479905,0.0141068478291747,1.85057001837408
"GBE1",5566.07409978889,-1.17129209802031,0.381769800967112,-3.06805853960464,0.00215454407035916,0.0141155994758977,1.85030067305756
"SGIP1",112.669290956436,-1.21605572950606,0.396986509661054,-3.06321675903882,0.0021897138636694,0.0143199324088111,1.84405903192688
"LOC103351517",400.441240296628,1.2671103102238,0.413732012411356,3.06263540700826,0.00219397189595288,0.0143373512270409,1.84353107556743
"TSPEAR",7.45015302521978,-2.03584419396939,0.664884333963091,-3.06195241785077,0.00219898405009788,0.0143596692654177,1.84285556273008
"LOC103347342",5.11408243933412,-2.06814688708058,0.676163652811543,-3.05864841814709,0.00222337914718679,0.0145031739510363,1.83853694406995
"RLA-DMA",2286.98791529342,1.2160476018654,0.397616162296961,3.0583455029607,0.00222562808878297,0.0145125799668865,1.83825537420725
"LOC108175975",19.7660563777325,3.01078264192569,0.986333090072972,3.05250089673352,0.00226943052988882,0.0147660776590161,1.83073485182894
"LOC103348199",8.88961973910244,2.30512830873289,0.755214233889885,3.05228398153972,0.00227107129936992,0.0147714091312364,1.83057807281742
"SDCBP2",7086.02954358898,1.65566876876601,0.543229873364626,3.04782349047047,0.00230505278303838,0.0149545704365664,1.82522605737076
"UNC13D",586.674328876076,1.15290437602031,0.37832493698423,3.0473919726533,0.00230836481229445,0.0149652605567063,1.82491571735672
"MYOM3",84.3662540344011,1.10389998294344,0.36248794857817,3.04534257559018,0.00232415413960834,0.0150351036139267,1.82289357462688
"UGT2C1",5400.12652791797,-1.6046784614978,0.527264414842147,-3.04340368196138,0.00233918309746491,0.0151268855896472,1.82025047782338
"KLK6",77.8031917148565,-2.46819411552593,0.811323984066506,-3.04218063806629,0.00234870900431586,0.0151715827384106,1.81896911013598
"NEURL1",453.782081769621,1.14972973668455,0.378106569714018,3.04075577833558,0.00235985158166702,0.0152043468060631,1.81803223284414
"CORIN",55.9258656916944,-2.27185052460372,0.747428478821178,-3.03955574209163,0.00236927353716794,0.0152283828779229,1.81734621251969
"LOC100358382",1178.01403147042,1.56997582980482,0.516510091579079,3.03958403795186,0.00236905097935954,0.0152283828779229,1.81734621251969
"LOC100352752",12647.1839067376,-1.26642354992797,0.416644143380965,-3.03958082706083,0.0023690762332879,0.0152283828779229,1.81734621251969
"CERCAM",286.14367394114,1.14820389688957,0.377725029163203,3.03978769803329,0.00236744967918214,0.0152283828779229,1.81734621251969
"SHH",69.4733645746988,-1.98908426832854,0.6545451493242,-3.03888016034068,0.00237459293495723,0.0152407849187262,1.81699266573307
"HN1",1312.43301484808,1.08765484786805,0.357909645477186,3.0389090140835,0.0023743655229257,0.0152407849187262,1.81699266573307
"TRIM31",613.553281010678,1.50682645449205,0.496048668247936,3.03765850196559,0.00238423980421457,0.0152808868991428,1.81585143867749
"LOC100344919",1246.83925195113,1.33673978938542,0.440318079352165,3.03585033653889,0.00239858390983717,0.0153618707387862,1.81355589354536
"LOC108175687",230.684406147832,1.55077449962848,0.510918830837268,3.03526588966617,0.00240323717015945,0.0153861934026869,1.81286881283212
"LOC108175763",61.2339182490237,2.938847857052,0.968462142081717,3.03455109844038,0.00240893944133119,0.0154080343280674,1.81225276263947
"LOC103346247",197.704649849288,1.36618508450065,0.450282060946274,3.03406509606354,0.00241282361175583,0.0154146429249793,1.81206653110661
"LOC103346435",30.9823903632928,-1.19118440702743,0.392652972176644,-3.03368238988282,0.00241588626402708,0.015423968641243,1.81180386641252
"PARPBP",159.460519383792,-1.09085950858353,0.359584298907025,-3.03366835509573,0.00241599864670716,0.015423968641243,1.81180386641252
"CD300LF",110.442844182136,1.23401314544921,0.406803681732828,3.03343652199211,0.00241785572826189,0.0154248731525583,1.81177839872879
"CYP4A6",1871.65235539364,-2.25833552953168,0.744532188415226,-3.0332275281995,0.00241953097695223,0.0154300869111734,1.81163162773227
"LOC103351327",98.044904372443,-1.00780608406583,0.332372813281945,-3.03215559092953,0.00242814010305358,0.0154740154547539,1.81039697372432
"LOC100343481",3357.44175086477,2.09144237892973,0.690264001916058,3.02991663062863,0.00244621252795948,0.015572632248787,1.80763797224226
"LOC100358841",73.1537955694559,1.51801074662587,0.501285966934377,3.02823307803585,0.00245988280414797,0.0156375158535868,1.80583223700297
"FOXJ1",5.85382773779926,2.14545541323255,0.70889113706284,3.02649490318337,0.00247406991996243,0.0156999553424857,1.80410158291176
"GADD45G",442.170700742167,1.58132922962786,0.522572585934504,3.02604704531143,0.00247773748015267,0.0157176828370602,1.80361147898703
"UBD",1037.04976425585,1.6941201665013,0.55987035156654,3.02591512795969,0.00247881871470064,0.0157189970963245,1.8035751662754
"CYP4A5",2338.48962403295,1.93814737912391,0.640858519195016,3.0242983764317,0.00249210521214072,0.0157809930053305,1.80186567266227
"CRYBB1",10.6063612998579,2.44164521000832,0.808082123033501,3.02153103058696,0.00251499860970038,0.0159035636416497,1.79850554885619
"NCR3LG1",125.115821261435,1.20392584896269,0.398677889781908,3.01979587988008,0.0025294509355928,0.0159500861240185,1.7972369675858
"CRHR2",32.4654448569324,1.61201068516237,0.534009460791522,3.01869311973052,0.0025386754258026,0.01597464620631,1.79656875146995
"LOC103349169",67.4485017963962,1.38053901863931,0.45743919224808,3.01797275361271,0.00254471782737441,0.0160070672988812,1.79568822914134
"LOC100341360",33.9364216496819,1.55370348368678,0.515010467628726,3.01683864959198,0.00255425730480021,0.016055841792914,1.79436691984313
"LOC108176710",29.3087100171331,-2.5524149297135,0.846325845301914,-3.0158773289063,0.00256236901931126,0.0160905336635751,1.7934295517181
"LOC100344331",17.0169807052407,1.39851780096686,0.46373633787415,3.01576065265428,0.00256335514602662,0.0160905336635751,1.7934295517181
"GLI1",40.2731430353771,-1.14933256579499,0.381102093343437,-3.01581278578612,0.00256291448328096,0.0160905336635751,1.7934295517181
"PLPP4",12.6306897641605,-1.46283557762452,0.485120844310475,-3.0154045013335,0.00256636741994971,0.0160980172628174,1.79322761122555
"CCNE2",456.699599248907,-1.31543098371655,0.436710536336701,-3.01213475349347,0.00259417411197898,0.0162386450504107,1.78945021103568
"IER3",691.520866191711,1.18753667957044,0.394364276454398,3.01126838933587,0.00260158789655265,0.0162722048823544,1.78855359621117
"FAM84A",231.715330209754,1.28379114323115,0.426672014973025,3.00884777576123,0.00262240473323864,0.0163674462382509,1.78601907692005
"CMBL",10538.1351768981,-1.5589448163752,0.51854991707514,-3.00635438371752,0.00264400656107272,0.0164703200534575,1.78329796147991
"SLC17A4",23.2332519362445,-2.12442392894719,0.706999711185312,-3.00484412558742,0.0026571698502657,0.0165256085918609,1.7818425376989
"KCNJ13",30.7663400928659,-2.03527543181277,0.677339367251336,-3.00480900744331,0.0026574766485577,0.0165256085918609,1.7818425376989
"LOC103346344",478.49990155802,1.53073501820434,0.509412317040486,3.00490382152006,0.00265664841036895,0.0165256085918609,1.7818425376989
"SLC12A4",1541.52655147601,1.10429681460696,0.367765745522888,3.00271797482626,0.00267580274083212,0.0166223269399395,1.77930817992391
"SNAI1",20.9331826408453,1.39555633038803,0.464896967719148,3.00186154630097,0.00268334187884514,0.0166519048823847,1.77853607851871
"LOC103352385",52.0702780227256,1.04985667239136,0.349804582175512,3.00126620944205,0.00268859405924137,0.0166729915728954,1.77798646933598
"LOC103347755",8.63922581670797,2.05163895191297,0.684105409440801,2.99900998237979,0.00270858432219804,0.0167738224691493,1.77536795778195
"RGS6",7.68124709189245,-1.45287766777001,0.484500575799605,-2.99871195276131,0.00271123500693509,0.0167844579568746,1.77509267944662
"LOC103348543",14.1313725019043,-2.5365814025889,0.845973102029781,-2.99841850349942,0.00271384726946117,0.0167891472595785,1.77497136162636
"ACCSL",10.2225002160297,1.61354924808348,0.53813368327145,2.99841711872467,0.00271385960206821,0.0167891472595785,1.77497136162636
"LOC108175374",53.8677766238814,1.60863278546673,0.536800291304834,2.99670624536459,0.00272913556982182,0.0168488754162978,1.77342908095259
"PADI4",80.3892379653263,2.01941350252006,0.674072955978517,2.99583818726057,0.00273691625149674,0.0168862888369482,1.77246578646988
"LOC108177715",8.68271201780324,2.54984066691307,0.851494919246611,2.99454595591613,0.00274853647698701,0.0169453822427612,1.7709486301875
"LOC100342857",40.4364464398544,1.4243958706695,0.475884140860469,2.99315683875067,0.00276107818692412,0.0170110414914845,1.7692690961371
"DMC1",32.526278168696,-1.35801848382893,0.453750364406915,-2.99287579769542,0.00276362192859467,0.0170208824533721,1.76901792752434
"VWC2",10.2153435117093,-2.18458862651657,0.730776999752207,-2.98940528678013,0.00279521092559471,0.0171742648738966,1.76512184338299
"LOC108178475",268.255280073594,1.12288401175393,0.375738393531314,2.98847291382893,0.00280375350806379,0.0172149891051619,1.76409324781087
"APOH",57336.5837952986,-1.59129799077685,0.532501401512139,-2.98834516915459,0.0028049257849253,0.0172163089816029,1.76405995164794
"PODXL2",21.5412381336236,1.53609923581642,0.514638234882795,2.98481366462454,0.00283751116512594,0.0173629808756805,1.76037571310386
"LOC100342469",7177.44465083413,-1.87432519276541,0.628258149774767,-2.9833678933371,0.00285095080672895,0.0174237400145608,1.75885861779285
"EFCAB12",12.4662791027264,-1.0816461243368,0.362607633669642,-2.98296567391696,0.00285470008901808,0.017432572631885,1.75863851665446
"PDE1A",820.426031646026,-1.28180039493034,0.429861690925144,-2.9818902730589,0.00286474654045735,0.017487984312147,1.75726024498444
"EMILIN2",1727.78433196771,1.31597405314645,0.4413795314018,2.9815022209276,0.00286837966172381,0.0175042211864408,1.75685720748996
"P2RY8",221.505839370547,1.24563222058286,0.418254673179166,2.9781668931868,0.00289978040401562,0.0176718572639163,1.75271780493109
"TNIP2",232.35681487242,1.22696822475467,0.412143968429477,2.97703792543701,0.00291048004309054,0.0177310545714567,1.75126543355056
"TENM2",5.52044932530308,-2.06763547333468,0.695120224579925,-2.97450052555181,0.00293465953135573,0.0178360652287602,1.74870094804934
"LOC100357553",201.564457425589,1.72937833139374,0.581468904579341,2.97415445223996,0.00293797151506396,0.0178501620699021,1.74835783637282
"GPSM3",3517.14477801971,1.16076807475001,0.390390642278142,2.97335014993264,0.0029456820123728,0.0178758975018641,1.74773214419418
"UROC1",3853.52316420295,1.62911964139679,0.547988624114341,2.97290777528415,0.00294993073313794,0.0178805373457205,1.74761943393078
"PLXNB1",1993.55049329402,1.16128642044922,0.390712152082703,2.97223010407777,0.00295645016980013,0.0179086449681277,1.74693727317541
"LOC103345018",10.6889470707098,-1.10390644237362,0.37156204546755,-2.9709881723375,0.0029684321277823,0.0179684562053305,1.74548923453862
"IRAK1",1991.99741294065,1.07774060751162,0.362783215651222,2.97075653176788,0.00297067185549173,0.0179759632063134,1.74530782951368
"LOC100337703",408.482065704389,-1.8689746840561,0.62924079243538,-2.97020585207536,0.00297600255681702,0.0179900604980831,1.74496737617977
"PTGER3",101.551394100825,-1.1847102020533,0.398862852627617,-2.97021944823567,0.00297587083796328,0.0179900604980831,1.74496737617977
"KCND2",20.8301941620202,-2.04732275970831,0.689625399481556,-2.96874616458071,0.00299017490997938,0.0180575237008292,1.74334180644787
"LOC100354186",3796.24898054456,1.73349031551009,0.584838397641255,2.96405010769048,0.00303618843332774,0.0182887077330838,1.73781698037477
"LOC100342015",35.229446105351,-1.0153794974241,0.342556778166962,-2.96412029228393,0.00303549601367119,0.0182887077330838,1.73781698037477
"LOC103348133",46.2382153986951,1.34339304589595,0.453262774735045,2.96382831500166,0.00303837751898924,0.0182902982066604,1.73777921368972
"PPP1R3B",4480.65184593596,-1.1268039014143,0.380375637627796,-2.96234508719219,0.00305305396513431,0.0183693952857061,1.73590514028666
"LOC108176093",4.16634549731783,2.09973424082497,0.709361469991609,2.96003424156912,0.0030760485113967,0.0184768391546287,1.73337232181255
"FBP2",57.6719539805468,1.63037941390149,0.550835319430065,2.95983092657965,0.00307807917910288,0.0184828634247032,1.73323074560433
"PHYHD1",810.244822806408,1.07756640728581,0.364696728826796,2.95469172633456,0.00312981615083382,0.0187247550421143,1.7275838550466
"IL18RAP",86.8489726444485,1.21112563248168,0.41021611789732,2.95240869298274,0.0031530530421673,0.0188387062825039,1.7249489249859
"PIP5KL1",146.320846355508,1.32997315236717,0.451834127723353,2.94349866635457,0.00324525221381849,0.0192923683883314,1.71461445380531
"TDRD9",192.601260143352,-1.07645087353373,0.365691169626683,-2.94360641694639,0.00324412271152227,0.0192923683883314,1.71461445380531
"LTB4R2",29.2004020244345,-1.44017050566184,0.489572653320669,-2.94168903408608,0.00326427541493776,0.0193744980403434,1.71276954049303
"SAMD12",78.9413930049046,-1.08783561567133,0.369971987879927,-2.9403188655039,0.00327874640837587,0.0194539674721978,1.71099181461746
"TNFAIP6",63.7238118119982,2.16729160471387,0.738599039949916,2.93432767643569,0.00334271109993498,0.0197552797966581,1.7043168149684
"DKK2",51.9865661784214,-1.2651404792158,0.431612783914247,-2.93119325090974,0.00337662656073627,0.0198924939743748,1.70131076481878
"CAPG",2388.19697966201,1.12747246960761,0.384699056632203,2.93079083551158,0.00338100344188275,0.019909615552986,1.70093712595093
"GPD1",5874.06995894285,-1.15609386406216,0.394495243351252,-2.93056477497954,0.00338346446033374,0.0199175858771332,1.70076330164402
"SI",12300.7899318804,2.15446145770274,0.735595546785221,2.92886691214812,0.00340200051390719,0.0200136006680101,1.69867476995592
"MMP9",147.01083977834,1.66882000147435,0.570019109347812,2.92765623837371,0.00341527419892724,0.0200516065419957,1.69785082581824
"ADAMTS19",67.1778066405859,-1.52882145032362,0.522181883438871,-2.92775658982162,0.00341417216804883,0.0200516065419957,1.69785082581824
"RUNX3",682.074902564109,1.2229822581892,0.417847167310561,2.92686502115313,0.00342397446834479,0.0200827833758543,1.69717609625792
"CREB3L1",1578.33706783856,1.3626468040403,0.465673254529821,2.92618652839776,0.00343145127691386,0.0201079243284519,1.69663275780828
"ARHGEF16",256.397690366537,1.37959136768631,0.471627460670197,2.9251718416181,0.00344266058909121,0.0201539088653048,1.6956407096223
"CPA4",9.42981934128795,1.87459470509955,0.640889984844468,2.92498673630308,0.00344470905088751,0.0201593386173644,1.69552372021961
"COL8A1",70.8758791753833,-1.13266083581159,0.387337500187061,-2.92422199054979,0.00345318384975107,0.0201826643984151,1.6950215012732
"SGCG",254.201579977023,1.06105323259239,0.362828852539449,2.92439045342191,0.00345131534110292,0.0201826643984151,1.6950215012732
"LOC103345913",4.72021563353342,-2.433197297013,0.832538180256028,-2.92262547798676,0.00347093735836878,0.0202666680041896,1.69321764678514
"LOC100338767",10.7998809411011,-1.46955568667558,0.50330877758594,-2.91978950521015,0.00350267885465054,0.0203726314754319,1.69095287078149
"LOC103347777",711.415257628053,1.18384094986107,0.406071819796813,2.91534869485264,0.00355291336487205,0.0205981927639778,1.68617088191543
"LOC103349252",125.808821977161,-1.58270452294357,0.543311012063958,-2.91307278483296,0.00357891172350125,0.0206955461207224,1.68412310880964
"LOC103349317",808.666539337252,-3.48689005269763,1.1974167763363,-2.91201035563103,0.00359110729708894,0.0207527228890898,1.68292491301815
"OSM",41.1166187975137,1.96792370352582,0.676096596080421,2.91071381653834,0.00360604141413072,0.0208055979440895,1.68181979825186
"LOC103348628",135.439990518847,1.30913478275189,0.449831265145744,2.91027966303705,0.00361105479860632,0.0208144902237615,1.68163422113168
"SNX20",688.620138325655,1.25998487396997,0.433354565915115,2.90751493827984,0.00364312943693407,0.0209456648957233,1.67890584891172
"C1H11orf16",198.996984701327,1.19891918688648,0.412371439019758,2.90737687783715,0.0036447379004395,0.0209482155325995,1.67885296636607
"DACH1",200.088090086437,-1.06214797928784,0.365349075841238,-2.90721408516548,0.00364663533470206,0.0209524248751699,1.67876570783068
"LOC103351259",93.3714520847999,-1.18901774604172,0.409198321264285,-2.90572488755099,0.00366403445483909,0.0210389513524349,1.67697591058297
"RNF180",369.493911803463,-1.06476560047975,0.366475543707947,-2.90542061744859,0.0036675986845751,0.0210526954176184,1.67669229269969
"LOC108177215",17.5312186344292,1.82888305165276,0.629577546014722,2.90493691083765,0.00367327132924594,0.0210650866024104,1.67643675106969
"FBXO40",176.175016781307,1.08983156269292,0.375276268886578,2.9040780167805,0.00368336362820663,0.0211027752436024,1.67566042651625
"MTUS2",43.78710547433,-1.24668705186289,0.429432471133405,-2.90310383044044,0.00369484116054788,0.0211422361715656,1.67484908015011
"FCER2",213.690652865933,-1.53284606455754,0.528145178970058,-2.90231952423908,0.00370410520578441,0.0211676606357887,1.67432713579763
"LOC103347773",88.5128594581523,1.47822351982284,0.509689350394389,2.90024407745427,0.00372872187101883,0.0212968921179672,1.67168376907285
"GP9",21.3601726416017,1.92237744477343,0.662929043250837,2.89982384139722,0.0037337243161191,0.0213098375439816,1.67141986112678
"NRXN3",451.11063190184,-2.00652514636636,0.692117500487534,-2.89911054835767,0.00374222924725083,0.0213516024056342,1.67056952626845
"ST6GAL1",15491.9945377331,-1.00795580098372,0.347874836691576,-2.89746683194957,0.00376189514140689,0.0214366039997027,1.66884401473524
"DDIT4L",24.5379392385691,-1.85174536874273,0.639264947516912,-2.89667903102686,0.00377135387472273,0.0214836959401374,1.66789100284536
"LOC108178741",11.3068056750224,-2.64368064595678,0.914845032253219,-2.88975788549184,0.00385538635631569,0.0218398047872891,1.66075124784377
"CRISPLD2",196.634953862734,2.11883404325085,0.733254148971441,2.88963116843322,0.00385694061412534,0.0218398047872891,1.66075124784377
"FAM19A4",16.1881587658889,-2.41870516355239,0.837113126169775,-2.88934086438139,0.00386050350686408,0.021853098856608,1.66048696963637
"IRGM",3290.33929398371,2.55723092056049,0.886495278850756,2.88465261075689,0.00391845786162778,0.022125915029025,1.65509875977866
"PREX1",3088.80156566161,1.02951264342318,0.357148780082731,2.88258759608446,0.00394423453905379,0.022257017242028,1.65253303776074
"LOC100125981",1125.99389079741,1.06519829863567,0.369896318622824,2.87972127595526,0.00398026879376073,0.0224322011867731,1.64912810865666
"MS4A1",1886.25917942376,-1.54560023449328,0.536827785190073,-2.87913606026564,0.0039876625397295,0.0224462063453602,1.64885704898122
"AKR1C5",7.48514832081479,-1.49401954471393,0.518931430696573,-2.87903074729638,0.00398899441057447,0.0224462063453602,1.64885704898122
"LOC100350239",17.9515791217404,1.17075727229118,0.406934586141929,2.87701589435028,0.00401455373642021,0.0225617919986816,1.64662640893376
"LOC108178441",4.85228257147108,1.45644254305083,0.506496872501734,2.87552129563414,0.00403360935204367,0.0226405838286996,1.64511237826498
"CACNA1E_1",66.7273452159547,-1.40366769772683,0.488268475886068,-2.87478665334593,0.00404300585242674,0.0226791694479234,1.64437285413489
"GPR65",694.632023891661,1.02454264868733,0.356682851081486,2.87241914092828,0.00407342306366074,0.022797184501431,1.64211878593795
"PBLD",662.483492037172,-1.18342392591604,0.412052788976996,-2.8720201818173,0.00407856919243009,0.0228146153519946,1.64178684891255
"LOC103348137",27.9291821600547,-1.77806503063997,0.619362642933633,-2.87079799036329,0.00409437084975605,0.0228887675977659,1.64037759045777
"LRRTM3",16.278264382259,-2.31104766007098,0.805229526078672,-2.87004833432448,0.00410409058847961,0.0229158406295696,1.63986420675491
"YPEL4",194.775818758331,1.00018356814909,0.348736158793542,2.86802369908883,0.0041304459277323,0.023004626684527,1.63818481000472
"LOC108178848",13.9509315247411,-1.842993592439,0.642909342671206,-2.86664615073347,0.00414846561823229,0.0230906857562023,1.63656316904419
"HPGDS",24.3703022985349,-1.85609055457952,0.648171766372946,-2.86357822242995,0.00418885372467835,0.0232364347345134,1.63383050682853
"LOC103347497",49.5428061179875,1.15266548421781,0.402587259391719,2.8631444670142,0.00419459264115636,0.0232473352665786,1.63362682106843
"PRSS33",55.2358307516002,1.11770551265222,0.390476232273541,2.86241625039352,0.00420424354598011,0.0232814079195343,1.63299075970961
"CADPS",138.211497840635,-1.49773361468607,0.523361143251904,-2.86175929183414,0.00421296735985147,0.0233197922436346,1.63227532303159
"BMP5",317.097647628296,-1.23216391143568,0.430685998185652,-2.86093329392275,0.00422395916262651,0.0233662508707091,1.63141096483417
"ENDOU",6.90099101936985,1.69732617081131,0.5933762619032,2.86045512735425,0.00423033415040444,0.0233905141083524,1.63096023257448
"LOC100344381",18.5770492761086,1.37306577864833,0.480024244300962,2.86040922922104,0.00423094652994164,0.0233905141083524,1.63096023257448
"FOLR2",1565.59516510339,1.04228368923667,0.364422655222103,2.86009575502772,0.00423513109829023,0.0234064528800404,1.63066439627117
"ANO3",340.668060133718,-2.09606110248119,0.73321095082989,-2.85874222160587,0.00425324255166789,0.0234673094757563,1.62953669935807
"LOC100343802",4116.34549451215,1.59747274088177,0.55898155138385,2.85782730561852,0.00426552468026758,0.0235023932926198,1.62888791045784
"RINL",930.914384139956,1.02392004279698,0.358286504421117,2.85782475801404,0.00426555892499505,0.0235023932926198,1.62888791045784
"ERICH5",366.707814651681,1.19554818958005,0.418647111863563,2.85574211716927,0.00429363719987041,0.02362091508182,1.62670328168919
"PPP1R3C",1038.99934637339,-1.31939235859267,0.462324035846616,-2.85382601009825,0.00431961817529301,0.0237348039304826,1.62461435156986
"LOC103351136",21.9154608913048,-1.15531555441913,0.405194795892256,-2.85125960681473,0.00435463998724646,0.0238834539587192,1.62190286654008
"TRIM63",500.579664963474,1.2510454696187,0.439029659514247,2.84956936850893,0.00437784580301817,0.0240028356097172,1.61973744925055
"LOC103347274",19.6440756040195,-1.07279095255376,0.376518134386044,-2.84924112434336,0.00438236534785431,0.024013546135226,1.6195437019487
"LOC108178548",51.1029970858542,-1.50510876794301,0.528302310768185,-2.84895359581994,0.00438632775955607,0.0240279373828378,1.61928350850109
"LOC100344012",7848.830489295,1.65530683458773,0.581196069456915,2.84810397312991,0.0043980553368285,0.0240616104067297,1.61867530935897
"EVA1C",219.374685929721,1.53176795706355,0.537807195126766,2.84817304592307,0.00439710084568455,0.0240616104067297,1.61867530935897
"SKA1",256.477294046437,-1.32406397278719,0.464886526567966,-2.84814443335693,0.00439749620927377,0.0240616104067297,1.61867530935897
"LOC100341843",3682.93763586482,-2.27064698453555,0.797336190488581,-2.84779119726671,0.00440237982068764,0.0240663139536014,1.6185904220722
"LOC103349473",8.80103273937345,-1.43507654737069,0.503930290105432,-2.84776798606499,0.00440270089564884,0.0240663139536014,1.6185904220722
"ANG",21483.8063307798,1.24016978070491,0.435556364744157,2.84732328830364,0.00440885639257323,0.024085319976925,1.61824757964684
"UGT8",1841.54243899555,-1.27439190502666,0.447642608516786,-2.84689589592291,0.00441477969835647,0.0240957202109993,1.61806008828835
"CDK15",227.436551387624,-1.48425554304822,0.521458909845805,-2.84635186977075,0.0044223298850403,0.0241222871254367,1.6175815174744
"CBLN1",8.68783188500237,-2.42328095277666,0.853111345711964,-2.84052130470064,0.00450398643773353,0.024484495053387,1.61110884805944
"SLC5A11",4.47253709336147,2.41814732693038,0.85152532126522,2.83978322962543,0.00451441993900198,0.0245278937108796,1.61033974445637
"LOC100352491",8511.31670385055,-1.16415450057268,0.410232514834354,-2.83779188259309,0.00454267913731751,0.024636773704921,1.60841616557782
"LOC108176386",28.255745300603,1.15582460243085,0.40776466976225,2.8345383701456,0.00458919465110851,0.0248366164927883,1.60490756866447
"LOC103348556",100.931351282924,-1.36291432904202,0.480920287629923,-2.83397137550331,0.0045973449797778,0.0248609816721093,1.60448172660496
"LOC100342156",5.78684951131962,-2.09443148516526,0.739751707760347,-2.83126279154705,0.00463646100657023,0.0250321569325004,1.60150172715871
"KLF4",657.570037364113,1.05307177228675,0.372154033505208,2.8296664216378,0.00465965589599861,0.0251272118841496,1.59985569805704
"CYS1",543.105256287711,-1.0333956521372,0.365470615579229,-2.82757520874664,0.00469019969151761,0.0252616206206208,1.59753879138893
"GABRA4",8.3249044540989,-1.92817565316436,0.682255046901395,-2.82618012416555,0.00471067666208614,0.0253112665344957,1.59668612291047
"RAB20",117.783013769372,1.39626195814379,0.494480850446705,2.82369268068203,0.00474738809964561,0.0254704736229196,1.59396297926457
"HRASLS",4.55203740570257,-2.13406246194031,0.755852635026195,-2.82338429880098,0.00475195741217302,0.0254804483648602,1.59379293423812
"ICAM4",4.58784968370957,1.84439328855743,0.654541784103942,2.81783888110731,0.00483480643209279,0.0258315980020073,1.58784872654108
"SPSB4",11.7202401828373,-1.66285257811181,0.590150529901132,-2.81767531139959,0.00483726990073687,0.025835236784369,1.58778755371679
"LOC103345633",23.2985449600127,1.27983285067514,0.454597251760962,2.81531145583807,0.00487299816347571,0.0259816184322405,1.58533379959481
"GLYAT",4618.99237111662,-1.62528621977173,0.578392109083535,-2.81000759562057,0.00495403307930745,0.0263355988466642,1.57945680174755
"LOC103346834",35.3652984212614,1.4491127400779,0.515899399535538,2.80890565366529,0.004971021212442,0.0264024942364315,1.57835504351082
"LOC100346862",19.2163805858186,1.50529616502253,0.536092832653451,2.8079020522843,0.00498653909428439,0.0264692795370751,1.57725787952717
"INHBA",333.085778082923,-1.20145125597434,0.428155722531701,-2.80610813483963,0.00501438616545045,0.0265597372639153,1.57577622544092
"LOC100340772",5358.03938484006,-3.6085967166672,1.28641548364186,-2.80515646970543,0.00502921592321712,0.0266094201715612,1.57496458877198
"SLC16A14",277.050595886252,1.74833059077377,0.623520188744773,2.8039678944372,0.00504779312559154,0.026676318416291,1.57387410735727
"LOC103347701",17.4634677116857,-1.06998971808725,0.381928018850799,-2.80154810664792,0.00508580578475106,0.0267984562651518,1.57189022294271
"GGT6",277.966324263047,1.07718573639709,0.384697819255831,2.80008277270929,0.00510895044594768,0.0268810312521718,1.57055407421432
"THAP8",6.92645306087015,-3.22671367684591,1.15245974186076,-2.7998493653549,0.00511264584629976,0.0268847435379693,1.57049410203886
"CHRM3",102.121661068766,-1.56321680645517,0.558513278986959,-2.79888923910736,0.00512787237854281,0.0269383420364253,1.56962913714271
"SNX15",376.727400572292,1.15812514969138,0.413871929804539,2.79826938308749,0.00513772436298921,0.0269550820877696,1.56935934125285
"OPTC",22.2338726745246,1.67999771234902,0.60058304395806,2.79727796055851,0.00515351758683219,0.0270241106107603,1.56824859018483
"RASGRP4",180.737101004398,1.18670031540623,0.424528646044037,2.79533625460726,0.00518457586003452,0.0271514656034749,1.56620672274833
"PDE6A",11.1326985792495,1.51557884028181,0.542292255020227,2.79476394186246,0.00519376242248483,0.02717620698457,1.56581115836962
"LOC100354078",63.8932925339738,1.32038799367594,0.47264391509402,2.79362105701346,0.00521215163231041,0.0272563863421658,1.56453172354491
"LOC103346677",12.2937700242395,1.40687359650266,0.503968430266189,2.79159072674368,0.00524496512307701,0.0273660257007817,1.5627882695079
"LOC100350727",16.9467250597233,-1.28281481062176,0.459548738372328,-2.79146628748313,0.00524698232361626,0.0273668653375522,1.56277494481011
"LOX",728.68501192084,1.0190121228669,0.365104934475806,2.79101164252938,0.00525435822428159,0.0273896748711537,1.5624131230035
"LOC103345555",5.18129436420277,-1.20997525165154,0.434426974970296,-2.7852212716171,0.005349120656907,0.0277950262622986,1.55603291127946
"KCNT2",109.167936661061,-1.07319372347926,0.385341783241473,-2.78504374597432,0.00535205018741869,0.0278022156471801,1.55592059239124
"LOC100345735",4.70698638141182,-2.56463087496172,0.921069029432649,-2.78440680666622,0.00536257289661764,0.0278407941607308,1.55531838060228
"LOC108177983",50.0892931369006,-1.24414519763779,0.447172282723711,-2.78225025500182,0.00539833958159147,0.0279638288646709,1.55340336436582
"LOC100342860",18.4992049130583,-1.14103805482361,0.410585107097068,-2.77905368485237,0.00545175142511862,0.0281817469472071,1.55003208908271
"LOC103351005",6.93405999358724,-1.3711064183154,0.493860495351388,-2.776303088061,0.00549809280691518,0.0283805112053853,1.54697978605689
"LOC100342699",5415.45984375435,1.14291027802786,0.411798648549012,2.77541046347517,0.00551320776032829,0.028434646635959,1.54615216445794
"NLRP12",18.080282802537,1.83014543080289,0.659445557742265,2.77527903451004,0.00551543643241396,0.0284373878441894,1.54611029883383
"LOC100351416",1491.64499843531,1.07189300381503,0.386582855723547,2.77273807657305,0.00555868417964258,0.0285947872673605,1.54371313006521
"PMCH",170.595823863254,-1.07252220045721,0.386938396374346,-2.77181641963386,0.0055744464855054,0.0286676710309777,1.54260758781666
"LOC100353389",121.585651813274,-1.15688333566925,0.41752013403874,-2.77084442486289,0.00559111335990182,0.0287451637119709,1.54143521357904
"CARD19",715.732076260959,1.0459131411184,0.377796947655545,2.7684531270274,0.00563230867714249,0.0289321448870981,1.53861936869902
"PIK3C2G",1711.5748970227,-1.22563507615549,0.442868176208049,-2.76749412579086,0.00564890634622316,0.0289925604253646,1.53771342902222
"LOC100346200",105.609610220433,1.47284093392521,0.532910628791478,2.76376723291349,0.00571382831865449,0.0292672994823931,1.5336173484238
"EXOC3L4",223.269333529084,1.81961453534534,0.658562431524769,2.76300992623037,0.00572710247331574,0.0293102478315624,1.53298050938739
"LOC103345359",4.08421016637367,-3.89458715984349,1.40962894158698,-2.76284562904824,0.00572998596103961,0.0293166621688012,1.53288547755716
"TWIST2",4.80565357824627,-1.75717183156141,0.636071683271985,-2.7625374274208,0.00573539856681993,0.0293276678492151,1.53272247096035
"RGS5",4996.84173250693,-1.17183255931539,0.424608601511392,-2.75979467948662,0.00578376989904096,0.0295342698717528,1.52967376103739
"SLC7A5",939.958975635526,1.33559458687497,0.484640175838825,2.75584785054869,0.00585402209766281,0.0298578370403766,1.52494165660606
"CILP",65.8754492026933,-1.21552036911938,0.441062376610798,-2.75589221293291,0.0058532282067843,0.0298578370403766,1.52494165660606
"LOC103346716",352.949034242258,-2.47874772706579,0.900257515165777,-2.7533763232283,0.00589840516526263,0.0300331026308276,1.52239979980753
"LOC103347446",12.5725693414141,2.91692569140682,1.05963726957441,2.75275867993806,0.00590954390956415,0.0300563099843348,1.52206433884593
"RBFOX1",8.739814150447,-1.10074935291924,0.399885646235572,-2.75266032497398,0.00591131941807119,0.0300563099843348,1.52206433884593
"GMIP",903.889660693391,1.30410541149153,0.473797427740283,2.75245354900151,0.00591505371574588,0.0300667965019712,1.52191284179076
"NR0B1",42.6057533629631,-1.46793658689716,0.533535631861063,-2.75133749132509,0.00593524603575458,0.03014387594098,1.52080090624983
"GHR",18165.9127321636,-1.2901020378387,0.468956774610366,-2.75100416005417,0.005941288881342,0.0301575329500577,1.52060418899588
"EVI2B",1248.48074667167,1.14571157206136,0.416698341685756,2.74949875592588,0.00596864894422177,0.0302537155053225,1.51922128136294
"LOC103347220",17.7754307703619,-3.22763473034086,1.17399646119189,-2.7492712602081,0.00597279343991748,0.0302661925115458,1.51904220987365
"LOC100349765",10.9891843651414,-2.10331673034527,0.765169085780069,-2.74882606920926,0.00598091139123867,0.0302987916788834,1.51857469089232
"CUX2",978.80850577713,-1.74676439036895,0.635770431080772,-2.74747661258727,0.00600557918598522,0.0303980681341847,1.51715401590845
"CBS",1256.08690695003,1.18705029337437,0.432139708635179,2.74691325433483,0.00601590435477182,0.0304331994138443,1.51665238826827
"CLDN3",1083.54957845368,1.73697789972886,0.632731998824496,2.7452031870616,0.00604734431046786,0.0305321280402734,1.51524292501874
"LOC103349385",9.24680879271168,1.49633194171539,0.545063921589955,2.74524121382053,0.0060466435742262,0.0305321280402734,1.51524292501874
"LOC100337728",112.850410142656,1.50332509113386,0.54854725887061,2.7405571112123,0.00613351214831701,0.0308149315732883,1.51123879231352
"CDX2",1101.4136884309,1.02605490661641,0.374623473250084,2.73889646506869,0.00616457833574816,0.0309329734347363,1.50957833139576
"LOC100348711",63.399549147908,2.41246453806822,0.881991759299166,2.7352461206499,0.00623336496775693,0.0312258594930754,1.50548559881571
"CHRDL1",124.530497254613,1.15524210804439,0.422352865095542,2.73525339477231,0.00623322721072677,0.0312258594930754,1.50548559881571
"VGF",5.22848621409532,2.62461945365883,0.959898982225112,2.73426631578958,0.00625194554033259,0.0312666820348557,1.50491820287627
"ANO4",10.0032573546203,-1.96806969591065,0.719771093322752,-2.73429943792998,0.00625131661379706,0.0312666820348557,1.50491820287627
"RASD1",84.8474666717287,1.10362909791269,0.403776321735646,2.73326849174489,0.00627091904964923,0.0313528518734756,1.50372294936015
"CDHR2",7400.20258972318,1.03238769801046,0.378497122709412,2.72759721558853,0.00637974555903206,0.031764491731349,1.49805808948775
"LOC103347841",37.6383574735433,-1.27077467846133,0.466209657524143,-2.72575794592054,0.00641540265212869,0.0319066928362507,1.49611820857367
"CXCR5",316.786291322975,-1.11130397477518,0.407804632099433,-2.72508914146963,0.00642841285307208,0.0319625592340747,1.49535845411593
"TNFRSF8",46.2292045912851,1.15831758662466,0.425080436639741,2.72493741603626,0.00643136765759338,0.0319684123698616,1.49527893132697
"CNTNAP4",6.71538853339729,-1.74433494141781,0.640374000733446,-2.72393154534687,0.00645098759181176,0.0320393705747425,1.49431602437935
"BCHE",29.0588563995326,-1.78456445807895,0.655249534366503,-2.72348832693834,0.00645964983278368,0.0320646819190675,1.49397306391699
"LOC100356870",153.80624077927,-1.10369888516142,0.405301273858474,-2.72315671415041,0.00646613770024379,0.0320880299120266,1.49365694618279
"LOC108177492",7.89958199276221,-2.03593074098715,0.748002957555494,-2.72182177947619,0.00649231448422667,0.0322090437749883,1.49202216836288
"C3H8orf88",6.05857343245003,-1.74212034773682,0.640204080439613,-2.72119532031184,0.00650463157695171,0.0322523557430106,1.4914385585845
"MASP1",5145.23401406514,-1.18408677402901,0.435272939851071,-2.72033169448609,0.00652164617046357,0.0323278072573365,1.49042375187884
"LOC103345332",932.383386526157,1.66782739150535,0.613412870545338,2.71893119885569,0.00654932292963414,0.0324280191297963,1.48907957945757
"LOC103347479",209.098138397344,1.13807374395702,0.418586031437766,2.71885265747627,0.00655087819720585,0.0324280191297963,1.48907957945757
"ZBTB16",1263.03410365512,1.05931327731793,0.389665474188509,2.71851972393497,0.00655747459868242,0.032442812429905,1.48888150434235
"LOC100343111",6.86382711180836,1.62475441917295,0.597711417740684,2.71829242498734,0.006561981496039,0.0324500699674144,1.48878436245593
"LGR5",293.969176358879,-1.5990568074444,0.588516597140331,-2.71709721563402,0.00658572604767501,0.0325283238509279,1.48773831486286
"PER2",438.747833985499,-1.19701076169999,0.440666816058238,-2.71636238100986,0.00660036292026961,0.0325743487261605,1.48712425857661
"BMP10",212.558083073977,1.23649183002114,0.455248670254427,2.7160800477025,0.00660599437692618,0.0325753229708364,1.4871112697441
"LOC108176830",26.07067197864,-1.26016875829871,0.464151379151676,-2.71499518239482,0.00662767345840467,0.0326553642399862,1.48604546772825
"LOC108177575",4.63339108641664,1.79001186987356,0.659408579756466,2.71457170080294,0.00663615332038757,0.032661352302641,1.4859658378046
"CAV3",15.1602504333091,-1.68291256453323,0.619938131496982,-2.7146459929307,0.00663466497794361,0.032661352302641,1.4859658378046
"TYMP",2127.25576598868,1.36249572229628,0.501899837235853,2.71467655737855,0.00663405274765157,0.032661352302641,1.4859658378046
"NKAIN2",32.9496288756843,-1.98418559530249,0.732454133351818,-2.70895542117097,0.00674954079464631,0.0330926231327479,1.48026880652023
"LOC103351006",3.36148910249991,-2.4650288943171,0.910770644052577,-2.70653090370664,0.00679902539321503,0.0332392608700199,1.47834864203717
"CA2",9267.61735203726,1.4731066297361,0.544243282162042,2.70670613311769,0.00679543804672822,0.0332392608700199,1.47834864203717
"C1QTNF1",587.953772652953,1.26418106614961,0.467199705732643,2.70586871232544,0.00681259733655401,0.0332838224668806,1.4777668031462
"NCF1",300.649897447036,1.11402480523673,0.411750394628849,2.70558284768837,0.00681846379471729,0.0333034364161314,1.47751095149178
"IL1RAP",1190.14186331955,1.00910219293608,0.373246361240004,2.70358213160772,0.00685964932198357,0.0334319602727785,1.47583815793656
"LOC100344894",425.143331993475,2.08483483975508,0.771440987210536,2.70252018536592,0.00688160058638875,0.033502627218629,1.47492113499853
"LOC103347903",9.05174456888954,-2.54072780003806,0.94065620861195,-2.70101635090168,0.00691279399432482,0.0336116114779631,1.47351066517974
"DUSP4",286.051132478283,1.16371058628152,0.430845864431214,2.70099049881286,0.00691333134213665,0.0336116114779631,1.47351066517974
"PDCD1",137.756564387314,1.05492022974856,0.390553081439893,2.70109309049433,0.00691119914682007,0.0336116114779631,1.47351066517974
"CACNA1E",6.18162666194718,-2.54795746434239,0.946350574046552,-2.69240335898719,0.00709390914920369,0.0343225348773955,1.46442064498966
"GRIK1",14.3894556764305,-2.18207788163545,0.810579821112566,-2.69199630289392,0.00710257326368343,0.0343275134571574,1.46435765392776
"LOC103345138",15.4547384349015,1.67464011013978,0.622634253019369,2.68960485552934,0.00715366691807825,0.0345373277462334,1.46171126809923
"EGLN3",3482.76535760141,1.36917284296792,0.509174777480849,2.68900366538564,0.00716656322908395,0.0345717470793577,1.46127867288014
"AARD",630.746118550107,-1.00655334882326,0.374392868882763,-2.68849498075899,0.0071774914714812,0.0345945444197301,1.46099238430604
"PRG2",599.456437819592,1.57220397942397,0.58493748612199,2.68781539348307,0.00719211461255345,0.0346485371530033,1.46031509639964
"GJD2",4.02034767234895,-1.44668404827165,0.538313340300466,-2.6874385974982,0.00720023390600885,0.0346690780630959,1.46005770715911
"RNF32",23.8762164359204,1.49464389813058,0.556275353883585,2.68687779837065,0.00721233337925776,0.0347180416200673,1.45944478054583
"ANKDD1B",141.951086237321,-1.14414767979384,0.425886081885552,-2.68651108467383,0.00722025524377592,0.0347375790005528,1.45920045253655
"ACKR3",1187.62877718236,1.03981819655808,0.387042308263512,2.68657501869312,0.00721887355919273,0.0347375790005528,1.45920045253655
"WAP",5.77547025755796,1.94929325554573,0.725638247277821,2.68631547862639,0.00722448397995112,0.0347486279474301,1.45906233889038
"CYP11A1",577.302637293208,1.83848340711391,0.684938567364368,2.6841581051398,0.00727127111719111,0.0349176341179078,1.45695519006229
"LOC108178418",7.44891771895941,-1.88195688332409,0.701272505060134,-2.68363135549242,0.00728273599938083,0.0349387125830382,1.45669310188267
"PSPN",12.0645211989929,1.74154096750167,0.648957125869259,2.6835994214085,0.00728343157661311,0.0349387125830382,1.45669310188267
"MZB1",1525.39065805649,1.26133250262314,0.470462661497721,2.68104699022804,0.0073392209286124,0.0351313678946408,1.45430493994527
"LOC108176854",29.1306704295869,-1.98714446795663,0.741392547885253,-2.68028654135351,0.00735591628341362,0.0351545111578339,1.45401893678228
"LOC100349124",416.371957250917,1.75932571696702,0.656471589596656,2.67997236262421,0.00736282389380213,0.0351545111578339,1.45401893678228
"SYT12",40.5887678290993,1.57871466811953,0.58904444997056,2.68012824532755,0.00735939589154043,0.0351545111578339,1.45401893678228
"MYO7B",2301.76179608525,1.39887667866536,0.521954720851734,2.68007285456226,0.00736061382076248,0.0351545111578339,1.45401893678228
"ARHGAP28",351.443681551119,-1.00200388903048,0.373886086706412,-2.67997105176392,0.00736285272688338,0.0351545111578339,1.45401893678228
"LOC100338646",7.12850367233015,-2.28484893923226,0.852937644214919,-2.67879950513304,0.00738866206392051,0.0352367272759338,1.4530044348799
"GABRD",39.9324698218012,-2.16600763529985,0.808604785455279,-2.67869752227634,0.00739091259579681,0.0352381156211055,1.45298732379112
"LOC103345486",49.7627886830746,1.00392842106944,0.374907964186306,2.67779966544148,0.00741075282627002,0.0353233445077233,1.45193818299698
"DCT",4.84711905169099,2.61687104101882,0.977337195280958,2.6775518763169,0.00741623670680139,0.0353323422318168,1.45182757160461
"LOC108176127",11.7511280177282,-1.39850347358458,0.522377890672297,-2.6771873361346,0.0074243110494675,0.0353529908869424,1.45157383870588
"CIDEA",199.122164681599,-2.37666974384654,0.887928796527864,-2.6766445160245,0.00743634879605063,0.0353875078781041,1.45115002094251
"CACFD1",150.261596150044,1.17716833723279,0.43991421994745,2.67590426463917,0.0074527930534221,0.0354298256073865,1.45063098534495
"LOC100343047",97.9275487336056,-1.29759916210731,0.485248285775135,-2.67409324287365,0.0074931614331533,0.0355465616496515,1.44920240137024
"LOC103349294",31.2170903926369,1.2680606577436,0.474181632966492,2.67420872000163,0.00749058156214941,0.0355465616496515,1.44920240137024
"HECW1",20.3322346751376,-2.05298731427714,0.76831432468813,-2.67206695008644,0.00753856062421501,0.035686621286097,1.44749456793855
"LOC100351806",636.899387977952,-2.29916396790719,0.860893472880366,-2.67067185468915,0.0075699610037531,0.0357505721353718,1.4467170035623
"LOC100343865",7.76757608613192,-1.42035778735093,0.531991490897189,-2.66988816861626,0.00758765136018677,0.0358059097511411,1.44604528730885
"AK5",32.2056031620354,-1.23937774112161,0.464545438055036,-2.66793652373522,0.00763186754472399,0.0359485348151693,1.44431880582781
"SLC30A3",7998.80325676047,-1.38094883876732,0.517713775289618,-2.66739828971094,0.00764410226066482,0.0359873128418315,1.44385058073064
"TNFSF14",152.623713568652,1.49035886366359,0.558814145473371,2.66700275169503,0.00765310452629285,0.0360137159952979,1.44353206460512
"LOC103351304",22.7690174813836,-1.4875127070451,0.557930068728633,-2.66612751385622,0.00767305832833897,0.0360764133272805,1.44277664600811
"ERICH3",26.5023625122276,-1.17490930315686,0.440927615971635,-2.664630793351,0.0077072888558988,0.0361994992908028,1.44129743655925
"LOC103351488",11.5943666013608,-1.77299060046928,0.665551072191578,-2.66394372205133,0.00772304820121093,0.0362451197417999,1.4407504611451
"CCL1",5.25955523303728,-1.87762298962572,0.704860577711662,-2.66382182377321,0.0077258471945988,0.0362487962294977,1.44070641115001
"GJA10",15.9755463784517,-1.48117064697353,0.556807435031774,-2.66011291118807,0.00781144597298259,0.0365931347689812,1.43660038486825
"GPR82",127.438442045337,1.04730896501738,0.393887665674386,2.65890266765335,0.00783956074305761,0.0366770708645026,1.43560535561322
"LOC100350798",21.0127590389057,-1.93862615333586,0.729908943876316,-2.6559835574016,0.00790774699717696,0.0369672269293555,1.43218312650151
"F12",2316.88019949706,-1.09936463091303,0.413947672846243,-2.65580580113898,0.00791191623683266,0.0369771054062366,1.43206708872312
"NCAPH",1439.68500431471,1.35043243648044,0.508576621072956,2.65531756774703,0.0079233777911427,0.0370018245120515,1.43177686090651
"LOC103349816",15.4754507016597,-1.15297692260946,0.434241079518173,-2.65515396168594,0.00792722186091802,0.037010165614421,1.43167897150396
"SALL1",747.363608000217,-1.21347198438363,0.457546851629928,-2.65212618130985,0.00799866438172293,0.0372566641390586,1.42879603325233
"LOC108175492",4.65471169391081,-1.67905859070995,0.633437546471166,-2.65070897685788,0.00803230193422999,0.0373649555057403,1.42753553056619
"SPOCK1",68.1465580984293,-1.57098878985718,0.593062984369662,-2.64894089036245,0.00807444526758038,0.0375221766646422,1.42571197610258
"DPT",738.605756979278,-1.45325834134055,0.548670960469906,-2.64868827775379,0.0080804825648338,0.037530836375509,1.42561175721705
"FHL2",1404.48761872678,1.29980017890424,0.490912240660442,2.64772411695331,0.00810356262237091,0.0376088955356693,1.42470942036137
"LOC103347513",58.1214966946606,-1.33292639499809,0.503939402230325,-2.64501324782076,0.00816877188081792,0.0378431719486423,1.42201246893889
"ANKRD22",314.419890356713,1.07643065638049,0.407034589951634,2.64456801204144,0.00817952669991061,0.0378734830512854,1.42166475296223
"SERPINB10",101.598978053491,1.12578048441736,0.426068330557118,2.64225337505209,0.00823564197635044,0.0380842852411124,1.41925419075338
"LOC108175525",15.6031132496277,-1.93603747321471,0.7332495947976,-2.64035259882976,0.00828198109188739,0.0382690513762854,1.4171523030525
"JAM2",653.796007659372,-1.20837162012995,0.457808925157645,-2.63946715262016,0.00830364696762096,0.0383593082624442,1.41612923311014
"TMPRSS2",4261.35073698474,1.21192866062309,0.459301675317494,2.63863322463464,0.00832409860448379,0.0384241758991367,1.41539543824059
"PTGDR",17.8891509247059,1.45556484418405,0.552923902241355,2.63248674597664,0.00847623301505912,0.0389700769253431,1.40926873692686
"SLC28A2",1331.99638229156,1.18843771539946,0.451456087979894,2.63245473267909,0.00847703185787045,0.0389700769253431,1.40926873692686
"LOC100357673",34.2985213519838,1.79967689382812,0.684459614853116,2.62933978101006,0.0085550834284037,0.0392586426068926,1.40606472049066
"TMCC2",370.316826157586,1.15144946369048,0.437944828470918,2.6292112358325,0.00855831815438734,0.039263467777679,1.40601134584143
"NPY2R",21.1135558563752,-1.71216025094084,0.651522836034033,-2.62793590070173,0.00859047012736394,0.0393530100926453,1.40502204306023
"LOC108175893",7.4829083487432,2.67519518459113,1.01845501840345,2.62671903643307,0.00862124863847632,0.0394615768679965,1.40382556451245
"CASQ1",26.7076459496609,1.66087918340967,0.632417882349209,2.62623690721725,0.00863347051614109,0.0395074640616492,1.40332084628359
"CHRNE",541.959870453657,1.2477983048227,0.475297411316806,2.62530002291763,0.00865726463972338,0.0395740738209847,1.40258924043636
"SLC10A5",28.0632578770072,-1.86902039869409,0.712350681083392,-2.62373638199033,0.00869710711886834,0.0397077365894207,1.40112486777722
"LOC100339782",20.279181212693,-1.2310071520016,0.469652160445251,-2.62110399073763,0.00876455225443477,0.0399446801175253,1.3985410523812
"LOC108176363",30.6005451690148,1.3782945775966,0.525897458955631,2.62084281664667,0.00877126927758475,0.0399651651097249,1.3983183884718
"LOC108178662",67.8161146188843,1.42220190037239,0.542909005476192,2.61959533923177,0.00880341610427841,0.0400608894785787,1.39727941222292
"PAX1",141.737561046835,1.50051971111551,0.572901861813731,2.61915663245544,0.00881474633763522,0.0400820222847109,1.39705037484204
"PINLYP",18.5533960120004,1.67621866981999,0.64010508772952,2.6186616884512,0.00882754461710199,0.0401300713837114,1.39653006773877
"CCL24",6.9836973342027,1.78213451908814,0.681280078824895,2.61586177914089,0.00890025784887547,0.0403484338679547,1.39417331783671
"LOC100347254",5247.3955326065,-1.13016635066634,0.432041525314043,-2.61587436495795,0.00889992980361403,0.0403484338679547,1.39417331783671
"ASTN1",52.0631860703066,-1.77720958792475,0.679798437843322,-2.6143184346863,0.008940566582373,0.0404699595815243,1.39286722935021
"LOC103347347",130.590023204319,1.3714247158626,0.525030170915042,2.61208744151299,0.00899912338058661,0.0407042844256714,1.39035987567656
"LOC100347614",11.0014828042518,1.18765675994682,0.454739777597428,2.61172833003897,0.00900858089999457,0.0407368164207952,1.39001291409151
"LOC103348363",13.1107991097137,1.51464938887705,0.580029400090812,2.61133209564878,0.00901902638250923,0.0407638428813056,1.3897248810082
"GPR20",115.149685126197,1.26610149746855,0.484849355488511,2.61132964937715,0.00901909090439919,0.0407638428813056,1.3897248810082
"ALDH1L1",5843.97757974732,-1.18633273472165,0.454820866273362,-2.60835160102049,0.00909794507472857,0.0410480291580328,1.38670768985608
"ST18",23.5478079042126,-1.27754615225344,0.490045532035895,-2.6069947968832,0.00913407482561831,0.0411490986132063,1.38563967373478
"RD3",31.2441925618712,1.06600910973949,0.409140330976518,2.60548527981875,0.00917442156900565,0.0412791587433069,1.38426916208003
"LOC103348190",51.1239106624247,-2.00296136072979,0.76885637151304,-2.60511772411815,0.00918426973845583,0.0413028024447086,1.38402047994211
"FOXN1",139.688494439334,-1.24707099572782,0.478788736811163,-2.60463728539978,0.00919715668597174,0.0413297515843368,1.38373720507096
"FRMD8",2037.91831808403,1.56042649393354,0.599514819876786,2.60281554716903,0.00924616844341854,0.0414877977261575,1.3820796179732
"LOC108178556",7.43642958821456,1.16141376632285,0.446412238350263,2.60166202121812,0.00927732311477469,0.0415653659432257,1.38126839159842
"LOC103351169",20.1395919954874,1.10336279561125,0.424399317750345,2.59982226517224,0.00932720549659032,0.0417152855203022,1.37970477954109
"LOC108176508",20.9029610440804,-1.18132817026288,0.454464345333451,-2.59938580967471,0.009339074432206,0.0417380503451274,1.37946784142601
"ETNPPL",3449.74540535551,-1.05477830764605,0.406255315789313,-2.59634339946229,0.00942218450654625,0.0420467906118431,1.37626714785085
"SERTAD1",966.195672415117,1.07196778674434,0.413108650637586,2.59488099581038,0.00946236752646183,0.0421633343894672,1.37506505126599
"LOC103345025",13.3170759579629,1.04275924981087,0.402395525404864,2.59137883991558,0.00955921954340555,0.0424581388660423,1.37203904686156
"DPYS",5202.28854480646,-1.1341230886979,0.437677706418219,-2.59122882446793,0.0095633878887219,0.0424590371879321,1.37202985823194
"LOC100009332",762.639292749985,1.41194275349782,0.545221478757514,2.58966825135989,0.00960684636103978,0.0426275659898691,1.37030946461647
"ACTN1",5927.32547958133,1.0562527540275,0.407936477110758,2.5892579195381,0.00961830238046359,0.0426468318565723,1.37011322612164
"LOC108176132",10.418192107309,-1.53888932950591,0.594453745074512,-2.58874528465292,0.00963263170248599,0.0426982554213694,1.36958986915181
"RGS9",12.69700863804,-1.23850118317568,0.478430877556029,-2.58867318410201,0.00963464860431034,0.0426982554213694,1.36958986915181
"LOC100342424",64.6381289750158,-1.25287625943222,0.484311733160095,-2.58692113704803,0.0096837752923764,0.0428526119237444,1.36802270210721
"LOC100343225",6316.08598791696,1.94764986791771,0.753676772430451,2.58419781418624,0.00976057951012543,0.0430781592633708,1.3657428624502
"LOC108177633",6.13702541300753,2.20041762207974,0.851914613455102,2.58290864756448,0.00979712605502306,0.0431970967823367,1.36454544054111
"LEAP2",2101.90716769902,-1.40381281868623,0.543550982927287,-2.58267000296093,0.00980390474417119,0.0432140742448958,1.36437478625386
"ZNF385B",401.034606242349,-1.32084340285842,0.511464527179981,-2.58247313873564,0.00980949980926873,0.0432175513400022,1.36433984341417
"CITED4",41.5725566956131,1.02985596187536,0.398779542529569,2.58251954285994,0.00980818070448297,0.0432175513400022,1.36433984341417
"EPHB1",21.8890747052791,-1.21831693096062,0.472124969122044,-2.5804967130338,0.00986582954994319,0.0434019272568929,1.36249098526974
"IRS2",108.122426091941,1.13334590951455,0.439652497152421,2.57782206823595,0.0099425179620022,0.0436432128456548,1.36008328581562
"FERMT3",1283.57506846012,1.22464315027664,0.475468091203767,2.5756579104523,0.010004957694522,0.0438851607751911,1.35768230624779
"CYP2C",47274.6100321076,-1.60498698941429,0.623378205006087,-2.57466009643154,0.0100338638290927,0.043968030388131,1.35686298879751
"LOC103346238",74.5882836642894,-1.22079742480209,0.47417271183041,-2.57458388967502,0.0100360745520061,0.043968030388131,1.35686298879751
"KIAA1024",17.8692147793266,-1.60031218146134,0.621787265976178,-2.57372942327617,0.0100608919453452,0.0440338478328274,1.3562133626997
"ADIPOQ",452.870777576677,-2.08136707914825,0.808971414962857,-2.57285614874762,0.0100863120635756,0.0441021726601855,1.3555400148159
"LOC108175634",82.4519292564246,-1.12278433678186,0.436473650539571,-2.57239889600178,0.0100996450187646,0.0441497365137246,1.35507188395452
"LOC103349303",5.07556325934197,-2.15793139978037,0.839082474780027,-2.57177508128279,0.0101178600364142,0.0441863999259043,1.35471138101306
"PCSK5",1530.72275699143,1.25379882541742,0.48754740251292,2.57164497022254,0.0101216628865388,0.0441922761232127,1.35465362952405
"NPY5R",8.17493489949376,-1.22413338344927,0.476079909300934,-2.57127713128404,0.0101324208674178,0.0441963707314319,1.35461339209946
"LOC100349113",968.169622497466,1.73968424842443,0.676794600530274,2.5704759569024,0.0101558876126673,0.044266476690792,1.35392504352014
"CACNA1E_2",14.3218610534593,-1.75448009063937,0.682764875851347,-2.56966951976212,0.0101795573614995,0.0443588949816348,1.35301928103856
"CHPF",1675.89788709938,1.2516209061483,0.487526642481449,2.56728719435252,0.0102497681364175,0.0446046666380195,1.35061970206995
"EFCAB8",40.027957492543,1.06781109495544,0.416023866913307,2.56670633557174,0.0102669521617965,0.0446423761309835,1.35025269773735
"LOC103350566",61.0676658595198,-1.43547689539154,0.559490948540833,-2.5656838580415,0.0102972632673593,0.0447477149406434,1.3492291371974
"AMDHD2",2150.20980407081,1.10718142980669,0.432028813158179,2.56274904840969,0.010384707872384,0.045023767207559,1.34655816973073
"SELE",46.4124764997496,1.15302710769476,0.449988596271706,2.56234739557389,0.0103967266486132,0.045065011339759,1.34616051531548
"GPR1",21.2185266917696,1.95607849992849,0.763640922272882,2.5615160776173,0.0104216417484043,0.0451403673418361,1.34543491105615
"FMO3",9927.68688531801,-1.44101499976829,0.563651541747223,-2.55657067006574,0.0105709596296619,0.045633043709668,1.34072056295584
"LOC100341751",63.4243436216887,-1.2711368318501,0.497194412504722,-2.55661930198789,0.0105694820581996,0.045633043709668,1.34072056295584
"SLC22A2",6.83453228209124,2.62107871010923,1.02566563480364,2.55549042608902,0.0106038278102376,0.0456874076040522,1.3402034839928
"KCTD16",14.458933039318,-1.16730420124591,0.457047256521841,-2.55401205146525,0.010648957066812,0.0458269547474387,1.33887900115199
"EDN3",526.483429722173,-1.30691287860884,0.511747130810288,-2.55382551249384,0.0106546635233635,0.0458295787620592,1.3388541345107
"LOC108177498",47.0089908121537,-2.61650228092897,1.0254194128704,-2.55164106324528,0.0107216911679639,0.0460408056267102,1.33685708564664
"LOC100352904",554.877126442186,-1.35488777643482,0.531453145721448,-2.54940212009765,0.0107907797049533,0.0462822280500547,1.33458574205925
"LOC100356376",3082.50146503498,-1.24937699256556,0.490341829731619,-2.54797146971815,0.0108351331931611,0.0464060574769729,1.33342532640376
"RND2",769.431409245186,-1.02149909031131,0.400936349921898,-2.54778368314645,0.0108409670284856,0.0464199883429251,1.33329497294094
"LOC103351625",16.3903171628318,1.4750594378577,0.579080853174335,2.54724263420539,0.0108577910346755,0.0464367452955064,1.33313822712761
"BMPR1B",33.8432969709456,-1.11671194665884,0.438444120515055,-2.54698807534927,0.0108657146090817,0.0464595842914232,1.33292468047527
"LOC108175717",10.7094004179911,1.34834758730098,0.529722954358987,2.54538259330786,0.0109158064773875,0.0466072800781903,1.33154624101722
"ZNF296",63.03065201871,1.12981000190494,0.444092678040084,2.54408608331742,0.0109564079328675,0.0467362524346985,1.33034611462633
"LOC100353095",3230.93429212458,-2.25802518593244,0.887879558713072,-2.54316609023561,0.0109852997426332,0.046804536331026,1.32971205273661
"SV2C",30.3352002393311,1.48814442124087,0.585520804390792,2.54157394593214,0.0110354600274858,0.0469731865406636,1.32814997739211
"CAPSL",684.167072947903,-1.47386740297453,0.580012027097137,-2.54109800162419,0.0110504940421828,0.0470260494213478,1.32766150406434
"LOC108177728",4.27307015917884,-1.57223927664282,0.618753420764493,-2.54097872250994,0.0110542646526519,0.0470309665278665,1.32761609602735
"KRT38",9.61865551588595,-1.75706177303104,0.691560562921791,-2.54072002834804,0.011062446331847,0.0470435173402544,1.32750021447537
"TCFL5",6.50354579355633,2.13127211315233,0.839065477075088,2.54005458618291,0.0110835168884053,0.0470997088187809,1.32698177777105
"MOCOS",791.831145281593,1.02308179200053,0.40292310507582,2.53914898180885,0.0111122492123941,0.0471995016144772,1.32606258711221
"LOC103350124",31.2605046366544,-1.13016689882202,0.446414985728111,-2.531650896483,0.0113526957852531,0.048061883475045,1.31819921383193
"LOC103348945",12.511238796239,-1.07185770988973,0.423422106348897,-2.53141650806141,0.0113602859771762,0.0480826978144354,1.31801117301337
"CNTNAP1",177.55110397695,-1.00301733568832,0.396486347174148,-2.52976513021712,0.0114138902933249,0.0482868508668913,1.31617111714528
"LOC100352972",23.0694211887587,-1.08628297480435,0.429529919510096,-2.5290042100986,0.0114386655082691,0.0483689067718577,1.31543372837163
"LOC108176473",14.0491850751282,-1.04542397118441,0.413416566780495,-2.52874232720209,0.0114472033316534,0.0483936306338635,1.31521179460755
"GREM2",150.167172910663,-1.31880609551591,0.521665810879497,-2.52806695016581,0.0114692478693696,0.0484489166496448,1.3147159296213
"MIP",26.861780886549,-1.05305945522441,0.416661707530252,-2.52737277314583,0.0114919453039963,0.0485029674600021,1.31423169001465
"TDRD15",32.7560885914267,-1.48243472124273,0.586616658439619,-2.52709277841847,0.0115011115395609,0.048518881052654,1.31408922343328
"PLA2G5",569.398241254332,1.23495820780341,0.488837446574393,2.52631670600847,0.0115265518815919,0.0486148004311795,1.31323149273254
"LOC100358765",455.926073231733,1.29012606188234,0.510821768360872,2.52558943606124,0.0115504377506839,0.0486857538975109,1.31259810056794
"LOC103349006",17.8337475080027,-1.22764487906736,0.486155283035213,-2.52521143327459,0.0115628699095127,0.048710857918172,1.31237422136547
"GRIA4",6.71417241762151,-1.98321728993784,0.785741587020294,-2.52400703068122,0.011602560813189,0.0488597538098202,1.31104872564146
"LOC103347148",111.426655069524,1.46223796869501,0.579339532911481,2.52397408708931,0.0116036481606841,0.0488597538098202,1.31104872564146
"KCNIP1",35.3264917815686,1.68380293914092,0.667211834551568,2.52364069691989,0.0116146572395111,0.048894661937118,1.3107385522833
"GCKR",2726.92944515056,-1.11864729690744,0.443365802594372,-2.52307979181441,0.0116332001400414,0.0489498061110213,1.3102490240872
"LOC103350768",5.68179807657056,-1.55897979391411,0.618429145785539,-2.52087050640841,0.0117064923852214,0.0491314217727059,1.30864066800223
"LOC103348509",6.57015208203355,1.24629854701579,0.494386958593873,2.5208968912944,0.0117056146649366,0.0491314217727059,1.30864066800223
"LOC103347182",217.941081151899,-1.7206873417101,0.683082244552666,-2.51900463733607,0.0117687106718913,0.0493238155961998,1.30694333458486
"FGF21",449.291043414412,-2.14450230526917,0.852470591407494,-2.51563200758449,0.0118819171588245,0.0496760747439864,1.30385272813695
"FMNL1",3631.24537331112,1.05883735962863,0.420909212090254,2.51559559452356,0.0118831446590653,0.0496760747439864,1.30385272813695
"MAK",4.19534135054911,2.63349227652764,1.04754392318743,2.51396835801838,0.0119381144346891,0.0498016817428553,1.30275599139068
"LOC103352377",71.032966907801,1.17761523398927,0.468489250933827,2.51364408391861,0.0119490956592621,0.0498243766139971,1.30255812634137
"LOC103348124",32.2770605460978,-1.09309770787126,0.434886248271164,-2.51352557643921,0.0119531110327938,0.0498295662526108,1.30251289318049
"LOC108178836",139.997238082493,1.24399779869271,0.495119901247343,2.51251827195541,0.0119872897275828,0.049925756938594,1.30167534194524
"LOC108177258",5.17026412132687,-1.60930680066229,0.640600814859331,-2.51218350544195,0.0119986678052486,0.0499430747256809,1.30152472399326
