"Gene","baseMean","log2FoldChange","lfcSE","stat","pvalue","padj"
"ZFP37",27.6664538763943,1.24040353611566,0.367815800235993,3.37234978845337,0.000745297283466752,0.0173569090215357
"AKAP2",1894.51908705915,2.15858649880625,0.566459555475381,3.81066305253643,0.000138594564257882,0.00593982045942394
"PALM2",85.681543090011,2.72576954190115,0.757234839228714,3.59963567534412,0.000318663334742591,0.0101461907870581
"TMEM245",3766.01188155793,1.96181695333881,0.603910901130935,3.24852051795215,0.00116006842037499,0.0228931851178872
"LOC108178114",47.9206388574347,2.84116101178824,0.917546636371155,3.09647586200617,0.00195835805446464,0.0325103391078234
"LOC100357282",257.099813035586,3.35896184516371,0.767720849391983,4.37523853601727,1.2129975909904e-05,0.00132126921586545
"PLPPR1",25.5604185344673,3.23175741916285,0.926299912826203,3.48888883007939,0.000485032823863155,0.0133339040381402
"NR4A3",655.170129324233,4.58754178191118,1.07891481397403,4.25199628598444,2.11873375108803e-05,0.00184703730536027
"COL15A1",1813.19033250139,2.3163795230225,0.520510453785675,4.45020749569094,8.57873634575839e-06,0.00103642847235863
"GABBR2",33.0362834916711,1.62636990090264,0.554851927959097,2.93117824585181,0.00337678967098092,0.047090184102935
"TMOD1",273.573534234818,2.25508447937047,0.69440330761114,3.24751402341145,0.00116417927019559,0.0228931851178872
"CCDC180",40.1858361413202,3.36932720748923,0.836609636492852,4.02735883083272,5.64069137308092e-05,0.00344399066531705
"GLIPR2",781.758706121831,1.33487970451025,0.39235408378229,3.40223221749605,0.000668378196455091,0.0163602122501665
"RECK",159.153235668716,1.45076219687806,0.433105519692296,3.34967376520338,0.00080906790148785,0.0182042025650617
"LOC108175942",14.6055005899962,2.32272550392014,0.598595725244596,3.8802908306287,0.000104331636300595,0.00495622013335587
"TPM2",28800.6682117812,3.64526833642614,0.764637390926151,4.7673163511019,1.86696041465613e-06,0.000379749569575338
"DNAJB5",999.380581475039,3.96413278841653,0.818872197318616,4.84096639426399,1.29209224157033e-06,0.000300909824601137
"ACER2",4528.84931218807,3.12352548676149,0.794516519768197,3.93135373405802,8.44688805405533e-05,0.00430226584318936
"ADAMTSL1",73.178184156194,1.98467708284287,0.672088951967051,2.952997630796,0.00314704378359256,0.0447280800001098
"CNTLN",183.117495780451,1.97471438053905,0.66701914482012,2.96050630011765,0.00307133839932291,0.0439746477168082
"BNC2",255.464849585148,2.49354666110037,0.638837339960401,3.90325753540789,9.49066224884736e-05,0.00464614942885014
"VLDLR",1363.38669010031,2.93352653623075,0.679639028491813,4.31630087921898,1.58665675334312e-05,0.00153962371386902
"PGM5",4063.39942217221,2.47756075571757,0.67361528235747,3.67800556282925,0.000235064834429193,0.00829443058628723
"MAMDC2",531.562035056524,1.70363598110394,0.572445255897838,2.97606795331356,0.00291970158802936,0.0426496194337407
"PRUNE2",4949.15128309573,3.980481874859,0.814758171147378,4.88547647120066,1.03179027661855e-06,0.000254993926579659
"RASEF",1584.29470810184,2.96286574551472,0.72035085615733,4.11308700501858,3.90403162365529e-05,0.00270823504377993
"ASPN",2204.9279055202,3.40176123329918,0.825012520966493,4.12328437065907,3.73508108589187e-05,0.00264736051574823
"ECM2",197.504342825347,1.42827591673902,0.442794252909516,3.22559723247104,0.00125710127125565,0.0241975156672491
"WNK2",692.806782363861,3.13402937157214,0.913308947380531,3.43151064112628,0.000600229581448839,0.0152176401816158
"BARX1",553.625287049951,9.61954147652939,2.12198300469537,4.53327922761113,5.80749617769801e-06,0.000776014776137975
"PTPDC1",208.379515699029,2.14104318081056,0.732854138654419,2.92151339247629,0.00348335299272275,0.0478396128789943
"ZNF367",435.648995216802,2.07941275877899,0.499861991110382,4.15997374427256,3.18284181191353e-05,0.00241984261272706
"LOC103348611",89.8363154902667,-2.08346263027535,0.486896603243866,-4.27906585586064,1.8767933114174e-05,0.00171938458698736
"DIRAS2",88.858773027358,2.98085554368333,0.761632666074496,3.91377060945515,9.08659619675831e-05,0.00450242222491045
"ADAMTS8",87.7539795946463,1.49825952363712,0.418921984875608,3.57646430058334,0.00034827285254082,0.0107123472492839
"LOC103348895",7.00148699833463,-4.54098588623116,1.09828883706872,-4.13460078347952,3.55572189056185e-05,0.00258774010089015
"SLC37A2",691.70616732253,-2.47729388346847,0.777861130943244,-3.18475083137844,0.00144878693546513,0.0264480678857251
"VSIG2",1241.58829915527,6.41006336702492,1.23146162421736,5.2052481709276,1.93737515441881e-07,9.86971555229231e-05
"CLMP",1163.0683788645,2.92074969689877,0.732450243303258,3.98764246937315,6.67331303644615e-05,0.00377227987565817
"TBCEL",469.023299606546,1.04694369495757,0.334909663425129,3.12604803411895,0.00177172610265313,0.0304388535408447
"TMEM136",60.9013617052919,2.21510275127968,0.633201762132016,3.49825740190827,0.000468308920914094,0.0130725548437355
"LOC100341914",43.0725824326701,4.15415803284743,1.20885166966114,3.43644976228713,0.000589391648440329,0.0151503960880531
"TAGLN",26024.6059807819,3.33679505410262,0.722841897416023,4.61621699853152,3.90798320576006e-06,0.000615264659234054
"DIXDC1",1033.09272905551,2.54885118992633,0.700291053674544,3.63970263014511,0.000272953075291935,0.00908098170083496
"HSPB2",53.1581345222329,3.90113953196823,0.907392080705034,4.29928761218314,1.7134799125457e-05,0.00160535342151264
"CRYAB",824.623422223132,3.03136011320394,0.762243226127866,3.97689347611916,6.98214231836312e-05,0.00387152666918216
"LOC100357544",22.851585711608,1.03835060689343,0.340305486462308,3.05123087402365,0.00227905257254074,0.0360709854733585
"ZC3H12C",175.413437069915,1.06649498993362,0.335185271539981,3.18180743752164,0.00146359093655288,0.0266884333866724
"LOC100358658",103.696270541693,4.5742900052813,0.961006752322414,4.75989372002523,1.93694927707455e-06,0.000380435507408065
"MMP13",1364.1869869585,4.4672043437914,0.870373460045537,5.13251443071079,2.85896800275527e-07,0.000116517240952291
"SLC36A4",473.763752519432,1.68344236178875,0.546017550952377,3.08312866290186,0.00204836572674603,0.0334121313672527
"FAT3",197.795265764408,5.29508226009224,0.935089058505085,5.66265021703646,1.49052793783598e-08,1.49967154164614e-05
"TRIM77",58.3892031540225,-2.13111040851214,0.65156221515239,-3.27077040219974,0.00107254950012587,0.0217487088508035
"SYTL2",11143.0655857575,3.69065468109374,0.859445745675029,4.29422648220221,1.75303451123923e-05,0.00163302677726982
"KCTD14",691.59348651331,4.83109135438848,1.03872563026957,4.65097925150333,3.30362568852966e-06,0.000560996937233442
"KCNE3",537.082064633364,2.61358430948011,0.74869187608076,3.4908677294078,0.00048145454706897,0.0133028339429124
"P4HA3",20.8179003289984,2.37246344702328,0.646263904607993,3.67104433669764,0.000241561428128574,0.00844095257352731
"ARHGEF17",637.228211606568,2.05111924313108,0.674360702406551,3.04157587447099,0.00235343243199968,0.0368330763138356
"PDE2A",922.8220453685,1.60072961817386,0.521562110782365,3.06910641145443,0.00214700102190543,0.034418758394067
"ILK",4712.75284988727,1.48820106900913,0.480865959948224,3.09483555286253,0.00196922045664605,0.0326242193945568
"SYT9",93.8231627967231,1.93967561067738,0.657625228062409,2.9495152070007,0.00318272909437308,0.0450444743625717
"DENND5A",2112.30920517514,1.54111621512245,0.471471255056524,3.26873844077235,0.00108028113356649,0.0218592329788455
"LOC103350336",38.9656284615325,2.13701496916581,0.676885280309025,3.15713021295156,0.00159330179983152,0.0284802696719885
"LOC103350964",35.1489909976598,1.52295978159748,0.4953284805561,3.07464610128549,0.00210752468769186,0.0340189524539288
"AMPD3",236.954738546842,2.80543102515369,0.736978233472484,3.80666741259792,0.000140851958674153,0.0059434797598778
"MRVI1",1694.72795185153,2.24934382842897,0.639370634025108,3.51805933636395,0.000434715148137268,0.0123893817219121
"DKK3",660.682426171925,1.96237317577639,0.609818345842975,3.21796349544671,0.00129104247921599,0.0245871197385269
"PARVA",4618.24435415885,1.63227124931092,0.491376045451932,3.32183724546375,0.000894268400132994,0.0192806894379915
"RASSF10",206.785437066205,1.5337817261632,0.51632585029916,2.9705693125272,0.00297248320092136,0.0430732632368178
"FAR1",1993.31827621802,2.51469080097593,0.657367020724295,3.82539847862342,0.000130560730623863,0.00575979264886356
"LOC103350444",30.5878596629938,2.421942079882,0.801070174295717,3.02338316616434,0.00249965527784483,0.038334318287325
"LOC100008770",316.918605657781,-2.25480767639737,0.735985217757647,-3.06365891867662,0.00218648039967147,0.0348767157293976
"PAMR1",266.69876162706,2.29240472692904,0.572191909798415,4.00635641237337,6.16625816430671e-05,0.00362896536442339
"SMTNL1",1644.21110243372,3.90326908125461,0.844097687425777,4.62419118000229,3.76062900684865e-06,0.000601037000682811
"GLYAT",256.143599162307,-1.86818345966781,0.574676012266122,-3.25084642440702,0.00115061993372286,0.0227915020164643
"LOC100353150",8.09391637449773,-3.44736942790418,0.857119441379337,-4.02204087490587,5.76960422036717e-05,0.00347070435425925
"LOC103352076",131.318479767571,3.95748616456645,0.877725529769412,4.50879691924436,6.51962779992986e-06,0.000839845162401164
"NPAS4",30.6139209483603,4.765926488477,1.37227243270948,3.47301772948022,0.000514641357428396,0.0137988213960489
"RHOD",60.1959837082397,1.3432534714045,0.420740144169726,3.19259640426095,0.00140999869473674,0.0259433394148965
"NWD2",72.3206312606554,3.11875088772669,0.919268209643451,3.3926452095372,0.000692212318137676,0.0167425003119887
"GABRA2",82.4585923627251,6.37041002175929,1.37108755137172,4.6462459785197,3.38029915794887e-06,0.000568099349204974
"GABRA4",170.228565534716,4.71590525033858,0.965091231087266,4.8864864775796,1.02651374316034e-06,0.000254993926579659
"LOC103345156",7.96009210440263,-1.81079803661124,0.624084930662434,-2.90152501309265,0.00371351131534332,0.0497266342356739
"SGCB",689.02848724263,1.74313761957858,0.586212337529688,2.97356010438845,0.0029436674910802,0.0428844213043695
"FZD3",57.5498638109666,1.96708689728869,0.546450511599209,3.59975305271822,0.000318519529724649,0.0101461907870581
"SCARA3",608.931169104747,1.68804134379955,0.459512108118984,3.67355139064684,0.000239202541512625,0.00840247279128594
"DPYSL2",2757.5070657343,1.63886053084366,0.47988128810179,3.4151373922628,0.000637498467732346,0.015730669675975
"NEFL",44.7876612367646,3.33591625646693,0.840504141572858,3.96894683971973,7.2190983174583e-05,0.00390974064211211
"ADAM28",1532.55105921261,2.53541816713529,0.757461102182058,3.34725857186776,0.000816150443662999,0.0182508704150812
"PALLD",6863.07175142935,2.31980287672565,0.630502262693215,3.67929349978304,0.000233880980352296,0.00828255926267271
"LOC103345486",28.185597336877,2.63341240749907,0.788598892852283,3.33935595315672,0.000839728886868277,0.0186756620923965
"HAND2",280.606944396931,3.60955576987437,0.896118678642464,4.02798854203386,5.6256084568777e-05,0.00344399066531705
"WWC2",851.856502761136,1.84436277469648,0.51696133323336,3.56769966364955,0.000360128944420637,0.011014675519597
"STOX2",329.206322219263,1.78424666217907,0.546534600529177,3.26465453504954,0.00109597659344213,0.0220600968471617
"PDLIM3",2639.49035483092,2.46534882997226,0.644312067448235,3.82632726364438,0.000130069345412316,0.00575979264886356
"SORBS2",5639.87284682988,2.98888720987668,0.688351690111598,4.34209322474695,1.41131621198837e-05,0.00143239604799688
"PDGFRL",114.933819453168,2.42960893706036,0.641023264152828,3.79020399559337,0.000150523613639706,0.00622260280010846
"SLC7A2",339.745025766535,2.03737219103288,0.646549920849172,3.15114444427897,0.0016263203954257,0.0288490479719584
"MICU3",166.52909165643,2.08404651493582,0.599114420926452,3.47854506942616,0.000504143653694868,0.0136520761503883
"RBPMS",1696.28536291549,2.82296375471476,0.704123362095158,4.00918916582299,6.09275951913869e-05,0.00359870165510866
"ST6GAL2",131.045794075399,2.15555549885263,0.619288197428602,3.48069849837747,0.000500108099554007,0.0135879370648824
"FHL2",3081.69777998251,2.32988033557125,0.606609410956879,3.84082457919017,0.000122621720424811,0.0055710840036768
"SLC9A2",291.116691688591,6.51254513204796,1.27485198471833,5.10847157953544,3.24775243562977e-07,0.000125400459223939
"SLC9A4",1598.83136386647,8.44347373977209,1.50218617782703,5.62079046152983,1.90085710589516e-08,1.72154291890571e-05
"MAP4K4",2036.10549524543,1.41605929609745,0.427701493573083,3.3108588989659,0.000930100950168587,0.0198202688753573
"MAL",1828.33393805782,4.93071967341959,1.04484024209304,4.71911348240408,2.36874657502043e-06,0.000443854099609
"TPCN3",95.3530369150085,1.76415454282313,0.506967561029953,3.47981740535643,0.000501755625122994,0.0136100169729701
"SLC20A1",7898.81695221794,-1.66725611472795,0.552763016287404,-3.01622226089937,0.00255945574459388,0.0390676475171998
"NT5DC4",134.058850230992,-2.95281637410372,0.803914125664963,-3.67304949600342,0.000239673036924792,0.00840247279128594
"CKAP2L",267.977033921729,1.24254847022881,0.354276166951456,3.50728777755765,0.000452699287091876,0.0127459478034055
"IL1RN",279.384273868253,1.26246799935192,0.261983061959767,4.81889168676789,1.44357892602111e-06,0.000318016535837786
"LOC100357553",321.415377745842,-2.91145092564444,0.980803282624815,-2.96843513599674,0.00299320268572373,0.0432581473250606
"LOC100358765",475.877248979229,-3.24940673541001,0.948686796101979,-3.42516281322915,0.000614431091695486,0.0154813843227509
"LOC103347741",106.207031037037,-4.3698266901158,1.44640306288767,-3.02116802863488,0.00251801584338716,0.0385433749097629
"TMEM150A",936.296923500685,-2.01741138662747,0.677365116794686,-2.97832193688084,0.00289831380557758,0.042451313260131
"LOC103347640",18.9900360388344,-2.570797293532,0.78247100048661,-3.28548571376224,0.00101806705016886,0.0210615850911838
"LOC100355021",1468.58993647049,-7.20876635122161,1.62138634981105,-4.44605096870447,8.74632052068528e-06,0.00103642847235863
"EVA1A",147.77598037283,1.25198377782147,0.354678589340248,3.52991078528403,0.000415699817538483,0.0120340754793399
"TACR1",94.7639432873799,-1.02453205802957,0.277038272367114,-3.69816072442123,0.000217167371021256,0.00793425451134447
"ACTG2",58709.5931533819,3.81511545668117,0.797706081606049,4.78260796131837,1.73035397008174e-06,0.000366340654808735
"DYSF",825.041647711908,1.78169425552096,0.546344767236543,3.26111708643778,0.00110974205659448,0.0222782739598978
"ANTXR1",2174.8234195896,1.22804408426314,0.408248774266337,3.00807782330775,0.00262905803610055,0.0397263787778818
"LOC100340733",126761.784186511,11.4811425790637,1.50768395153029,7.61508575282667,2.63516458525767e-14,4.29584530688706e-10
"GKN2",90631.2736245945,10.4639304655952,1.45349778756581,7.19913752543048,6.05946116224162e-13,4.93906679334314e-09
"MEIS1",895.679436207821,2.39784436875462,0.701356282354633,3.41886774109222,0.000628822832096928,0.0156316277659839
"PELI1",944.856722447165,1.00046002282032,0.288520013270024,3.46755849440503,0.000525209420477611,0.0139673148003687
"EHBP1",2355.51373776823,1.83357342360415,0.593885648190456,3.08741830887978,0.00201903257241615,0.0331097818571663
"CCDC88A",576.699731922847,1.70606957178628,0.513699776679924,3.32114135383262,0.000896501201938261,0.0192806894379915
"RHOQ",179.595339301595,2.26056493512139,0.637463101029986,3.54618946801605,0.000390845084727591,0.0114821633480583
"SIX2",303.486245201061,7.96792780518084,1.57461431316981,5.06024093553478,4.18727027842982e-07,0.000142210166831173
"PLEKHH2",118.605341966758,1.63337436902203,0.561315824386152,2.90990258613904,0.00361541423444874,0.0491154023749861
"PKDCC",1622.49500816429,1.71372120168891,0.554093319626117,3.09283859051986,0.00198251932086962,0.0326784933961745
"SLC8A1",529.176996502074,2.39755054527659,0.651698906228623,3.67892369062149,0.000234220330026507,0.00828255926267271
"TMEM178A",100.754526316061,2.90179471140645,0.738640092552067,3.92856377641307,8.54546893157793e-05,0.00431294843723169
"LOC100358590",302.397883855073,2.28381124312771,0.605118446400353,3.77415571565093,0.000160550460100945,0.00641493529550392
"CDC42EP3",607.844829907036,2.32705579920413,0.614715814009758,3.78557985034559,0.000153350581617322,0.00626546662036485
"LTBP1",1251.49511749903,1.75380901272719,0.474400029366141,3.69689903913055,0.000218249087934199,0.00794173355246274
"EHD3",552.107815967826,2.45113818444741,0.653140591813171,3.7528492566093,0.000174835998055002,0.00677001529760721
"LBH",280.364582211416,2.21140906244157,0.479146615362042,4.61530769818886,3.92513339224277e-06,0.000615264659234054
"CLIP4",68.6547810048068,3.42125731623091,0.855955565234603,3.99700341371482,6.41493762864704e-05,0.00370543352931254
"SLC30A3",7.04624842489992,2.96318416837149,0.887962325548759,3.33706068727662,0.000846694582287546,0.0186950542869068
"TRIB2",344.113049554283,1.16226927245596,0.318304416357272,3.65143935405346,0.000260774682995756,0.00883814736423454
"FAM49A",448.168762106794,1.33976755325802,0.446613881137527,2.99983410691496,0.00270126685522542,0.0404371462570108
"WDR35",327.842037635951,1.17104702117144,0.328897869755296,3.56051871677586,0.000370122926919818,0.0112037070763192
"KLHL29",166.481732541063,2.75121413804605,0.699631285088883,3.93237723452651,8.41099369211953e-05,0.00430226584318936
"DNAJC27",456.948814294477,1.55087331619119,0.517766810666116,2.9953123379924,0.00274163945733211,0.0407422118809736
"GDF9",84.8329692440084,-1.24858077591168,0.343123703822682,-3.6388648233901,0.000273842485658562,0.00908854443082763
"TGFBI",3315.57602632239,1.22347788387959,0.408399906396828,2.99578394783171,0.00273740308883758,0.0407422118809736
"SPOCK1",993.582935488017,4.76523983637402,1.08017427653609,4.41154722889277,1.02634560555648e-05,0.0011619087542904
"WNT8A",38.8808142639201,2.98444482862812,0.857048992046928,3.48223363695958,0.000497249640502025,0.0135328274448481
"DNAJC18",292.945963825544,1.43813697139947,0.462886804526292,3.10688694803305,0.00189068688097271,0.0316122846498636
"LOC103347896",7.72244501065043,2.38658898625537,0.7892864776132,3.0237297279847,0.00249679384323686,0.0383264908026811
"LOC103347895",14.0926510411628,1.68718138949791,0.491755435554653,3.43093592365671,0.000601502663473427,0.0152262366769314
"LOC100349989",15.8456022898338,1.92946812181841,0.615436691989411,3.13512039001343,0.00171783597346535,0.0300151790347612
"LOC100350982",7.5419386348607,3.19150771652136,0.944395054913256,3.37942019064733,0.000726388941169833,0.0171368922126637
"LOC103345018",12.7863330700045,1.96799495430421,0.629679750485779,3.12539025240364,0.00177569314914387,0.0304388535408447
"FGF1",267.738171718053,2.53338456422699,0.66956781122038,3.78361163988685,0.000154568944835101,0.00628374797681249
"DPYSL3",4623.62949918822,2.61064448177514,0.641077388769432,4.07227665100832,4.65558355364031e-05,0.00301171917029541
"SPINK1",1618.15137550985,-4.72910040271327,1.11190731141355,-4.25314264432817,2.10791206837519e-05,0.00184703730536027
"SH3TC2",39.0061367638038,1.53929968586423,0.334104242755643,4.6072437547285,4.08041571480643e-06,0.000621672308250229
"IL17B",138.537064574646,3.68629583991819,0.897016215322305,4.10950858741576,3.96501970790154e-05,0.00273888776602589
"LOC108176480",2227.09018633465,3.58557767272495,0.840258646665993,4.26723091390006,1.97914272866607e-05,0.00177274641553376
"ANXA6",2503.79636385977,1.4956472386328,0.434268069090769,3.44406449630121,0.000573038987983942,0.0148516400351577
"CCDC69",1529.06829961749,1.63653900693827,0.465952443794069,3.51224471238431,0.000444338659139643,0.0126042272905925
"SPARC",22362.8116386344,1.38488065344927,0.380174968356576,3.64274549541187,0.000269745510840186,0.00904262727918276
"GRIA1",293.520047629348,3.14378450193874,0.785911512957377,4.00017616500961,6.32953478697751e-05,0.00368514557490384
"SGCD",329.293672220493,3.01283894192185,0.761046097050762,3.9588126837485,7.53232814159754e-05,0.00398776766884202
"NIPAL4",187.408219635689,2.70279586586502,0.722743123822687,3.73963553132068,0.000184287264960796,0.00701927802194133
"ADAM19",1443.39056311275,1.04952876352427,0.296127064859445,3.54418385912286,0.000393830501404871,0.0115217254130249
"C1QTNF2",178.677868626475,3.04560780410996,0.701829157897097,4.33952874405442,1.42788589994683e-05,0.00143621281024867
"TENM2",12.9267856868762,1.82372720845192,0.601590357657352,3.03151003874743,0.00243333828910193,0.0377793150370855
"KCNMB1",557.815890653831,2.47495073842068,0.68813548973461,3.59660383070082,0.000322398928775049,0.0101821779087479
"KCNIP1",324.107034166528,2.89116271199358,0.724000544986455,3.99331565703126,6.51557373082912e-05,0.0037138770265726
"NEURL1B",358.9000269527,1.68489410725947,0.484822723079876,3.47527875045964,0.000510322763975146,0.0137488707856595
"DBN1",251.755035205406,2.09387509813053,0.66704928155231,3.13901109863699,0.00169519027168316,0.0296959974271214
"PDLIM7",2887.6698799506,2.94015731479343,0.70516043687672,4.16948705718078,3.05285951434827e-05,0.00238123042119165
"PLAG1",130.389940272401,1.64184539717984,0.517161518330706,3.17472460534068,0.00149978768715179,0.0271360031919517
"LOC103348029",13.0558027605517,6.05179555628114,1.61793676876991,3.7404400920329,0.000183698327918015,0.00701323218201283
"LOC100008743",485.186409547243,1.92876690371237,0.591945388482837,3.25835278260351,0.00112061002620023,0.0222782739598978
"LOC108176505",3759.72584772201,1.49890270153379,0.507693839582087,2.95237520070685,0.0031533950965248,0.0447793091145882
"C3H8orf46",27.711962062802,2.80352300018327,0.897680302887745,3.12307509830017,0.00178972075494086,0.0304999058165378
"MYBL1",140.324123319211,3.30596176038356,0.808106186026909,4.09099919979263,4.29518613781108e-05,0.00284634652108115
"SULF1",342.027076282654,3.58878366481513,0.877577365234143,4.08942140828533,4.32450560390781e-05,0.00285417369857915
"SLCO5A1",54.9568289227244,5.20223681190289,1.43781019911331,3.61816658075667,0.000296697414214174,0.00965421406490912
"SBSPON",215.755859881615,1.82426227890656,0.622041186829003,2.9327033603774,0.00336024778461145,0.046899622760904
"JPH1",138.936673547786,3.200265948793,0.756266484843447,4.23166438409007,2.31968365938745e-05,0.0019472799120679
"ZFHX4",125.40980869142,2.75375071565906,0.781842862105998,3.52212810160019,0.000428097225893923,0.0122435806605662
"ZC2HC1A",348.669982941178,1.74442027462244,0.502854897394642,3.46903308222811,0.000522335130737783,0.0139342333284308
"MMP16",222.265811801945,1.82293131581409,0.580359338494143,3.14103899929317,0.00168349613136535,0.0296751205380492
"RUNX1T1",221.242215062638,2.25129518908729,0.686349302611215,3.28010122618649,0.00103769847130872,0.0213054917874997
"GEM",1032.77378528587,2.58960464011032,0.640866159954331,4.04078854825922,5.3271775058623e-05,0.00328953210986997
"SNX31",250.655286550073,4.61854113935248,1.08071171047329,4.27361070912227,1.92332718505621e-05,0.00175162456820035
"ANGPT1",78.9107931902746,2.63211262923507,0.715776902986014,3.67728075361842,0.000235733539467582,0.0083000608215994
"TRPS1",258.49712576088,4.04013629021756,0.808007828721086,5.0001202297907,5.72945755239706e-07,0.000166788601819959
"NOV",167.694891164576,4.22306259493954,1.0429940410419,4.04898055862419,5.14412173360267e-05,0.00325531709412746
"COL14A1",2683.0553393994,2.02855791236936,0.548211096977057,3.70032260119363,0.000215325561217719,0.00792378622792608
"SNTB1",431.769833770508,1.75396283309184,0.548732509779602,3.19638950095433,0.00139159116902121,0.0257907928912737
"LOC103348124",38.2820950670088,3.18256537736979,0.829283693032545,3.83772815516449,0.000124177840838029,0.00560760986521203
"ZHX2",497.831989155042,1.18509503281264,0.407604821064062,2.90746078448956,0.00364376027491384,0.0493997570622232
"ATAD2",890.300986702695,1.24495857119776,0.351073663888535,3.54614629137501,0.000390909131282808,0.0114821633480583
"FER1L6",1572.04903922715,2.4126272569368,0.750741180298911,3.21366047347529,0.00131054542136172,0.0248713753888694
"LOC103348133",33.8290650834881,1.80019136439461,0.616004005485343,2.92236957611381,0.00347379074571873,0.0477888073727483
"ADCY8",263.686691098319,-1.80275894800699,0.558896437176672,-3.22556886766684,0.00125722584775855,0.0241975156672491
"FAM83D",2056.57068026547,4.03512107217988,0.823505424361431,4.89993259644747,9.58695396719716e-07,0.000252075038021368
"SOGA1",865.123340431581,1.86800817355991,0.526649297174673,3.54696794162881,0.000389692008005122,0.0114821633480583
"MYL9",21534.5782693612,3.27672006725229,0.729522831554808,4.49159358079133,7.06922267142314e-06,0.000900331781168282
"LOC100355189",956.483610817738,3.37604589776573,0.858089470315698,3.93437516081355,8.34134094444381e-05,0.00430226584318936
"SNTA1",1011.23747917224,2.22877798409953,0.651412442980816,3.42145442279365,0.000622871638205945,0.0155695292375784
"TPX2",772.641701176271,1.03243869828497,0.292206852895314,3.53324601409964,0.000410490298511068,0.0119071402959563
"TCF15",13.2527771961607,2.53303987681434,0.857719541564014,2.95322626344208,0.00314471373265733,0.0447280800001098
"ADAM33",1176.87858885129,3.32632129946317,0.71739545116188,4.63666349441709,3.54078145304391e-06,0.00057993694978823
"RASSF2",1644.19072352837,2.27059995795547,0.56439219588616,4.02308886357008,5.74398114024297e-05,0.00346808816845337
"FOXA2",618.52793307572,2.17409475595597,0.680201097994957,3.19625293514609,0.0013922500453679,0.0257907928912737
"SLC24A3",279.505625236513,2.24402582882957,0.675619273544734,3.3214354840056,0.000895556841402922,0.0192806894379915
"PLCB4",1491.54518034911,2.05632597860505,0.629691159524082,3.26561036708728,0.00109228430566961,0.0220376469690915
"BMP2",854.754585740947,2.08134645610174,0.602113724331599,3.45673312531155,0.000546766044231246,0.0144463209936106
"WNT10B",6.3637080090187,4.26970094895885,1.2370638578939,3.45147982597116,0.00055752143448587,0.0146065725239941
"LOC100340483",3139.27830700424,2.16161475489833,0.589321762497598,3.66797035584977,0.000244483521205789,0.00848132228298158
"LOC103348262",14.2232504556365,3.12236013881413,0.90484782851021,3.45070191963101,0.000559130737134701,0.0146072905076441
"LOC103344945",1110.55610412962,2.19646742361653,0.683692597632506,3.21265351010449,0.00131514845066911,0.0249076711187823
"KRT80",68.6235477662479,4.06206888963309,1.02085227392085,3.97909569621828,6.91778937765489e-05,0.00384893523667338
"LOC100350481",485.221710743976,4.36542981186762,0.913330230899424,4.77968391297926,1.75571003199528e-06,0.000366943396687013
"ITGA7",2499.16702958821,4.0656566781948,0.837521467356262,4.85439100567599,1.20757264156413e-06,0.000289497782393801
"GDF11",229.041018427736,2.12047691006711,0.607430452779392,3.49089661271433,0.000481402502598202,0.0133028339429124
"LOC100349824",40997.6816892096,1.42454954234687,0.448466504761796,3.17649038940718,0.00149068728650271,0.0270313505501303
"GLS2",111.112861877416,-4.61948008404031,1.06215847345164,-4.34914393614789,1.36669991243003e-05,0.00140261839500877
"MSRB3",2086.22778319093,3.41083949656469,0.764990959385638,4.45866641261214,8.24711551757376e-06,0.00103418828590375
"LOC103348318",2586.85727380077,3.45591201358756,0.759000466590983,4.55324096058812,5.28257074070277e-06,0.000742383346680488
"MDM1",97.9337132079354,1.55633671808743,0.454697072110096,3.42279907558013,0.000619798728751224,0.0155445521170807
"PPP1R12A",4391.69616541812,1.28315336135117,0.417336356748863,3.07462635497948,0.00210766421165919,0.0340189524539288
"LOC103348334",25.1158324233501,1.21753379098666,0.382194181865514,3.18564187723582,0.00144433264876626,0.0263963126011072
"ACSS3",98.3450984400428,-1.7040865962726,0.567886889428721,-3.00075002257381,0.00269315556476512,0.0403899006594305
"KERA",113.05660479276,5.57589578964048,1.15085305698542,4.84501106009671,1.26604625890498e-06,0.000299117190038681
"LUM",7473.01964080887,1.49695185593604,0.478260868399604,3.12999025185828,0.00174812104070895,0.0303103085084386
"DCN",14450.0361292167,1.70903530902976,0.548064289137578,3.11831174353479,0.00181890300579071,0.0308230320170479
"ELK3",1458.87263444006,1.01812701328921,0.30232094790942,3.36770250400994,0.000757973381704508,0.0174805292425355
"LOC100337800",158.562052867413,1.1702011459525,0.343546300342998,3.40623998798465,0.000658642546608678,0.0161704680644799
"GLT8D2",196.406418188757,1.96981850293408,0.608309847315988,3.23818283005841,0.00120293692974761,0.0234572701300785
"APOBEC3A",59.8535511311308,3.73438945784431,0.968092166674152,3.85747306547648,0.000114565299149587,0.00530580541686523
"NPTXR",107.313474759339,4.54019168033127,0.97184657501892,4.67171650035694,2.98693038862972e-06,0.00051800999144087
"LOC108176678",29.754947659559,-1.89087696812058,0.556261294405373,-3.39926036044243,0.000675683621151456,0.0164648645620494
"RBFOX2",2136.10836241971,1.41660108669776,0.4754837410053,2.97928396815985,0.00288922882648358,0.0423563024544382
"MB",29.6548827001221,3.0864158656284,0.912041750912474,3.38407300163674,0.000714190113303427,0.0169966820833175
"SYCN",4232.37159534163,-4.45454419854687,1.47313791372031,-3.02384736490641,0.00249582323949666,0.0383264908026811
"KCTD15",1249.32979848753,2.2509408730882,0.640909418405135,3.51210453216545,0.00044457310097477,0.0126042272905925
"MMP2",2503.45024908371,1.2177160558271,0.400185878460264,3.04287612674471,0.00234328771283429,0.0367498047599333
"GNAO1",266.498155964841,1.80510100045554,0.545805111043698,3.30722626800579,0.000942247499885325,0.0200267519467152
"MT3",160.376028727186,3.02317962845081,1.0402445272157,2.90622017165771,0.00365823941644044,0.0494843168864466
"CDH8",39.4110144440364,4.31119931734975,1.09302540480608,3.94428098230219,8.00397667797575e-05,0.00421078684725701
"CDH11",832.488142686358,2.01492430354228,0.579479535185427,3.47712763125885,0.000506816497897871,0.0137016957690399
"DYNC1LI2",3597.85602965181,1.23874288228953,0.417757264899549,2.96522164034032,0.00302464929848799,0.0434813340951951
"TPPP3",479.570785012862,2.27912347413685,0.651324354774942,3.49921426617677,0.000466631437992085,0.0130480715302692
"SLC7A6",530.160593594611,1.78524580089112,0.603043196598284,2.96039456370877,0.00307245268981993,0.0439746477168082
"SNTB2",1075.66093836609,1.41686683060708,0.465850451987039,3.04146282259377,0.00235431637339079,0.0368330763138356
"TMED6",245.187418560714,-2.20287183568526,0.713562145334278,-3.08714784001511,0.00202087062617351,0.0331097818571663
"ZFHX3",1282.61942904009,1.78641184532353,0.491216784663701,3.63670766369792,0.000276145029018099,0.00911417813817505
"MTSS1L",1652.41672753789,2.18452675367279,0.708564722651071,3.0830306446805,0.00204904053409927,0.0334121313672527
"LOC100341936",11244.3175698051,-4.80870790735811,1.25991331744573,-3.81669741939628,0.000135249864462036,0.00586394492143649
"LOC100342191",627.765875415313,-5.62524954868024,1.18510619116499,-4.74662067468441,2.0684333896929e-06,0.000401423822842544
"LOC103348530",69.7556146528546,-1.86406237423008,0.474280396699285,-3.93029605946792,8.48413296500722e-05,0.00430226584318936
"CDH13",204.985725624702,2.49648615335693,0.635253420944685,3.92990587857742,8.49791192189285e-05,0.00430226584318936
"RBFOX1",71.8906427709125,4.05185008146686,0.805203815085031,5.03208008402069,4.85186493500458e-07,0.000152105965712393
"EMP2",800.535548771405,2.07728660526211,0.671987736307958,3.09125671946806,0.00199311232531157,0.0327867983120375
"PLA2G10",503.69583175721,2.9744788192742,1.00099727956181,2.97151538771043,0.00296334023659956,0.0429789791254858
"LOC100341937",373.166526740595,2.93238958303452,0.676445713865521,4.33499617623046,1.45762656082665e-05,0.00144891635332902
"ACSM1",18.0496219981426,3.40141705749813,1.05323537075077,3.22949375985496,0.00124009587601237,0.0239526575482863
"LOC100342699",23198.708917047,-3.68104704514991,1.08067504002806,-3.40624786249745,0.000658623548367532,0.0161704680644799
"ABCC1",466.630971575644,1.64753214276619,0.52487830209314,3.13888407311955,0.00169592526098945,0.0296959974271214
"MYH11",107983.691091581,3.84780645249619,0.765963048027851,5.02348835548041,5.07413026186518e-07,0.000152755644020768
"NDE1",868.5100183205,2.31991305459468,0.568241601416989,4.08261740923167,4.4531301440316e-05,0.00292261694374618
"PRKCB",398.977028501715,2.87915936274918,0.624830662692584,4.60790344433803,4.06749455204369e-06,0.000621672308250229
"LOC108176792",7.67229010565765,-2.57141135059741,0.766648997973782,-3.35409210394004,0.000796258538049978,0.0181528643946145
"ALDOA",8136.13268137128,1.63963907142446,0.494035171101871,3.31887113981681,0.000903821268684459,0.0194125089882662
"WBSCR17",76.1933015702152,2.61182470511838,0.880259386597486,2.96710804211246,0.00300615302386372,0.0433648212973817
"CHRM2",665.396449825018,2.43054987617787,0.709773640986052,3.42440143705708,0.000616155303726882,0.015500870002092
"DGKI",21.8792246271463,3.3822181889489,1.01617203377453,3.32839133191434,0.00087349074473051,0.0190369600542738
"LOC100348562",751.07873885291,1.92447002421147,0.554710686963652,3.46932206182206,0.000521773567984481,0.0139342333284308
"PODXL",485.129732011095,1.25580807262154,0.302566851119751,4.15051440028543,3.31728895594347e-05,0.0024806625944858
"CALD1",26102.1983662629,4.24024008978105,0.827850483467538,5.12198781598866,3.0233143047745e-07,0.000120209926332766
"CPA1",13919.4716380139,-5.00092405954981,1.0659424847387,-4.69155149658539,2.71141003894643e-06,0.000480450070162007
"CPA4",76.9819008723371,-6.36558336946062,1.21132139596251,-5.25507383150163,1.47965100811801e-07,8.31767956356547e-05
"CPA2",6426.37324097492,-5.32201814488205,1.25544661762766,-4.23914332171186,2.24374381973274e-05,0.00193531808197266
"FLNC",4320.78159099681,3.72679779769048,0.782089901571854,4.7651782617322,1.88686757058044e-06,0.000379749569575338
"CCDC136",152.028775170337,2.67878335460056,0.708428137218071,3.7813057018315,0.000156007958084613,0.00632647197187899
"TMEM229A",46.6477588540633,-1.75085648482776,0.460469623281051,-3.80232787638004,0.000143342850515399,0.00599173115154369
"FAM3C",5257.22938075369,-1.11240525019142,0.278785387696709,-3.99018492103182,6.60218008155038e-05,0.00375013030276775
"CAV1",5375.14950977146,2.63111406868384,0.669453489385297,3.93024177243407,8.48604880730959e-05,0.00430226584318936
"CAV2",1365.75025243388,2.3158040466234,0.628241199023836,3.68617029609282,0.00022765404400047,0.0081386320730168
"FOXP2",519.330961096774,2.11669925712973,0.64225199496874,3.29574570995728,0.00098160822228386,0.0206357600979952
"GPR85",111.719780237115,2.04801710185058,0.657902214647468,3.11295061219393,0.00185227011162304,0.0311649399189745
"CACNA2D1",539.856480319613,2.03506411252248,0.619616679697523,3.28439207530038,0.00102202633265951,0.0211166961660524
"SEMA3C",2209.59229782646,2.57573419399738,0.680108765178139,3.78723863869438,0.000152330782771981,0.00626546662036485
"MAGI2",88.7778448347086,2.57294265737934,0.689942879976327,3.72921111595155,0.000192080175762658,0.00721495627945357
"PHTF2",1156.04221413291,2.92893292347265,0.715574444230485,4.09312119387154,4.25605122462301e-05,0.00284634652108115
"LOC103348693",148.416749580887,2.42710519877412,0.73223415059655,3.31465719919886,0.000917555718635304,0.0196036920392173
"LIMS2",1789.27749314894,3.02501011773101,0.798836780766961,3.78676869989225,0.000152619044294239,0.00626546662036485
"RND3",1253.15854388907,1.23282843088913,0.402944964162469,3.05954544797848,0.00221673151304645,0.03519841412061
"GALNT5",2529.77141145868,2.14923588403976,0.680627552603152,3.15772682992294,0.0015900447993801,0.0284532495274363
"RBMS1",658.177006203147,1.2015554976347,0.399373510663109,3.00860088502033,0.00262453648382542,0.0397262709000205
"CSRNP3",142.139474184247,2.42322347592444,0.723542328201957,3.3491108694999,0.000810713474557406,0.0182042025650617
"LOC100357577",46.0512707421334,5.60303782794178,1.4418021303696,3.88613507354539,0.000101852848607476,0.00488354452352668
"B3GALT1",14.3186799797976,2.55807126774637,0.764396887181237,3.34652235068542,0.000818320822194733,0.0182743370457788
"LOC100342960",977.772893522612,2.86907688726305,0.700616426035043,4.09507510907195,4.2203154621475e-05,0.00284634652108115
"SLC25A12",553.380446179536,2.11578865225672,0.596746929477962,3.54553755996303,0.000391813144303133,0.0114880177669598
"LOC100351826",1409.85027288311,1.84142476368136,0.518144631073395,3.55388177981626,0.000379589803853681,0.0113542623530692
"WIPF1",1783.06927228829,1.57580715051191,0.419421263945468,3.75709885495169,0.000171894605361565,0.0067161894283576
"FKBP7",270.760724480457,1.01832380787916,0.323015068905926,3.15255821138096,0.00161846548302753,0.0287723274856214
"TTN",51.0831171884057,3.56445690611695,0.769561544953555,4.63180226388791,3.62496283492926e-06,0.000585090535990265
"CCDC141",131.382844166741,2.2683154579634,0.761910151333264,2.97714297938423,0.00290948289015863,0.0425384664353058
"COL3A1",31976.8498180319,1.65407948579979,0.442070742583138,3.74166242292932,0.000182806968827848,0.00699558499021496
"COL5A2",3340.1456920151,1.60965060184338,0.419103780668905,3.84069692541147,0.000122685508362162,0.0055710840036768
"NAB1",2999.63826583786,1.22811973262448,0.416385567975482,2.9494771843216,0.00318312074994986,0.0450444743625717
"SDPR",1518.65421809113,1.72102422214129,0.51748114085783,3.32577187119969,0.000881740629855117,0.0191145422179496
"BOLL",10.6817939183212,1.85427765626573,0.623939030380171,2.97188918464663,0.00295973490354711,0.0429789791254858
"ICA1L",26.9236079602397,2.64891146570701,0.77967873455866,3.39743967392728,0.000680195833606629,0.0165254135312299
"ABI2",476.121805884625,1.47841422673366,0.488571862652059,3.02599134282631,0.00247819398193668,0.038220925537873
"NRP2",1859.51654537027,1.41897809317207,0.489045977040322,2.90152288289875,0.00371353656358011,0.0497266342356739
"KLF7",611.553480155374,1.56827917910545,0.503040375946812,3.11760100002642,0.00182329460954279,0.0308653673154378
"ERBB4",18.4405443307588,2.82090066335254,0.951831361039798,2.96365593614286,0.00304007988607419,0.0436262168158288
"IKZF2",250.022927791691,1.28722110001574,0.325158312667313,3.95875193673047,7.53424390874335e-05,0.00398776766884202
"IGFBP2",300.068211021663,2.07721964183574,0.66667933703255,3.11577024583008,0.00183465154394881,0.0309932533362213
"IGFBP5",4493.00322699714,1.73633704269592,0.503620743677681,3.44770755472928,0.000565365830130334,0.0147229932312855
"TNS1",8189.55103351621,2.77697470127515,0.745847111573657,3.72324925334367,0.000196675182694491,0.00733683942399449
"PRKAG3",13.2379391488697,2.54556258180546,0.812830333997291,3.13172685040805,0.00173781473675531,0.0302024049451866
"DES",48771.9517697677,3.9098122773509,0.80031087272152,4.88536693754426,1.03236407522129e-06,0.000254993926579659
"SPEG",715.844820045153,3.2509224626617,0.941783885326039,3.4518773503289,0.000556700718042846,0.0146065725239941
"CCL20",378.836399706868,6.16122948156135,0.941702764989397,6.54264775534637,6.04390721625893e-11,2.52612989806494e-07
"SLC16A14",382.446366836936,2.87375746725165,0.915014792491786,3.14066776934369,0.00168563131016032,0.0296751205380492
"SLC38A4",633.574490208362,-3.18017607323095,0.887306933504974,-3.58407666292976,0.000338272726964727,0.0104838821197319
"PDZRN4",239.187055826752,3.39584930499651,0.804841023640691,4.21927959093762,2.45084188573505e-05,0.00200771982016345
"LRRK2",270.125632090244,1.30399286965305,0.421513428371078,3.09359745593938,0.00197745593991959,0.0326784933961745
"BICD1",1267.81857089314,1.78795389389114,0.611109681643396,2.92574957916388,0.00343627420485533,0.0475384011616906
"LOC108176983",144.788334926638,1.78885795954586,0.533286809129623,3.35440128824009,0.000795369254572091,0.0181528643946145
"PTHLH",20.2625805956733,3.58006715130893,1.0884860111641,3.28903368035036,0.00100531992767983,0.0209177780569061
"KLHL42",1166.49310931273,1.83723919114319,0.518027581260137,3.54660496391715,0.000390229255219806,0.0114821633480583
"REP15",1320.13246516971,2.30966080258726,0.71046757498767,3.25090248154864,0.0011503930941297,0.0227915020164643
"PPFIBP1",910.539080893605,1.07389921416683,0.321891520925029,3.33621466971461,0.000849275573636851,0.018709311353281
"SSPN",584.075951213277,2.62934214544482,0.667372659024787,3.93984097173984,8.15356401814814e-05,0.0042602371994824
"BHLHE41",76.4497982789213,1.6197234379753,0.516324044057778,3.13702888063459,0.00170669314741861,0.0298524803532384
"LOC103348986",262.013698077174,1.44966969767583,0.495559146340677,2.92532124244003,0.00344100805856919,0.0475384011616906
"RASSF8",521.971777787979,1.3358522452249,0.403579681844055,3.31000866822894,0.000932930820234294,0.019854619101122
"ABCC9",407.090876446472,2.47725322764155,0.617824152803614,4.00964128126111,6.08110596411554e-05,0.00359870165510866
"KCNJ8",907.825530684928,3.08336076925575,0.73592269683476,4.18978893098071,2.79214050496957e-05,0.00223069409969368
"LDHB",7501.36642579392,1.53286827678408,0.475791953798275,3.22171962881486,0.00127423759352408,0.0243810108563728
"PDE3A",336.457548946507,1.95994471492596,0.629784814169842,3.11208633620275,0.00185770161219212,0.0312014548215683
"ERP27",784.557422718051,-4.41717100203582,1.08929896285524,-4.05505848500734,5.01217605331172e-05,0.00320425466749363
"GALNT8",887.236815447595,2.99894009785864,0.81369464313551,3.68558417234069,0.000228178651079785,0.00813953691444782
"KCNA5",23.2064456492177,2.0100681320457,0.614558776434301,3.27075002281833,0.00107262678910845,0.0217487088508035
"GNB3",48.3233612124461,1.99225785093772,0.660341133574157,3.01701310072029,0.00255278778978464,0.0390023866439261
"MFAP5",2981.43582233509,3.08939301622397,0.815188423345253,3.78979009974917,0.00015077463538479,0.00622260280010846
"CACNA1C",891.493748029756,3.41230496042995,0.7257105623173,4.70201914870022,2.57601334833598e-06,0.000461474391259045
"SHISA2",244.785460505061,4.64459981136509,0.85807441521809,5.41281703427157,6.20408754460846e-08,4.81614453105748e-05
"TNFRSF19",623.891249451839,2.15993950403254,0.560745329075781,3.85190815158914,0.000117200985112359,0.00539720468729289
"SACS",477.610000324879,2.62510251010792,0.633820816671628,4.14171078175228,3.44724865826919e-05,0.00255016227063285
"SGCG",105.042665673459,1.87133907427319,0.558587307493079,3.35012817006475,0.000807741752751584,0.0182042025650617
"LATS2",582.500318167086,1.29486763566365,0.414705426480312,3.12237929137666,0.00179395653909061,0.0305272228603916
"ENOX1",95.1546019049415,2.50790609441876,0.714958407665492,3.50776502175513,0.000451888000302692,0.0127451179600943
"DGKH",222.361798340299,2.07604615945245,0.648173477817845,3.2029174757994,0.00136042959074918,0.0254623687582011
"LECT1",20.1735201919914,2.37661307906122,0.621193859323127,3.82587986566843,0.000130305828884723,0.00575979264886356
"DIAPH3",240.913828537549,2.18669288933727,0.578499644919065,3.77993817030466,0.000156867308212916,0.00632982885764096
"PCDH20",169.387902429057,5.41422585577201,1.01273586531878,5.34613816018825,8.98506342839695e-08,5.85898016038908e-05
"KLF12",745.157695146474,2.68083714198256,0.70842436053375,3.78422495234739,0.000154188317859499,0.00628374797681249
"ABCC4",532.115152756099,1.74915617632007,0.554833433071794,3.15257890397123,0.00161835077438738,0.0287723274856214
"DZIP1",384.371052854552,1.29275752970792,0.438450954073597,2.94846554146379,0.00319355740158313,0.0451138412136986
"UGGT2",219.445919030528,1.78801007847883,0.530121147724954,3.37283295743281,0.000743990734989163,0.0173512689009919
"EFNB2",1427.13204094025,1.83440922596603,0.499841321246852,3.66998314863225,0.000242566458780944,0.00844939831420289
"COL4A1",11173.8989695369,1.81514070843124,0.574260396687102,3.16083212233119,0.00157319140615373,0.0281826003330968
"IQSEC1",846.938668199705,1.13145062515449,0.368175427941724,3.07312910989156,0.00211826819131556,0.0341562888771774
"MGLL",1479.24585884319,1.65878909478663,0.571120786653658,2.90444531796137,0.00367904463232386,0.0496164158221773
"KBTBD12",35.0913004208872,2.14393169143052,0.706046402689283,3.03653086151906,0.00239317608656578,0.0373344555436126
"ZNF660",62.0953683861849,1.84191185423505,0.548645345650638,3.35719945286463,0.000787362921027642,0.0180782962515389
"TCAIM",112.873070863343,2.06908889104289,0.712005155176868,2.90600268270376,0.00366078310422369,0.0494843168864466
"LOC108177107",9.86702064581283,-2.00697132158566,0.566480022607407,-3.54288102226081,0.000395781219879128,0.0115420848774053
"KLHDC8B",246.633075453077,1.74884225669135,0.565399031808897,3.09311151647401,0.00198069690711476,0.0326784933961745
"ITIH4",28.9341846286707,1.87200958616328,0.508431338786,3.68193194116072,0.00023147321055879,0.00823903117582837
"CACNA2D3",61.181222668249,1.79853655399936,0.557773687701233,3.22449157006977,0.00126196571963485,0.0242294229377393
"ARHGEF3",615.834236084736,1.21271620699436,0.372063439154524,3.25943395500007,0.00111634769003733,0.0222782739598978
"IL17RD",216.920496441543,2.0264272331319,0.605039300220317,3.34924893704261,0.000810309559772393,0.0182042025650617
"DNAH12",30.2550817657145,1.85016383025448,0.455267250917225,4.0639071370211,4.82580317325473e-05,0.00309725367442514
"SLMAP",10908.7555272867,1.44214118645261,0.476632676285447,3.02568677769154,0.00248069136308257,0.0382232803411834
"PRICKLE2",1446.96633336479,2.93060352892474,0.692882037627249,4.22958508054343,2.34122722834811e-05,0.0019472799120679
"ADAMTS9",244.061049688886,1.15100027925934,0.377546457511571,3.04863217852881,0.00229885757769422,0.0361737222312463
"EIF4E3",365.772574389879,1.45478020762495,0.453461918739396,3.20816401004339,0.00133585294697384,0.0251467375768678
"GXYLT2",54.896112537511,2.95080319064147,0.871332789540201,3.3865398227451,0.000707800031005922,0.0169435478787937
"LOC100353349",579.282970931861,1.65021097918087,0.548896170312365,3.00641736713478,0.00264345889957815,0.0397543053329547
"CNTN3",142.130568125279,3.32243747466253,0.771984202138829,4.30376355559804,1.67920873496673e-05,0.00159536211450285
"LDLRAD4",1565.06863860306,1.45265708413184,0.478914635070143,3.03322758954544,0.00241953048506076,0.0376007492540139
"RAB31",2414.00978039817,2.23232826173405,0.588097313154607,3.79584842814473,0.000147139380122673,0.00613469609912998
"TWSG1",1142.05610093991,1.18965874880373,0.373030488673318,3.18917296287161,0.00142680479913565,0.0261934367516997
"RAB12",1305.27664738593,1.26511949996994,0.426066381294501,2.96930139413059,0.00298477685187732,0.0431746514989388
"LAMA1",80.9402340199713,2.55825859101004,0.685483333672213,3.73205075213886,0.000189927222254265,0.00719632900005764
"MYOM1",1374.63136647479,3.54031752643632,0.743363837169381,4.76256356499305,1.91148957339813e-06,0.000380013451530931
"LOC103349303",19.0973584021196,3.17051268138506,1.03235814015711,3.07113641870695,0.00213245697173326,0.0342768421774644
"ANKRD29",297.40190815243,1.48376427057383,0.494810127542185,2.99865380271008,0.00271175247157118,0.0405173594323376
"ZNF521",235.603009284388,1.76886449553823,0.580814677540427,3.04548862819519,0.00232302563045797,0.0364835875026261
"NOL4",25.0591822380464,2.8251904498263,0.825742162936636,3.42139541449466,0.000623006812874846,0.0155695292375784
"DTNA",878.518785182953,2.74149931879066,0.6917296914305,3.96325234084028,7.39355590039189e-05,0.00395611625655665
"MAPRE2",3994.72619374247,1.71478332662319,0.459083381142026,3.73523285107264,0.000187541576472772,0.00712657990596533
"FHOD3",196.420790101139,2.58306498084642,0.678509960685603,3.80696692829145,0.000140681549524615,0.0059434797598778
"RIT2",9.05842431313983,-1.69243568338454,0.515816633726982,-3.28108008296672,0.00103410378454756,0.0213015533237426
"ST8SIA5",132.734727638298,2.28239092039119,0.763681767498307,2.98866755437663,0.00280196820684651,0.0414498055426605
"RAB27B",6680.21196348312,2.82832622593373,0.742292531590764,3.81025822780745,0.000138821714822753,0.00593982045942394
"ZNF532",2417.88738504853,1.56453797360836,0.508213689838534,3.07850419004934,0.00208042604110976,0.0338812240980733
"CDH20",193.768163897105,7.02237191677045,1.31330653432034,5.34709280221821,8.93781955224006e-08,5.85898016038908e-05
"SERPINB11",2182.54618612215,2.37821327553808,0.76007694596093,3.128911208498,0.0017545531870762,0.0303103085084386
"SERPINB7",1147.08651428473,-1.54162145747942,0.423910384813963,-3.63666829760722,0.000276187216308335,0.00911417813817505
"DOK6",127.496878024023,3.6531482742464,0.797989010129515,4.57794308928326,4.69570396438372e-06,0.000671485666906873
"ITGB8",664.716444732833,2.42948079242547,0.660171337791212,3.68007614591991,0.000233164318073385,0.00828114316608348
"CREB5",196.504837443792,2.29885502273882,0.568652157302171,4.04263835671558,5.28531064602155e-05,0.00328612368676055
"SCRN1",542.719677689074,2.04279371932578,0.620922437959112,3.28993380564595,0.00100210954128497,0.0209177780569061
"AQP1",1045.7191416374,2.186377747545,0.651354765073426,3.3566619372141,0.00078889507535509,0.0180879993226986
"LOC100341431",25.1926260100944,1.52696454938945,0.417818372707742,3.65461322223267,0.000257569979200395,0.00876598288293286
"ANLN",433.972476577466,2.71839063260712,0.589275982297644,4.6131027129391,3.9670213883073e-06,0.000615908406401767
"EPDR1",147.359927622322,1.94661176526987,0.653316545217054,2.97958436767147,0.00288639732256456,0.0423528795251552
"LOC100343468",104.273262792011,3.24189029017837,0.795263895568137,4.07649625268397,4.57193919873419e-05,0.00296939254254043
"INHBA",109.596078479483,1.18236533444524,0.376072210478636,3.14398485583505,0.00166664064592799,0.0294680865617334
"GLI3",271.461236290315,1.74638522038809,0.530218444219294,3.29370892210192,0.000988748313649353,0.0207179627366475
"HECW1",28.0289176533444,3.06078733505634,0.895394799212586,3.4183662198485,0.000629982789979843,0.0156316277659839
"LOC108177234",8.53269412092432,-3.10697664624404,0.799466197413737,-3.88631396336088,0.000101777857952787,0.00488354452352668
"LOC103349505",5.81213353844675,3.07977461168018,0.995468522263118,3.09379407063376,0.00197614600445709,0.0326784933961745
"PDK4",3489.83083111995,-2.26830217025618,0.6588344024311,-3.44290183069697,0.000575508181764751,0.0148683587624865
"COL1A2",14472.487073786,1.94439826125449,0.489844178908438,3.9694220018851,7.20471854346359e-05,0.00390974064211211
"GNG11",2015.75007589363,2.10842554694468,0.593862298963497,3.55036100224688,0.000384703224609217,0.0114821633480583
"SRI",2189.03332754172,2.47647021957507,0.656697069147684,3.77109985093925,0.00016252961805807,0.00647813651242705
"KIAA1324L",122.298722044061,2.03585017561662,0.649837459036119,3.13286060584492,0.00173111634194906,0.0301502762889461
"SEMA3A",130.762307392495,3.07992572598052,0.681797959545974,4.51735837993929,6.26158789638054e-06,0.000823196821667706
"LOC100356369",20.74647359489,3.41166499100127,1.08959757860613,3.13112387360998,0.00174138691334979,0.030232257147421
"THBS4",1068.27694176314,5.85689505664774,0.974576137847656,6.00968444557102,1.85884775189658e-09,4.32899086448829e-06
"RASGRF2",505.354167528578,2.47591649835886,0.763271978583964,3.24381946125184,0.00117938473819214,0.0231085697139522
"CKMT2",265.662335139635,2.16924504228437,0.647866609002894,3.34828962033245,0.000813119891331269,0.0182331230653127
"SSBP2",295.336724382536,1.60630439416893,0.543558507988377,2.95516374145924,0.00312503146296439,0.0445328419392066
"ATP6AP1L",146.047660261656,-1.00941959762603,0.335643149958226,-3.00741903343377,0.00263476300833533,0.0397263787778818
"VCAN",427.819587206581,1.99123917717656,0.498397017690556,3.99528710344908,6.46159002422074e-05,0.00370904368221291
"LOC103349550",40.7782107600256,2.5822056687859,0.762854605690577,3.38492505586743,0.000711976906952403,0.0169966820833175
"NR2F1",243.252638301214,2.02319808774531,0.633481205135206,3.19377760751953,0.00140424250090455,0.025895883766681
"LNPEP",885.143571792988,1.8297017332263,0.574191948266006,3.18656807841313,0.00143971600504066,0.0263414706107439
"FER",904.592058403806,1.59181794403591,0.540677996782595,2.94411452566651,0.0032388012556122,0.0455555979887749
"FBXL7",376.977806814824,1.42774569903435,0.492201423783561,2.90073459775724,0.00372289047635645,0.0497871702588703
"BASP1",717.168670977638,2.7947809898048,0.699793466206949,3.9937226121204,6.50439532092681e-05,0.0037138770265726
"PDZD2",1265.59508795712,2.76723368759968,0.669628996870197,4.1324878410785,3.58857755924991e-05,0.00258853944118992
"C1QTNF3",1692.70571703873,2.28754786905494,0.788305740324403,2.90185362358717,0.0037096183102661,0.0497266342356739
"GDNF",188.673889531532,1.67885720906734,0.545600677049615,3.07708050903806,0.00209038833691327,0.0339129551704498
"OXCT1",4185.11586015642,2.81240078144986,0.680788864123857,4.13109104695666,3.61045537429589e-05,0.00259042179302136
"FGF10",506.257535642471,3.1506259950402,0.745641716044862,4.22538858441584,2.38528818063866e-05,0.00197156784594923
"HCN1",139.351658249004,5.17930302652041,0.965500872869651,5.36436907729202,8.12326543095032e-08,5.75762926327618e-05
"EMB",108.485691791859,2.80412597374893,0.724887186824297,3.86836189784744,0.000109568963968,0.00514753098157444
"PARP8",221.852228933598,2.43204833971611,0.620283839871541,3.92086361659814,8.82321908470843e-05,0.00438524748533283
"LOC103349618",57.2523222922439,3.65072452139296,0.861657856717167,4.23686094536626,2.26666414100264e-05,0.00193970149018118
"ISL1",364.107508695829,3.20714004886861,0.801957796899714,3.999138185659,6.35735553061844e-05,0.00368817116940007
"ITGA1",3253.18941217849,2.93166050002185,0.671666487066082,4.36475625399696,1.27264583749592e-05,0.00135599166293193
"HSPB3",16.5237197899153,4.31803443974289,1.29775999135869,3.32729816645229,0.000876924885215906,0.0190520302288846
"GPX8",384.830087582402,1.393140624199,0.469567119118581,2.96686153582059,0.00300856415699538,0.0433648212973817
"RGS7BP",165.667215055697,4.9800240965746,0.988715030034993,5.03686496643866,4.73218365957395e-07,0.000151262858859558
"BMP6",43.5959438544085,1.64255206756416,0.493493044270778,3.32841989696394,0.000873401176034136,0.0190369600542738
"LOC103349679",40.0187031403794,-1.25247509020843,0.407239013390054,-3.07552825006186,0.00210130021285634,0.0340034952189805
"GFOD1",320.420537809731,2.32799972901392,0.666864138821138,3.49096554079109,0.000481278323156215,0.0133028339429124
"LOC100347323",26.7351687114932,1.50970146580832,0.450426374621884,3.35171639777013,0.000803122450486495,0.0182042025650617
"LOC108177410",100.154974266359,-1.05405584724524,0.320687856156912,-3.28685925272297,0.00101311456010161,0.0209857605575305
"LOC100353783",40.2390322054289,2.85233286591092,0.928392246334748,3.07233594116259,0.00212390547455265,0.0341795726023271
"LOC100354037",90.7070160955235,2.6703815783748,0.833106676540242,3.20532970575205,0.00134907850055399,0.0252918578895462
"LOC100354435",217.529822996411,3.13478455302233,0.601530098818976,5.21135111805221,1.87470257387225e-07,9.85851656750497e-05
"TNXB",1079.34039310066,2.86997277726373,0.815615077347092,3.5187833783048,0.000433530537917398,0.0123772588951479
"SYNGAP1",56.5031000658099,1.45026540426315,0.491970952146197,2.94786795426935,0.00319973707472535,0.0451494087647734
"CLPS",8112.59048067135,-4.39359404034002,1.20089118344498,-3.6586112887732,0.000253585620179288,0.00873985788617918
"PI16",84.4686344323271,4.34650508309,1.02623886529344,4.23537368354022,2.28171940130367e-05,0.00193970149018118
"DAAM2",1715.46479379573,2.03549925191006,0.634159674440633,3.20975825797422,0.0013284664674367,0.0250946238147776
"UNC5CL",1838.43373320771,-1.93154128868994,0.559222464576335,-3.45397656754235,0.000552385369224779,0.0145700347373409
"PGC",2537.00549527806,8.82116872351261,1.66089251145357,5.3111015087861,1.08964612796584e-07,6.83208122234579e-05
"SRF",2181.77529644345,1.77258628952002,0.507194584584129,3.49488410049457,0.000474267652591692,0.013193705243259
"RCAN2",564.669732856983,2.74447146641562,0.74220926116946,3.69770576843962,0.000217556849869401,0.00793425451134447
"LOC100341622",190.534266704519,1.72379512733939,0.518847321063522,3.32235526205665,0.00089260966677409,0.0192732752155645
"ELOVL5",560.721598480401,1.55178503560525,0.450218815672955,3.44673519094433,0.000567404446807119,0.0147525156169851
"BEND6",58.9195780633772,3.03519249627471,0.803717347106631,3.77644268498291,0.000159084145331179,0.00639056772225239
"RAB23",1417.05517980076,2.39776242279748,0.59998759679796,3.99635331729183,6.43257078147129e-05,0.00370543352931254
"BAG2",1881.39622407349,3.25744571114918,0.769915730754571,4.23091200897618,2.32745711149362e-05,0.0019472799120679
"COL19A1",25.4915374035319,1.64460961255149,0.536203456682858,3.06713728166845,0.00216119575752841,0.0345748903230894
"RIMS1",81.030392626393,2.0170731105254,0.658357158043893,3.06379764521512,0.00218546681035709,0.0348767157293976
"CD109",1081.57792691291,2.90418823695855,0.664073145393,4.37329570862235,1.22384769718859e-05,0.00132126921586545
"COL12A1",2433.06407280812,3.83885459773275,0.745985073822813,5.14602065435501,2.66070140210209e-07,0.000111605379212021
"FILIP1",581.135998967393,2.50648612935249,0.636617495162661,3.93719328858857,8.24402012572442e-05,0.00429373853321277
"ANKRD6",378.851771126241,2.02339905810007,0.597858469737728,3.38441146277931,0.000713310198115154,0.0169966820833175
"EPHA7",818.788215217375,1.96447683469906,0.640148456619121,3.06878320862358,0.0021493249935689,0.034418758394067
"KLHL32",109.920068336611,1.56950864819434,0.514661652876516,3.04959314419898,0.00229151563381631,0.0361368602637941
"FAXC",195.808294681955,1.78764098066371,0.543445184918154,3.28945960011209,0.00100379965765465,0.0209177780569061
"BVES",930.96208650411,3.89368885214621,0.771293506724185,5.04825830659896,4.45856059756971e-07,0.000145366909723163
"POPDC3",49.672561122835,2.2659378194529,0.724005895163162,3.12972288567105,0.00174971277920007,0.0303103085084386
"WISP3",30.6650038603202,1.83501030527174,0.629881283927329,2.91326374047884,0.00357672375130742,0.0487930967312247
"LAMA4",1961.42281989889,2.19476273933105,0.56249830936845,3.90181215263605,9.54752385919409e-05,0.00465999203450845
"SLC35F1",133.821803105317,2.55738506323541,0.610771040101591,4.18714198173187,2.82489123498007e-05,0.00223550373362355
"PLN",1129.71640816173,3.61233259215478,0.88239409193019,4.09378601374471,4.24386002856316e-05,0.00284634652108115
"LOC100355206",52.2414987614676,1.46795950486015,0.422279398161937,3.47627544997404,0.000508429797398875,0.0137225539026431
"GJA1",3454.54769526487,2.26008498072307,0.608275125283144,3.71556370921962,0.000202751169442965,0.00752904228760642
"TRDN",10.726203782115,3.8933477735958,1.14936640908,3.38738607883294,0.00070562014635515,0.0169162053321789
"NKAIN2",31.0687711504834,4.24571555106398,0.941106452413024,4.51140839612548,6.4398593847832e-06,0.000839845162401164
"TMEM200A",550.100363564725,3.80505455374883,0.85579427606316,4.44622575796243,8.73921073724213e-06,0.00103642847235863
"CTGF",463.081978833883,1.96022317723727,0.492627705543793,3.97911679586404,6.91717552979894e-05,0.00384893523667338
"MOXD1",390.275538957675,2.49776494432472,0.666187568524875,3.74934187057178,0.000177299250734007,0.00684912887551133
"TAAR1",10.0905476338338,4.99788931556915,1.71686141835008,2.911061581413,0.0036020301690347,0.0490152719662802
"AHI1",340.283015513763,1.45732521425327,0.477612884371051,3.05126863604687,0.00227876593877768,0.0360709854733585
"PDE7B",459.163261344266,4.29871775136495,0.924127893718223,4.65164808960487,3.29292672457441e-06,0.000560996937233442
"ADGRG6",2362.23484088397,1.70784448288637,0.521791297023298,3.27304133401465,0.00106396917123215,0.0217081669955276
"SASH1",995.767634858254,1.3008624019973,0.440200951030798,2.95515581906657,0.00312511171503204,0.0445328419392066
"LOC108177490",1201.77141754102,1.95831376648582,0.605961608075198,3.23174560960437,0.00123036536770737,0.0238494842144655
"LOC108177489",1249.57897129467,2.3092727037526,0.642411380538903,3.59469457377204,0.000324772351899095,0.010202378289085
"CNKSR3",513.557402617538,1.69766305710381,0.524838116580049,3.23464131790984,0.00121795630600243,0.0236934650363385
"FNDC1",786.983642358751,4.36228077815633,0.809406713044513,5.38947936538355,7.06620923504379e-08,5.23606104316745e-05
"SLC22A3",294.69215770195,3.02968269197946,0.831788123297043,3.64237310815452,0.000270136148016317,0.00904262727918276
"AGPAT4",18.3716342419945,1.97627591433804,0.621977837039272,3.17740568336884,0.00148599014170131,0.0270238081662304
"QKI",1696.5136355893,1.57849721726144,0.478306936657683,3.30017630162689,0.000966241078010081,0.0204037073234719
"KIAA0040",911.475192479521,2.03053144050961,0.490594992875213,4.13891594899765,3.4895075273867e-05,0.00256243025727289
"LOC103349973",28.4840231175448,1.54984235349678,0.467461847290955,3.31544138303149,0.000914985280216574,0.0195749213098302
"ANGPTL1",747.056199937601,3.25219792550281,0.806708639353546,4.03144055592234,5.54360185112888e-05,0.00341025650479634
"SHH",663.978036170132,3.93392632135165,0.893244332852946,4.40408763500019,1.06229997281962e-05,0.00117806899026567
"SMARCD3",322.037287969171,2.33079205840603,0.641271421592541,3.63464202508465,0.000278366878048739,0.00914906622167448
"C13H1orf105",50.1937425438428,2.55110018306262,0.812672133479947,3.13915056018784,0.0016943836629989,0.0296959974271214
"DNM3",96.0854784462856,2.18272721436334,0.613074154559904,3.56029886128573,0.000370432960013253,0.0112037070763192
"DPT",3350.85671885126,2.2592123608267,0.696679247514273,3.24282999513404,0.00118348806028484,0.0231333601424023
"FAM78B",98.3504967184633,2.0181555303353,0.635632818390877,3.17503356016815,0.00149819172758408,0.0271360031919517
"ALDH9A1",8906.89389951547,-1.26286427984013,0.364081110199637,-3.46863444562578,0.00052311071015824,0.0139342333284308
"RGS4",1415.2972794673,3.60757932455748,0.828850508551915,4.35250903188837,1.34588325634534e-05,0.00139748973534661
"CCDC190",174.765887718662,3.29153862276534,0.754790158651069,4.36086584468436,1.29548780977399e-05,0.00137136638148933
"DDR2",2720.39816107323,2.18106904173263,0.627668362231557,3.47487490683495,0.000511091626555614,0.0137488707856595
"OLFML2B",443.540171672245,2.73459814337009,0.784631666147582,3.48519982222555,0.000491769648794093,0.0134159840082223
"NECTIN4",391.257712529136,1.89604663962088,0.608932151338652,3.11372397639488,0.00184742231450072,0.0311444452647267
"PEA15",4720.02499792746,2.09518114367607,0.579197399608746,3.61738699982318,0.000297592183846258,0.00966403940450539
"CASQ1",45.5754272908936,4.30641784867639,0.760616485134327,5.6617466658192,1.49839923104203e-08,1.49967154164614e-05
"ATP1A2",325.163989525993,3.02105276043082,0.804190127999355,3.75663994775281,0.000172209985342503,0.0067161894283576
"IGSF9",1093.83944864326,2.58946410701866,0.795326436511574,3.25585066476157,0.00113053196279679,0.0224481511053754
"CFAP45",70.4183558358024,3.08375955039276,0.816609137692638,3.77629811871326,0.000159176461125645,0.00639056772225239
"ACKR1",1100.45809779469,2.91068810021833,0.773947767952053,3.76083273412664,0.000169348646561361,0.00669602282865878
"CADM3",1455.326165653,3.87452075202253,0.77541822735583,4.99668516335322,5.83241724713048e-07,0.000166807133267932
"LOC103350040",14.8882109600925,3.63131245315408,1.00618899223285,3.6089765254694,0.000307407422153294,0.0099234768236495
"THBS3",391.291940085476,1.87764283099181,0.516472960002397,3.63551042630209,0.000277430772190261,0.00913672009746593
"NPR1",863.417068267217,1.50533705346064,0.483577153740964,3.1129201241525,0.00185246146371527,0.0311649399189745
"LOC103344972",309.57821872549,2.55345407722108,0.643228241238926,3.96974808242694,7.19486608901264e-05,0.00390974064211211
"LOC108177673",64.9090598785122,-1.37156139029967,0.439102555794385,-3.12355592606006,0.00178679904817075,0.0304999058165378
"ECM1",200.601802022832,1.18775254365709,0.383663368464508,3.09581951597489,0.0019626978692978,0.0325492377062999
"CIART",509.072545253244,1.49062592362444,0.458789323152933,3.2490423128865,0.00115794252497615,0.0228809442935288
"CA14",242.230223429504,5.31380696650005,1.01501211172431,5.23521532907907,1.64792630253989e-07,8.95483152800175e-05
"PLEKHO1",899.17777209925,1.66157556633936,0.551726437456207,3.01159316200295,0.00259880643514395,0.039483450611106
"MTMR11",2490.12166384612,-1.08420551360082,0.373911635451974,-2.89963031583722,0.00373603007462115,0.0499219362921918
"ANKRD35",47.6144860276928,2.69224499114003,0.706149233478495,3.81257227721967,0.000137527993498427,0.00593116759262262
"LOC100346986",88.1754563440804,10.516457001596,2.41817085071749,4.34893051434959,1.3680304551981e-05,0.00140261839500877
"VTCN1",11.8306200005291,-6.89627052058334,1.36185185954458,-5.06389184128259,4.10782764248328e-07,0.000142210166831173
"CASQ2",431.620583114141,4.40140539453562,0.853933461707214,5.15427207377045,2.54618040847037e-07,0.000111605379212021
"VANGL1",421.22139405339,1.73993062242446,0.508956110145877,3.41862606173597,0.000629381558904744,0.0156316277659839
"TSPAN2",2521.87077963105,3.69195187567214,0.778257922046916,4.74386674530963,2.09676805072409e-06,0.00040213544426946
"KCND3",175.015763158395,1.58511059831153,0.517696807863071,3.06185121143491,0.00219972765118762,0.0350251965939119
"LOC103350098",83.4910096945794,3.65857257847675,0.760467566328314,4.81095149940588,1.50213468103651e-06,0.000326503994270095
"FAM212B",235.469964996511,2.88116679777615,0.699875422481361,4.11668520600591,3.84360481421971e-05,0.0026777113539064
"LOC103350250",14.1816336934111,2.39519685101881,0.81749730878637,2.92991405020603,0.00339055771334053,0.0472417708058781
"SLC6A17",18.7742755592397,2.39687415120872,0.824555836410238,2.9068670008373,0.00365068378472127,0.0494297733044237
"LOC108177608",33.2104377912142,1.80469710533993,0.580085016031533,3.11109071164464,0.00186397670121405,0.0312618808469047
"SYPL2",187.255295925932,5.07048614458266,0.994436188719063,5.09885521273514,3.4171379551376e-07,0.000126604961237848
"NTNG1",279.566475013902,4.21364190770873,0.953946621278316,4.41706256274835,1.00051278307434e-05,0.00114767463142994
"LOC100342719",3065.60017463251,-6.88864663727676,1.18714068590156,-5.80272137842301,6.52471627901449e-09,1.11124102979659e-05
"LOC100343733",2357.97796242885,-3.41901926682659,1.11114023167001,-3.07703669561843,0.00209069561687536,0.0339129551704498
"COL11A1",329.00916558671,2.88744865189948,0.66996352581546,4.30985947837229,1.63358314639289e-05,0.00156651014426452
"LOC103350262",227.562958229834,2.45843464329834,0.638620377067124,3.84960256762985,0.000118309634557375,0.00543291172550513
"LRRC8C",185.454304441549,1.14352209014338,0.262575421875283,4.35502333758614,1.33052742111505e-05,0.00139040115506523
"LMO4",1014.53505337345,1.14636249531254,0.392382822990744,2.92154097515012,0.00348304456386813,0.0478396128789943
"SYDE2",247.181105950436,2.79765234074168,0.744015977839388,3.76020465160711,0.000169774410594932,0.00669602282865878
"PRKACB",1539.24833055078,1.71114551880341,0.498473507225237,3.43277123859307,0.000597445954561547,0.0151843165464356
"TTLL7",161.034064297232,2.45922717197686,0.699819278347186,3.51408891990658,0.000441265074078476,0.0125541068719499
"PTGFR",55.7309790186723,2.55152273751742,0.851815213006633,2.99539465667837,0.00274089957529027,0.0407422118809736
"DNAJB4",1194.51726465945,1.489833629193,0.504288237183459,2.95432952692688,0.00313349219448216,0.0446132661610902
"NEXN",1570.90513132162,3.56842888644262,0.775715620723574,4.6001766512244,4.22132807244139e-06,0.000631340277403116
"DEPDC1",114.1389452784,1.14875919601264,0.319573340594189,3.59466529303331,0.000324808878176612,0.010202378289085
"AK4",315.353572453945,3.53069146878911,0.902932132387378,3.91025121617265,9.22001798031718e-05,0.00454092849290425
"ROR1",141.707444138027,1.96420708079179,0.553582331769888,3.54817516395785,0.000387910153295352,0.0114821633480583
"DOCK7",741.956546868029,1.63884262722123,0.511275046043937,3.20540311893179,0.00134873441838587,0.0252918578895462
"C13H1orf168",218.888013501415,-2.33979470763226,0.731107240138744,-3.20034405238311,0.00137263627614823,0.0256319777477301
"PRKAA2",162.747089581883,1.89980313505434,0.631053772173789,3.01052496447346,0.00260796508383357,0.0395488807410743
"LRP8",77.5686598795031,1.34932578214419,0.426337775943775,3.16492194283562,0.00155124560735578,0.0278857645998554
"GPX7",261.689428873003,1.28869471653686,0.415293850435432,3.10309125739683,0.00191510576649295,0.0319602573993028
"RAB3B",347.422007435575,1.67640850529691,0.570776116531874,2.93706841744366,0.00331330996949162,0.0463238242904395
"TRABD2B",38.78533784149,1.61280441046392,0.505652582437286,3.18955042746953,0.00142494276134488,0.0261887450906925
"LURAP1",48.4178277048635,3.18786942311799,0.812401486021434,3.92400737562645,8.70880672043881e-05,0.00435065436388605
"TSPAN1",4977.22068000719,2.00405839611501,0.6011146496698,3.33390376896631,0.000856362796480462,0.0188399815225702
"LOC100345250",520.582184635699,1.25466314004109,0.356071175362411,3.52363018085945,0.000425677929870846,0.0121957849081802
"HIVEP3",150.869441701472,1.60881733909786,0.392978378056026,4.09390803396439,4.24162607283803e-05,0.00284634652108115
"FOXO6",20.4547214897689,2.51751004716078,0.838587734656956,3.00208307743807,0.00268138988187359,0.0402504768455831
"CTPS1",428.904798496354,1.92768685235586,0.486699709949168,3.96073145915209,7.47205261821558e-05,0.00398069940464544
"KCNQ4",92.2789347839605,3.09719662973627,0.875467216371481,3.53776426097726,0.000403530159277263,0.0117470511723892
"HPCAL4",83.6465777533298,1.13069258525336,0.256574478458983,4.40687862660554,1.04870913024351e-05,0.00117096275624861
"NT5C1A",16.868854707778,2.7942101674517,0.929087756583878,3.00747711682867,0.00263425956468692,0.0397263787778818
"MACF1",8570.07138090171,1.70667452737658,0.526285401886266,3.24286883363982,0.00118332674835608,0.0231333601424023
"KIAA0754",365.092247050259,1.85435787419018,0.502219442386558,3.69232593899238,0.00022221242185173,0.00802759611062374
"LOC108177735",21.8267005212885,3.39220784626677,1.07034035784953,3.16927958605822,0.00152817316782711,0.0275273800905166
"LOC100342463",33.446974144392,2.12891382511633,0.635217841704877,3.35147044894471,0.000803836175820397,0.0182042025650617
"CLIC4",4321.50401494087,1.75202249010563,0.499134055571016,3.51012412507356,0.000447897557762774,0.0126544644482647
"NCMAP",13.8070480631742,2.38001037374641,0.773463843308276,3.07708032422896,0.00209038963296185,0.0339129551704498
"LOC103350310",9557.08593797921,-8.05137292668206,1.55369477071463,-5.18208149917296,2.19423293026902e-07,0.000105207015380134
"LOC103350299",4781.71232455304,-8.20678681253415,2.38763618153637,-3.4372015619454,0.000587758036524418,0.0151503960880531
"LOC108177618",142.832889056616,-7.39151082987059,1.43653718688053,-5.14536685675462,2.66998514861294e-07,0.000111605379212021
"LOC100338830",498.791694403337,-9.49720863339225,1.48962090773475,-6.37558763043581,1.82262736498129e-10,4.95207855065417e-07
"LOC100339830",6669.35366687342,-11.2367865011004,1.71845868673834,-6.53887497431085,6.19833124295163e-11,2.52612989806494e-07
"LOC100349163",5790.14421925446,-4.45322865237268,1.22015708417997,-3.64971749138806,0.000262528879094796,0.00886075732298834
"NKAIN1",1000.99492029459,-1.9340071154335,0.660655562627304,-2.92740608698172,0.0034180226997713,0.0473987568558627
"FAM46B",215.899444144593,3.05266635984626,0.837868440144127,3.64337193476478,0.000269089565348962,0.00904262727918276
"RNF207",81.9841131404503,4.0611295290863,0.958922229381622,4.23509790956165,2.28452144592557e-05,0.00193970149018118
"HACL1",3265.68107948314,-1.27844650560977,0.399291743578063,-3.20178547683852,0.00136578668651432,0.0255333194536198
"SATB1",1212.63373245287,1.09497885047602,0.367037834836724,2.98328604451125,0.00285171339478522,0.0419572488824807
"SGO1",173.56947885887,1.00613751999151,0.312544997414787,3.21917652918386,0.00128559315022257,0.0245119760642436
"ZNF385D",91.4796482253181,3.42270526924209,0.894280813427682,3.82732718610301,0.000129542272482949,0.00575979264886356
"LOC103350359",14.5807870723977,-4.28278306028307,1.46322791035909,-2.92694188647074,0.00342312836899913,0.0474119275033337
"NEK10",27.935838845747,1.88927198377072,0.558523909231057,3.38261612895277,0.000717989147089452,0.017037349455389
"EPHB1",18.5677912761649,1.95119172663619,0.512546312235052,3.80685936091835,0.000140742727513449,0.0059434797598778
"CLDN18",24942.0945037961,5.1119757368455,0.990201910673474,5.16255895059691,2.43596624274532e-07,0.000110308671358984
"CPB1",53034.827141789,-5.61292617135814,1.27020972114134,-4.41889719306719,9.92058217427119e-06,0.00114698816031893
"GYG1",1232.01118988256,1.5463803252239,0.469625860189063,3.29279210604236,0.000991977939777499,0.0207589529836364
"WWTR1",2331.79820015455,2.07125399181039,0.581234171180444,3.56354477164311,0.000365880255767722,0.0111487475318232
"PFN2",1308.91289731349,2.38703522493416,0.705773223463188,3.38215611697638,0.00071919259816038,0.0170411013593176
"P2RY14",342.425562927669,1.91194939678684,0.548434497803442,3.48619462204596,0.00048994441501617,0.0134011306268349
"LOC103350420",33.4615837077884,1.96608165109388,0.619750611384499,3.17237549262232,0.00151197376019267,0.0272958983816843
"LOC100348758",1292.47427704335,3.13052756476013,0.75597388520921,4.14105252312225,3.45715778315458e-05,0.00255016227063285
"BCHE",175.020008074818,2.11409376018955,0.724187931701017,2.91926124096523,0.00350862053009632,0.0481197847907847
"SERPINI2",642.042126550102,-5.32388825378155,1.06042976286639,-5.02050059344885,5.15369919098407e-07,0.000152755644020768
"USP13",447.499854763395,1.99804173068881,0.549902536662922,3.63344701556371,0.000279659896044403,0.00917306966864358
"SOX2",61.1455297176178,5.12566022238974,1.45327955627133,3.52696093485317,0.000420358779815626,0.0120858709498313
"DGKG",132.25787907019,2.50293180616052,0.703777116043248,3.55642681340993,0.000375933144883057,0.0112863022612957
"LOC103350460",124.30488011113,2.43440089350639,0.744157474470535,3.2713517998841,0.00107034671301789,0.0217487088508035
"LOC100345861",180.535731185606,1.55823234457303,0.447125238329851,3.48500198824272,0.000492133384671631,0.0134159840082223
"C14H3orf70",1011.84622241489,2.47677819658239,0.604843983159196,4.0949042489367,4.22342898213903e-05,0.00284634652108115
"FAM131A",298.942346210511,1.61437699831196,0.457587255036293,3.52802002359947,0.000418680484163442,0.012058885605711
"ADIPOQ",303.999236293028,3.2573768897443,0.948373195270533,3.43469944742069,0.000593211358686799,0.0151575729926524
"MASP1",91.2086934380077,2.20730868613577,0.677059518659678,3.26013980352186,0.00111357309652564,0.0222782739598978
"LPP",16049.2927836759,2.06006105095001,0.606127407086287,3.39872612072257,0.000677004735917493,0.0164724346342194
"P3H2",492.629820350662,1.93421220275842,0.58047179985527,3.33213810428118,0.000861814772793206,0.0189088888641653
"HEG1",1055.7012928765,1.98844920556201,0.462082716358244,4.30323215988974,1.68324306032689e-05,0.00159536211450285
"MYLK",61835.5502685097,3.36443986139964,0.740834108309636,4.54142138389969,5.5876222211223e-06,0.000759712499874005
"ADCY5",403.626187692778,3.12890386839761,0.788075815790454,3.97030819332943,7.17797219724358e-05,0.00390974064211211
"HGD",283.905310461279,-3.33357218487845,0.814806837340848,-4.09124228235207,4.29068583111333e-05,0.00284634652108115
"FSTL1",6086.55333471952,2.39377607960598,0.606913095271335,3.94418261569358,8.0072624380424e-05,0.00421078684725701
"POPDC2",332.263069651945,3.01498313344004,0.73670552003819,4.09252143690161,4.26707782348845e-05,0.00284634652108115
"PLA1A",129.368555736515,-2.80312961317813,0.906596236582088,-3.09192725501053,0.00198861575474409,0.0327458727614527
"LSAMP",115.924667694402,1.84837649254977,0.560870479940413,3.29554961199979,0.000982293573551973,0.0206357600979952
"CCDC80",1139.04084814698,2.68894294516464,0.692505435344888,3.8829196247759,0.000103209691457137,0.00492141367068858
"PHLDB2",1477.40346386104,2.17707346312128,0.604357973900085,3.60229128619259,0.000315424631063094,0.0101022639206101
"ABI3BP",614.947425912375,1.60028162846354,0.515764013536343,3.10273998662912,0.00191738018258607,0.0319602573993028
"COL8A1",801.712832621947,4.37403971501263,0.861477497846965,5.07736966542293,3.82695849737145e-07,0.000138637949831443
"DCBLD2",675.952047624635,2.03000620330621,0.618808321027925,3.28050889802854,0.00103619996231922,0.0213015533237426
"STX19",332.374773254029,1.83086786967257,0.572312343730582,3.19907108369912,0.00137871170153146,0.0256572581716504
"VGLL3",371.979893660203,3.02644556106653,0.726362380329188,4.1665780649253,3.09206038226923e-05,0.00238894636738166
"LOC100346553",186.025917471327,1.24410658006183,0.372452765911994,3.34030699709128,0.000836858255057454,0.0186372449097631
"USP25",3494.54105405052,1.10220609680192,0.187632232010421,5.87428974751364,4.24660062064915e-09,8.65351041472781e-06
"BTG3",385.332351224502,1.61162865176981,0.503645709320502,3.19992530849543,0.00137463206066561,0.0256398762619803
"LOC108177928",33.7640605213235,4.44043045125921,0.94306563395261,4.70850627081842,2.49538690416388e-06,0.000457076374288534
"CSGALNACT1",737.428853056491,2.73953655415028,0.719748530753857,3.80624125940336,0.000141094753224924,0.0059434797598778
"LPL",3569.66604438437,4.50343386885867,0.950730893601707,4.73681238210117,2.1710598412844e-06,0.00041154206433277
"FAM198B",578.515341520815,1.89084778443502,0.613215416148977,3.08349681798549,0.00204583298036519,0.0334121313672527
"GLRB",97.9960393374774,2.69976588722458,0.71503411956971,3.77571616980912,0.000159548586857853,0.00639056772225239
"GUCY1B3",1345.30105502575,3.00928480069932,0.723098887505246,4.16165043633467,3.15955749035905e-05,0.00241817400036776
"GUCY1A3",682.299179558859,2.92503128227265,0.685117799138164,4.26938445615069,1.96013156748239e-05,0.00177274641553376
"DCLK2",109.246974201581,2.17485573976419,0.533051426654822,4.08001110401778,4.50335495287498e-05,0.00293654769767072
"LOC103350682",32.6661285454794,2.30283771127735,0.670886939874444,3.4325272626537,0.000597983757993599,0.0151843165464356
"RNF150",127.052876199351,2.95143874858656,0.649918357616101,4.54124539490227,5.59228928873025e-06,0.000759712499874005
"CLGN",55.8738337748448,2.75660029670648,0.87697513370876,3.14330497040288,0.00167051694732345,0.0295046232668113
"SETD7",2173.34210691778,2.56226933036519,0.658158034411059,3.89309131910543,9.89748736623873e-05,0.00477363429125514
"PCDH18",256.361914408961,1.47017898187224,0.449033480679618,3.2740965766007,0.00106000376539616,0.0216543626359501
"PABPC4L",103.339992084008,2.83062693751928,0.719591766422437,3.93365665034244,8.36632702397541e-05,0.00430226584318936
"ANK2",567.652791803074,1.26579494122738,0.436175757665763,2.90202955799609,0.00370753556386538,0.0497266342356739
"MCUB",193.382109576353,1.80805535346922,0.536268063442895,3.37155142497453,0.000747460827118056,0.0173656742140669
"LOC100353947",1447.91286812364,-2.02679138468831,0.664445562078916,-3.05034979592141,0.00228574980487016,0.0361068733711177
"CENPE",405.473313752105,1.52215391101461,0.423076242029178,3.59782412672001,0.00032089047681815,0.0101575855399796
"SLC9B2",850.610021070791,2.87056709925494,0.733905207442735,3.9113594918577,9.17780444313157e-05,0.00453383539490699
"PKD2",1322.3407773651,1.96662894369818,0.548262911577161,3.58701802031597,0.000334481216415273,0.0104059404389347
"SPARCL1",17990.5427509142,3.36642703980068,0.739926464901499,4.5496778389307,5.37281097026696e-06,0.000748611661857197
"NUDT9",765.803006849311,1.81830331386951,0.499748171604004,3.63843915233034,0.000274295415284455,0.00908854443082763
"SCD5",206.269172260061,1.40647208926465,0.366430372208368,3.8383065267987,0.000123885771220313,0.00560760986521203
"FGF5",43.5139211562654,4.50680694275403,1.08994635034552,4.13488878725577,3.55126569557051e-05,0.00258774010089015
"ANTXR2",3375.37986350292,2.2747624671528,0.6071053723704,3.74689892509293,0.000179034183025286,0.00688352653697692
"STBD1",281.119146884674,2.85702506480234,0.66434545046412,4.30051122169406,1.70404541605161e-05,0.00160535342151264
"BTC",125.519866880073,1.74369852779758,0.433264642156948,4.02455764476146,5.70825110627152e-05,0.00345932749198655
"LOC100338508",11.0593336184404,-2.08449351263296,0.576580258339765,-3.61527035045418,0.000300034346523166,0.00972397597817227
"ARL9",101.702471395956,2.44469438117582,0.724140864703701,3.37599284936933,0.000735498307727814,0.0172271457077282
"SYNPO2",7298.53503080186,3.18506331588079,0.728127748875436,4.37431937019292,1.21811936350639e-05,0.00132126921586545
"ANXA5",2766.02126313792,1.15716197403738,0.370534876801767,3.12295021733259,0.00179048030097084,0.0304999058165378
"FGF2",29.6632678454038,2.29623218672435,0.592425106882849,3.87598729366213,0.000106193225819828,0.00500335828703708
"FAT4",1865.97251130837,3.47239230520816,0.764172096138768,4.54399254140995,5.51986117218082e-06,0.000759712499874005
"HSPA4L",432.709151271592,1.16862308065836,0.393176679231929,2.97225939987404,0.00295616806220878,0.0429789791254858
"PCDH10",919.538414290506,3.71526695197985,0.886314037223215,4.19181779363398,2.76728210036057e-05,0.00222227747783636
"LOC103350872",383.850987319902,1.85047760811184,0.56688826259668,3.26427222118794,0.00109745666439996,0.0220600968471617
"ZEB1",410.740565427361,2.00227830052658,0.516184752689699,3.87899543737635,0.000104888721997778,0.00495622013335587
"LOC103350873",42.9062798852184,4.23900385659757,1.10942493234817,3.82090192224674,0.00013296452510893,0.00581122704644982
"SVIL",3611.15811464311,2.56605284598793,0.743905212163453,3.44943522915404,0.000561760478882819,0.0146525109227964
"MPP7",2288.94448251523,2.55355763682006,0.655272235680661,3.89694160346587,9.74150963410266e-05,0.0047263717278316
"ITIH5",714.473858448311,2.36125661974673,0.572038309325371,4.12779455720624,3.66259111121984e-05,0.0026073170434544
"GATA3",173.630002279789,3.50648758601901,0.694136476031375,5.05158237190883,4.38164902243907e-07,0.000145366909723163
"CELF2",1035.36346680518,2.07364589044052,0.5696297311215,3.64033999130957,0.000272278270781682,0.00907705597194884
"CCDC3",1184.99821299282,3.85749146300917,0.8199900200735,4.70431513625422,2.54719546000553e-06,0.000461382004322335
"LOC108178169",7.45594969797272,-2.34866733202622,0.785013905331633,-2.99187990948264,0.00277265309367016,0.0410582403693946
"CDC42BPA",1844.17220510115,2.00921108633292,0.593910571180166,3.38301957202142,0.000716935227878386,0.0170371400654132
"KIF26B",73.7175005917716,2.00732252213171,0.487032624195763,4.12153605817762,3.76354548600802e-05,0.00265598781441137
"AKT3",1450.66608732864,1.99624844735741,0.590504507489549,3.38058121832837,0.00072332694307357,0.0171141884266841
"ACTN2",3905.73049160396,5.1992679363144,0.919507738778731,5.6544036738831,1.56388272653566e-08,1.49967154164614e-05
"RYR2",937.847774513068,3.03752111613414,0.750260050073805,4.04862436142685,5.15195565136108e-05,0.00325531709412746
"LOC100356313",53.2276298313259,4.29260096408355,0.994826429204987,4.31492453162305,1.59657436679373e-05,0.0015400801968918
"GREM2",914.780609394439,2.15694554387624,0.67437624738338,3.19843047889856,0.00138177845118442,0.0256850083366116
"NID1",2872.59138476806,1.14131745733918,0.377077092982549,3.02674831905527,0.00247199686907183,0.038220925537873
"CAPN9",4270.44345322702,3.5483718214226,0.847673372193366,4.18601307746773,2.83896998780187e-05,0.00223579172662541
"CACNB2",452.980647181875,2.08329639380398,0.65569843643448,3.17721726641963,0.00148695595173038,0.0270238081662304
"C1QL3",46.1767637090756,-1.7176330332707,0.448703078158611,-3.82799476286083,0.000129191504745178,0.00575979264886356
"STUM",871.08022523569,2.09089411684248,0.618803655297701,3.3789298090629,0.000727685846282689,0.0171426801533243
"ENAH",7809.88320290094,3.67899819564639,0.812742701628437,4.52664562631573,5.99273076109033e-06,0.000794256072091825
"CAPN8",2254.61730109372,4.21143366490724,0.908480104966103,4.63569168095803,3.55745889944933e-06,0.00057993694978823
"FAM177B",866.233928820663,2.79120846596913,0.774763945514957,3.60265663125807,0.000314981486088391,0.0101022639206101
"DUSP10",256.483788689979,1.70707089711412,0.409650400371286,4.16714079997705,3.08443997968475e-05,0.00238894636738166
"MARC1",2189.83305830325,1.44873308673296,0.427424708750301,3.3894462745702,0.000700339308958041,0.0168391318799911
"MARC2",11598.2221819118,-1.12251287936852,0.333322087447584,-3.36765225480307,0.000758111530761418,0.0174805292425355
"MARK1",274.461931150778,3.19428013017716,0.811501818252585,3.93625751456163,8.27621637429449e-05,0.0042967795966162
"TGFB2",103.142558463883,1.85410668124155,0.515910612958575,3.59385256800373,0.000325824248281012,0.0102145901836097
"CENPF",815.211132275532,1.35572935679835,0.37753846576152,3.59097013880096,0.000329449384240143,0.0102886664020744
"PTPN14",137.854707742535,1.61692199475963,0.519582175439074,3.1119658664065,0.00185845985963335,0.0312014548215683
"TRAF5",170.99197945295,1.50585186134134,0.401032324104892,3.75493886858726,0.000173383791177523,0.00674558454373003
"SERTAD4",512.023347856156,2.63657921240952,0.655043386755406,4.0250451584118,5.69643830126068e-05,0.00345932749198655
"HSD11B1",66.8729549420443,1.81007164700362,0.473293284772956,3.82441861154216,0.000131081037463402,0.00575979264886356
"LOC100343920",701.824423824801,1.28462787102328,0.33577896438441,3.82581402434906,0.000130340665155256,0.00575979264886356
"FCMR",154.619307682479,-2.27493964951909,0.734487645645843,-3.09731506446063,0.00195282201068652,0.0324775412110196
"CTSE",23546.1850021473,2.1930876046662,0.727231899911793,3.0156647486616,0.00256416596920222,0.039070198286163
"LOC100356734",211.727485559483,3.31871446837373,0.679100924083136,4.88692379980837,1.0242371255406e-06,0.000254993926579659
"CNTN2",50.6928036529435,1.94494098250826,0.582773229939897,3.33738902644662,0.00084569486129937,0.0186950542869068
"ATP2B4",2023.15802633019,2.81512198716975,0.748742673410988,3.75979904330164,0.000170049898850738,0.00669602282865878
"FMOD",534.427316753852,4.1447486836991,0.998580765528562,4.15063941423429,3.31547744760508e-05,0.0024806625944858
"LOC103351001",191.901103804606,3.75916876559511,0.650446534701747,5.77936627384575,7.49825256273005e-09,1.11124102979659e-05
"PPP1R12B",3422.89526273233,2.63979872388136,0.59374614031134,4.44600569950171,8.74816280615593e-06,0.00103642847235863
"LGR6",247.931071309516,7.4975053791054,1.62976927113647,4.60034773749122,4.21786233395898e-06,0.000631340277403116
"ARL8A",74.127027045847,1.83934293767251,0.51750385827987,3.55425937071522,0.000379045195728276,0.0113542623530692
"LMOD1",2460.20806197526,2.71210587463379,0.7772993292033,3.48913960521951,0.000484577999862818,0.0133339040381402
"NAV1",971.192575559666,1.13705455802129,0.343859919821039,3.3067376931079,0.000943892329199165,0.0200355895190167
"CSRP1",13637.0147939006,2.41865831658008,0.698302069349526,3.46362759433475,0.000532943773717013,0.0141048269758539
"NEK7",2517.32626590712,1.54538401082281,0.467850551664649,3.30315739785752,0.000956027104908664,0.0202142073465902
"LOC103351056",6.21340174377147,-5.69845070577825,1.8098167512854,-3.14863408227987,0.00164035452302656,0.0290663689504119
"LOC100347263",34.7452586309663,-2.13750897639246,0.602141227251093,-3.54984658026268,0.000385455715957692,0.0114821633480583
"RGS1",669.825124832296,2.68664938767188,0.736670829756337,3.64701475767749,0.0002653046922415,0.00893594440686144
"PLA2G4A",354.378101183482,1.7546402195921,0.546870584027923,3.20851088143828,0.00133424260235925,0.0251454600042318
"PTGS2",373.149491036471,2.69890401395,0.655091625695512,4.11988782650757,3.7905689483262e-05,0.00266352823256956
"MYO9A",1068.80458900333,1.44720488949371,0.45642125882323,3.17076573782951,0.00152037699464468,0.0274172408923645
"CILP",361.123528236511,5.586711199521,0.972365688495203,5.7454836854299,9.16585949330391e-09,1.24518201216534e-05
"RASL12",706.127076475548,3.83603399833223,0.79343113593418,4.83474094297511,1.33319138424213e-06,0.000301856749248823
"LOC108178247",30.1674227453696,2.56363004451968,0.601458247866598,4.26235745143241,2.02281533618479e-05,0.00180196369456199
"RBPMS2",301.724281110857,3.49231741978804,0.80438944094441,4.34157541363025,1.41464706003863e-05,0.00143239604799688
"TPM1",61651.5402232293,2.04655630696765,0.61454215786907,3.33021303870202,0.000867795607705126,0.0190145215010873
"C2CD4B",26.556773808125,-2.48469046246044,0.737567750160099,-3.36876234342011,0.000755065028600796,0.0174668227540849
"VPS13C",1407.62863813631,1.44912619213277,0.473602701891376,3.05979291576156,0.00221490080771137,0.03519841412061
"BNIP2",1777.40837078977,1.52134131858651,0.487057588766945,3.12353478043121,0.00178692744546913,0.0304999058165378
"CGNL1",1141.89795953014,1.06108527071248,0.357793224659374,2.96563824461085,0.00302055556203362,0.0434608091546974
"MNS1",53.6907582083783,1.07741044149293,0.35792228123402,3.01017985742131,0.00261093030770198,0.0395570500707785
"NEDD4",255.71989791122,1.47864797511774,0.415311457578997,3.56033513676055,0.000370381788794088,0.0112037070763192
"PRTG",7.01328163250183,3.71681957054101,1.04782496814301,3.54717599173847,0.000389384382502886,0.0114821633480583
"PYGO1",422.224353359292,1.92732441978254,0.663952231824954,2.90280584566311,0.00369835840438253,0.0497266342356739
"MYO5C",3739.78422607455,1.91058997483123,0.621258737819257,3.07535308322227,0.00210253485343715,0.0340034952189805
"GNB5",247.554708574245,1.96522836647756,0.546475683268643,3.59618630187332,0.000322916573354354,0.0101821779087479
"TMOD2",45.6399869659291,1.83982752604422,0.590377307275079,3.11635881557855,0.00183099332964921,0.0309635407260803
"FBN1",2727.10164449102,2.46328034272414,0.583092618144648,4.22450956515638,2.39461681694238e-05,0.00197156784594923
"DUOXA1",42.5671369932851,3.60919958203287,1.06268634383382,3.39629807325091,0.0006830393367866,0.0165451816765158
"MAP1A",748.213741007997,2.3183070338254,0.611324028330279,3.79227206258755,0.000149275244807769,0.00619207389530851
"STARD9",160.307830872788,1.62942073660161,0.480587965662059,3.39047344715948,0.000697720131222427,0.0168131099703945
"CAPN3",63.4886491454841,2.39992376035822,0.808572050563708,2.96810130734185,0.00299645552558346,0.04326680068916
"LOC100348165",614.21197287179,2.39227548763283,0.818317119666334,2.92340882298573,0.00346221606612637,0.0477100983178294
"LOC100349173",649.643888476855,2.25116495737872,0.756621140319866,2.97528688720888,0.00292714657249537,0.0426818814175487
"GREM1",1952.25070855408,2.1388557079949,0.665776377687671,3.21257374048541,0.00131551373041784,0.0249076711187823
"FMN1",2472.12995373578,2.44146589487967,0.69890582826528,3.49326875830971,0.000477146030505514,0.0132511662509385
"RYR3",379.405948170415,3.02674846237067,0.754803430479322,4.00998238766429,6.07232770689304e-05,0.00359870165510866
"LPCAT4",1758.11744454495,1.44301146212566,0.481412972220564,2.99745030855655,0.00272248238474422,0.0405684715138028
"CCNB1IP1",84.0196896072857,2.63423632064434,0.801442229694046,3.28686987413923,0.00101307635011306,0.0209857605575305
"ANG",213.094973975252,1.97408241844225,0.490954508220564,4.0209069993006,5.79744912843453e-05,0.00347463292984337
"AJUBA",283.971029001154,1.78858670875587,0.615201836267923,2.90731692155896,0.00364543661795206,0.0493997570622232
"LTB4R2",14.0244681897024,-2.46173505220982,0.786716176120879,-3.12912728494803,0.00175326342183063,0.0303103085084386
"CBLN3",40.7672706051361,1.42159353525909,0.439692148401991,3.23315651740816,0.00122430465076279,0.0237835323886999
"STXBP6",693.91260591301,-1.19146856289913,0.324882326645275,-3.66738497351395,0.000245043724407086,0.00848132228298158
"AKAP6",351.457133423302,2.47019197799351,0.668412160260029,3.69561196647372,0.000219357782005961,0.00796429969323204
"NPAS3",31.776381675499,1.86671190159417,0.612283187308711,3.04877210461926,0.0022977871795914,0.0361737222312463
"CFL2",4283.25732884349,3.18936790039476,0.721383519280805,4.42118209683312,9.81624038832049e-06,0.00114303107721715
"MIS18BP1",237.553367008749,1.0398731923182,0.305706332518567,3.40154285896267,0.000670066207515864,0.0163769405021343
"NIN",1079.33441703835,1.50523234080496,0.403373442496127,3.73160992327701,0.000190259955773822,0.00719632900005764
"FRMD6",1500.28465591133,2.447604179775,0.635979126020285,3.84856055746857,0.000118813927375524,0.00544074338223537
"TXNDC16",92.9111406947821,1.87503756487767,0.559068515242657,3.3538600614342,0.000796926550450767,0.0181528643946145
"FERMT2",3637.52295919899,2.89556364925488,0.703114354144178,4.11819732051883,3.81847679907479e-05,0.00267162269435696
"SAMD4A",392.100544939371,3.35639377036947,0.776222421599015,4.32401033128535,1.53218116145145e-05,0.0015046757406013
"C17H14orf37",1443.01920485961,6.52189267173628,1.02062911348342,6.39007116843551,1.65808566624843e-10,4.95207855065417e-07
"DACT1",284.805652828051,1.9878602250976,0.597337358793601,3.32786857515883,0.000875131407896376,0.0190472526188608
"ATP10A",441.617302548785,2.17182083215849,0.418557318226216,5.1888253713072,2.1162473490761e-07,0.000104542619044359
"NDN",263.745377993788,1.84417869367437,0.547066374352916,3.37103280357107,0.000748869400839716,0.0173656742140669
"LOC108178464",26.9839494216871,1.50399345185402,0.511698772689504,2.93921645336178,0.0032904318995662,0.0461226318372555
"LDB3",93.0423646646404,3.44729360891441,0.775477522851897,4.44538172587729,8.7735939875777e-06,0.00103642847235863
"ANXA8",284.110241939044,3.00101892016914,0.809864342882414,3.70558223305414,0.000210905686670411,0.00777869797307926
"KCNMA1",2254.45711302012,2.76035574624897,0.672940512005185,4.10193129556704,4.09715941995744e-05,0.00281822332760111
"DUSP13",33.7345812264942,3.00087268684673,0.746512014085421,4.01985852903279,5.82330992654848e-05,0.00347734792756752
"VCL",7554.83346414568,1.48850871898302,0.480617257790841,3.09707713332009,0.0019543901317636,0.0324775412110196
"CAMK2G",826.693311156501,1.60436566615977,0.484074044917228,3.31429805626969,0.000918735168565946,0.0196036920392173
"USP54",714.602708914748,2.19667567979269,0.651593747065336,3.37123505203378,0.000748319801840818,0.0173656742140669
"LOC108178475",278.494062979644,-2.55931556993231,0.632606806483181,-4.04566555987626,5.21746762049389e-05,0.00328398290151704
"LOC100343925",96.6218316872509,2.29942939374941,0.596287202579519,3.85624474884276,0.000115142208070262,0.00531741721235528
"TACR2",675.326882720865,2.91112543435122,0.825965466161712,3.52451228727432,0.000424263137640408,0.0121766508271372
"HK1",2406.24390276102,1.83740456630437,0.536647483075751,3.4238576053193,0.000617389619990465,0.0155079901156927
"TET1",146.140318307722,2.15654815192356,0.73403371036911,2.93794157061144,0.0033039928633086,0.0462332117233106
"PRKG1",871.901477730684,1.99459522073228,0.577904926830155,3.45142449584703,0.000557635756644814,0.0146065725239941
"ACTA2",11946.6198337144,2.774512964593,0.734002325187191,3.77997844064788,0.000156841938987807,0.00632982885764096
"IFIT2",552.533173700103,1.7826505029206,0.58019996056107,3.07247608427399,0.00212290843673112,0.0341795726023271
"HECTD2",257.347013262292,2.56965410812177,0.752776868742976,3.41356677498965,0.000641184437495377,0.0157894089124617
"PPP1R3C",640.77027050225,2.84751126007792,0.850044009015113,3.34983980814962,0.000808583082723023,0.0182042025650617
"LOC103351373",7.38078751507439,-1.73685225066945,0.580529034860618,-2.99184389818928,0.00277298016480821,0.0410582403693946
"LOC100351191",5.57689274935475,-2.83061302176371,0.934465094745641,-3.02912654274604,0.00245261928051544,0.0380062732993942
"LOC100353460",269.306391241397,-2.89722018115472,0.761621999356951,-3.80401325539557,0.000142370556643823,0.00598176498558661
"SORBS1",6621.34725848697,2.32084301134651,0.652082458830213,3.55912504610218,0.000372092348717689,0.0112129008879158
"TLL2",13.1453208989258,2.10429620664117,0.721423505520569,2.91686670941327,0.00353566830268455,0.0484356845969442
"MARVELD1",1420.7675630716,1.95670715248529,0.578075684609457,3.38486327064116,0.000712137179206717,0.0169966820833175
"LOC103351403",58.0716741625397,3.36921343509641,0.846518686028802,3.98008158674216,6.88916204712546e-05,0.00384893523667338
"SFXN3",1160.62195717234,1.52362624111087,0.47280750480473,3.22250858040024,0.00127073359694743,0.0243425371297732
"KCNIP2",95.4331499774708,-1.04455331224474,0.289829983628184,-3.60402087861543,0.000313331869889228,0.0100748247395152
"LOC103351410",24.459369088939,1.07289874619442,0.32785573199694,3.27247213174981,0.00106611382110011,0.0217247343894675
"OBFC1",709.667768571197,1.07024015398441,0.342431196915384,3.12541661982062,0.00177553397168873,0.0304388535408447
"RBM20",138.260210142101,3.44493043956524,0.847024800841446,4.0670951265453,4.76028146989715e-05,0.00306727701669025
"GFRA1",915.229910253454,2.42699191900486,0.635712955548454,3.81774808555065,0.000134675336105747,0.00585460621118905
"LOC100339265",10967.2572206708,-4.49472494403486,1.14521496454072,-3.92478712137459,8.68064678555924e-05,0.00435065436388605
"LOC100339512",1092.18245255353,-5.09891250420519,1.31906046208216,-3.86556390004782,0.000110832825240385,0.00519194458927802
"PNLIP",24355.2374206421,-5.10958866425267,1.30007149526701,-3.93023666994811,8.48622890002593e-05,0.00430226584318936
"PNLIPRP1",2431.56206500808,-5.18485567714607,1.46307023482123,-3.54381871337818,0.00039437632072555,0.0115217254130249
"LOC100339763",1102.18153793382,-3.5141808555966,1.15194508752912,-3.05064963047359,0.00228346868781792,0.0361058259445274
"HSPA12A",321.919786568528,2.04241172828981,0.570593289883185,3.57945276347002,0.000344314476461941,0.0106106136016683
"LOC108178429",7.4670268739513,-2.75976867189269,0.787837945710749,-3.50296490149756,0.000460110086540503,0.0129100079703671
"LOC100343081",172.859283092268,-1.72789924034048,0.47991569138175,-3.60042247288392,0.000317700549356471,0.0101461907870581
"CDRT1",69.7523027709635,1.35993364920121,0.441113917910464,3.08295339136692,0.002049572528969,0.0334121313672527
"PMP22",514.88674916557,1.33737472463017,0.383616827241764,3.48622539382853,0.000489888056580143,0.0134011306268349
"HS3ST3B1",148.34947453637,1.79177829892534,0.442989719940865,4.04474013339299,5.23811939071286e-05,0.00328430085797696
"MYOCD",674.199481363227,2.71852748688964,0.700140186835718,3.88283309257825,0.000103246440643816,0.00492141367068858
"MYH10",934.637409434771,1.29014101809943,0.427817341512343,3.01563516228387,0.00256441615545298,0.039070198286163
"TNFSF12",178.616009343737,1.63129208273041,0.505946183670967,3.22424031523339,0.00126307355558119,0.0242294229377393
"FGF11",77.1541717195489,1.94268889049199,0.510880740229882,3.80262698808695,0.0001431698380285,0.00599173115154369
"SLC2A4",896.980663278334,2.95390350960242,0.773286762586894,3.81993285352598,0.000133488008591618,0.00581850672743463
"FAM64A",44.5907108907363,3.23246174094954,0.926922032198466,3.4873070535208,0.000487910836744439,0.0133904418528752
"PITPNM3",168.725857451911,2.85204144014862,0.863309342248187,3.30361470747146,0.000954469125577699,0.0202074749158021
"SMTNL2",53.5108147465555,2.15744323347876,0.73779554606507,2.92417492215178,0.003453706074183,0.047633093419062
"CAMKK1",145.19268393254,2.61594466943187,0.709205308513912,3.68855765464219,0.000225528924747966,0.00808037918954142
"RTN4RL1",138.902408768058,2.12910177459112,0.723843078070369,2.94138583222611,0.00326747264947655,0.0458402230049628
"SERPINF1",813.98212667194,3.34693292035139,0.728492339244694,4.59432823112665,4.34145566539584e-06,0.000643403729611663
"NXN",1128.4298666684,1.77501843122627,0.563912131766453,3.14768619299967,0.00164568260094384,0.0291291180896704
"ALDOC",269.561662146086,3.07798138045416,0.808460934158566,3.80721102332257,0.000140542815536321,0.0059434797598778
"LOC103351504",30.8823776183818,2.30019111241298,0.7879608742019,2.91916919700204,0.00350965673636627,0.0481197847907847
"GAS2L2",45.2314265961059,3.35681530884825,0.753785652778701,4.4532756712388,8.45700602355146e-06,0.00103642847235863
"DUSP14",83.0249899835586,2.50557470880745,0.672451817830773,3.72602860512751,0.000194520338928938,0.00728981739130931
"PPM1E",56.4276070396691,2.24828258746505,0.675484429372334,3.32840031494756,0.000873462576573718,0.0190369600542738
"MMD",593.400403532879,1.89600764767247,0.557494425388589,3.40094458586004,0.000671534392184599,0.0163882539841218
"HLF",1569.76475334198,2.56868178673602,0.621912304372473,4.13029581289261,3.62296754268722e-05,0.00259042179302136
"LOC108178548",38.6421469600542,2.03584200053522,0.663878844636067,3.0665866475249,0.00216518044228229,0.0346046780098882
"MYCBPAP",261.427135721902,-1.4817857914305,0.401360486923232,-3.69190749889119,0.000222578422402278,0.00802759611062374
"LOC108178554",26.6408813471834,-1.40551294409798,0.408188393820712,-3.44329472707967,0.000574672667821035,0.0148683587624865
"TCAP",193.317626939786,2.7653494904242,0.910720247651595,3.03644230767352,0.00239387915155354,0.0373344555436126
"IGFBP4",3249.13736269642,1.67553136949983,0.496058862064281,3.37768659656101,0.000730983397696103,0.0171707368144696
"KRT20",12719.4792209087,1.39126492113385,0.38548071225021,3.60916870006924,0.000307179804851979,0.0099234768236495
"GAST",855.338947887096,4.96608071072867,1.17401108435483,4.23001177493802,2.33679079991727e-05,0.0019472799120679
"LOC100351097",132.040055507851,2.01322770913584,0.521108477114496,3.86335628290594,0.000111839703360788,0.00522409984007898
"LOC100353463",1923.29198535005,1.94227106211678,0.575192636058013,3.37673144675114,0.000733526301993709,0.0172056773742467
"ETV4",310.067491327401,3.57561292419399,0.896944117992961,3.98643890122712,6.70723894199937e-05,0.00377227987565817
"MEOX1",61.4079514292954,2.53709546058646,0.772619657517891,3.28375732600062,0.00102433083698309,0.0211375206386054
"GJC1",106.257086474914,1.86818926898142,0.594800930284426,3.14086473954921,0.00168449809960283,0.0296751205380492
"WNT9B",64.2456078526085,-3.31020821605786,0.786737978628658,-4.20751038589468,2.5819954011544e-05,0.0020941138820706
"CEP112",41.8578354414714,1.6720721335067,0.510290876928758,3.27670395279306,0.00105026428605547,0.0215093070242163
"ACTN1",7210.68777908558,2.99041034319227,0.670293253399615,4.46134632569462,8.14463416927234e-06,0.00102925446687967
"RDH12",59.7475999209561,-1.6182026352475,0.433870400496838,-3.72969124741962,0.000191714546107395,0.00721495627945357
"AKAP5",542.503904108619,3.05226777064846,0.685969919335142,4.44956503866348,8.60443709861417e-06,0.00103642847235863
"UNC79",45.3268146855863,3.38056280087062,0.915228372799962,3.69368225607829,0.000221029960373619,0.00800717869780164
"LOC103351663",53.2642214920497,4.0999034794512,0.842114909988204,4.86857960929421,1.12403240109667e-06,0.00027349218212952
"TSHR",4.18331876882691,4.3323595448504,1.18124255261833,3.66762908705525,0.000244809964745826,0.00848132228298158
"LOC100343752",256.398696800592,-1.64168899550409,0.542413798718749,-3.02663575185951,0.00247291752090261,0.038220925537873
"OSBP2",160.500241392898,3.19639177702952,0.886097241398989,3.60726975290318,0.000309435915432219,0.00996921797109888
"SMTN",6951.42025110686,2.98654301167271,0.793528678886528,3.76362328310981,0.00016746910716538,0.00664253378347936
"PLA2G3",14.8399223394293,3.43084182849705,0.793227553535071,4.32516724010315,1.52416184928993e-05,0.0015046757406013
"LOC103351717",268.88075513675,-5.02684551810339,1.37511556802373,-3.65558039992799,0.000256600770179136,0.00876598288293286
"CAMKK2",1209.90909441543,2.11163714145033,0.644756249515005,3.27509371648392,0.00105626926731301,0.0216051462932707
"SH2B3",437.79331176234,1.12032713078923,0.305764955168538,3.66401417772582,0.000248293032179535,0.0085755784122686
"TRAFD1",1621.77336751223,1.01601545821745,0.319844366881332,3.17659325416355,0.00149015871925592,0.0270313505501303
"RASAL1",210.010384496744,2.75855028062006,0.911959605702301,3.02486016197581,0.00248748107837458,0.038255581641191
"PLA2G1B",2127.69938474436,-4.96163612578201,1.16550193632011,-4.2570809804466,2.07113350242177e-05,0.00182506045170161
"HSPB8",1400.15886125365,2.99707454184064,0.725093485580702,4.13336294069776,3.57493518184739e-05,0.00258853944118992
"TMEM27",56.7751411438453,1.21684364428342,0.380523905433057,3.19781129886857,0.00138474861246708,0.025710901913939
"CA5B",135.651030433091,1.70325495150498,0.361219624102207,4.71528908690477,2.41367805184576e-06,0.000447133859104427
"NHS",84.5532852998825,1.95403889548581,0.617657684475708,3.16362759599514,0.00155816033338754,0.0279748125053785
"PPEF1",40.8500058930174,2.24910394663869,0.743231375107061,3.02611544933059,0.00247717699001167,0.038220925537873
"ADGRG2",284.137144502853,3.75450829553636,0.819162090116419,4.58335211167154,4.57580544454685e-06,0.000660130799619493
"CNKSR2",120.7953605817,1.86706237978402,0.637552073310816,2.92848609226277,0.0034061707063635,0.0473736548524512
"SMPX",1053.85899019914,3.96947981078338,0.820689482816857,4.83676212976303,1.31971200017027e-06,0.000301856749248823
"PTCHD1",365.001172935676,4.45889246395575,0.908391876295466,4.90855607619442,9.17493962750562e-07,0.000245196501323929
"PCYT1B",54.4917455248138,1.61851773532328,0.431104549017316,3.7543508622505,0.000173791283791351,0.00674558454373003
"IL1RAPL1",13.5108259712701,2.32386950558329,0.715534737151292,3.24773820881869,0.00116326246072891,0.0228931851178872
"DMD",2252.33326520862,2.39391418497961,0.635685168924156,3.76588019039536,0.000165963367392529,0.00659886540300734
"TMEM47",1757.32828513166,1.87981245534515,0.55989428445475,3.35744176630735,0.000786673125498119,0.0180782962515389
"LANCL3",7.07883941310409,2.57020011008591,0.795606732748617,3.23049064857273,0.00123577946891859,0.0239175416066761
"DYNLT3",1589.71594158437,1.47804753366005,0.448711378571195,3.29398273421661,0.000987785657827746,0.0207179627366475
"NDP",16.4132329882807,2.36093648371096,0.704655690124671,3.35048239416509,0.000806709373879524,0.0182042025650617
"SLC9A7",569.055943836917,1.89704405823069,0.519660317228024,3.65054631908381,0.00026168311108331,0.00885053542921186
"SYN1",70.9112438256561,1.96865591353733,0.60271236351207,3.26632741041806,0.00108952199166616,0.0220091542851819
"PRAF2",242.709911187488,1.36740513480324,0.344594125879811,3.9681614749294,7.2429252479319e-05,0.00390974064211211
"IQSEC2",381.461174258757,1.1733180852492,0.312275810673125,3.75731339138968,0.000171747353476611,0.0067161894283576
"MSN",1776.29845063553,1.45797531060519,0.385130893019199,3.78566180234341,0.000153300048187541,0.00626546662036485
"RGAG4",608.818647855332,1.72228333046125,0.561208261008914,3.06888449461705,0.00214859645434993,0.034418758394067
"TMSB15B",3333.05797802242,1.39630793505543,0.451390860975443,3.09334560305021,0.0019791350614566,0.0326784933961745
"ACSL4",2097.00023480296,1.46215744982613,0.446063784218895,3.27791114534554,0.00104578309177473,0.0214444729083164
"PLS3",770.9387497262,1.701800718888,0.51220998588314,3.32246689012476,0.000892252597868146,0.0192732752155645
"LOC100353812",37.6633016475755,2.24552426967799,0.716621684847697,3.13348635292166,0.00172742951189858,0.0301249664952737
"SEPT6",948.148152159626,1.54440672293802,0.524271491982017,2.94581480503425,0.00322105190407703,0.0453450674786389
"LOC100338274",40.4639163003999,3.9667121904623,1.03162572467026,3.84510786771061,0.000120499419558216,0.00550246929310374
"ZCCHC5",22.1278180704745,4.15483146964852,1.07604611949632,3.86120203806259,0.000112830552192062,0.00524035231292021
"LOC100344356",26.4370616517665,2.38949736473284,0.76417786081604,3.12688640597514,0.0017666817364871,0.0304388535408447
"NAP1L3",36.0644005676318,2.17821769200875,0.637450479737671,3.41707750052231,0.000632972577326976,0.0156581471253177
"ARMCX4",166.114738109115,1.44725803842968,0.432320964396277,3.34764713631395,0.000815007110930395,0.0182503378054771
"TMEM35A",70.2195404987255,1.85265520409844,0.592128427293936,3.12880638506952,0.00175517919469795,0.0303103085084386
"SYTL4",838.733612497619,2.00621244755291,0.619711237026243,3.23733430618421,0.00120651980951141,0.0234990274010215
"GRIA3",32.9604953560684,2.7367547374006,0.689547044187628,3.9689166395091,7.22001317964164e-05,0.00390974064211211
"SMARCA1",246.937365365349,1.6390506322118,0.563508099392473,2.90865496694526,0.0036298722649005,0.0492707557555437
"APLN",103.874637091557,2.67021281336047,0.618266343955247,4.31887137229283,1.56829147692372e-05,0.00153091542855153
"FHL1",6332.91391324575,2.72986264855204,0.687389967183743,3.97134491173383,7.14680197067477e-05,0.00390974064211211
"ARHGEF6",728.267319054682,1.27606765821552,0.391538357755031,3.25911276108969,0.00111761237405225,0.0222782739598978
"ANGPTL2",1258.05351338287,2.21628921686219,0.610839221121672,3.62826933868532,0.00028532751141895,0.00930281818230346
"GSN",24895.9329669436,2.38327090875649,0.699805018444378,3.40562134586337,0.000660136691272181,0.0161827794603295
"PHF19",582.036453139114,1.53515256233785,0.446918057715143,3.43497546325669,0.000592607483199875,0.0151575729926524
"TNC",3974.78687692386,4.27716749084152,0.780937637313845,5.47696421132101,4.32684685444548e-08,3.52681287105851e-05
"ATP11C",379.705750512316,1.35804192552668,0.467865651684671,2.9026322420479,0.00370040892631061,0.0497266342356739
"FRY",922.919801906705,1.86707467006747,0.562688332124978,3.31813290497159,0.000906213539461641,0.0194382804214522
"NBEA",317.875410349706,1.93535659094708,0.554609448267225,3.48958460227057,0.000483771899924052,0.0133339040381402
"DCLK1",606.952932845726,3.43716501700843,0.850378980700325,4.04192141976248,5.30149999765688e-05,0.00328612368676055
"CAV3",194.564969011413,4.24790706308283,0.88689644883362,4.78963138105848,1.67087970379142e-06,0.00035840369646326
"LOC108178810",7.84623924047634,-3.98583609633835,1.27683442092259,-3.12165464137342,0.00179837770151615,0.0305387013438711
"ITPR1",959.204237339733,1.5743529379922,0.491189770295196,3.20518266706988,0.0013497679035643,0.0252918578895462
"FHL3",277.762720040516,2.35477895488826,0.644205854741155,3.6553206363429,0.000256860742884221,0.00876598288293286
"LOC100351040",15.3550520340026,-1.70182329140187,0.474572086495723,-3.58601641316131,0.000335767834857294,0.0104260709406545
"SYNC",70.5246240747728,1.64729364032988,0.513898926056465,3.2054817723999,0.00134836586520567,0.0252918578895462
"TINAGL1",3503.14918741664,1.33077325860678,0.439286002197387,3.02940055442244,0.00245039560698971,0.0380062732993942
"FAM124A",321.492279738082,1.49826607099594,0.491312264221432,3.04951897215551,0.00229208155519342,0.0361368602637941
"CKAP2",431.674435227388,1.08730970211673,0.344769511777828,3.15372927411692,0.0016119854969362,0.0287197678372173
"ANK1",110.654740001161,2.56944507606864,0.766331966141687,3.35291386708717,0.000799655877160445,0.0181812972238069
"LOC100349447",1485.69675017192,2.62871268181752,0.740897342468934,3.5480120269533,0.000388150497053603,0.0114821633480583
"PLEKHA2",756.406117600181,1.13912714990201,0.349572182327151,3.25863214377837,0.00111950725356001,0.0222782739598978
"TACC1",3224.6173259879,2.20332804223062,0.636136046400627,3.46361136850749,0.000532975918115936,0.0141048269758539
"DLC1",1332.42568869608,2.44931787569726,0.61804771792764,3.96299153714216,7.40164064685179e-05,0.00395611625655665
"PPP1R3B",1454.70037797936,1.31356105545413,0.450384810263862,2.9165305434803,0.00353948066157971,0.0484471987783983
"MEOX2",37.6938108325706,3.54842306266062,1.02148318470158,3.47379488551961,0.000513153146929973,0.0137815858340238
"CAP2",1261.03466863043,3.65279771244352,0.796855736848859,4.58401382273835,4.56134063856829e-06,0.000660130799619493
"RBM24",44.2560383644765,2.658604882029,0.850867818188549,3.12458036982646,0.0017805887232842,0.0304698528424215
"GMPR",581.650057237591,2.10296117965651,0.472699148145837,4.44883640663492,8.63367423366375e-06,0.00103642847235863
"DOK5",68.971129979169,3.87355452918334,0.93214644634958,4.15552142515024,3.24546528561459e-05,0.00244942477250412
"BCAS1",7719.4957075595,3.04529061832929,0.76393528251659,3.98632016091384,6.71059479782155e-05,0.00377227987565817
"ARHGEF25",1174.79270163512,1.9108677616191,0.65775068423188,2.9051551103297,0.00367071141887696,0.0495774130493225
"LRRN4CL",67.0700824965987,2.25312561376818,0.659774399410355,3.41499399761769,0.000637834171010888,0.015730669675975
"AHNAK",24583.7594910763,1.95848744741601,0.595387562106627,3.2894329207792,0.00100389482385048,0.0209177780569061
"FADS3",512.765000706768,2.50273863309241,0.67820665648378,3.69023012258251,0.000224051276048799,0.00804511872719717
"FADS2",541.986291035249,1.29606653234868,0.339146330744619,3.82155552001131,0.000132612549520476,0.00581122704644982
"FADS1",988.957503395373,1.35438829785003,0.406780817900648,3.3295284296833,0.000869931826164508,0.0190357431276964
"LRRC10B",105.235801581066,3.64806521955408,0.856505410264722,4.25924363796671,2.05119800118567e-05,0.00181731683778961
"VWCE",19.0938002260925,-1.35205423611115,0.400682621135778,-3.37437703756306,0.000739829599604128,0.017278942883591
"JPH2",334.040206695794,3.26854424838538,0.894273544044699,3.65497142362293,0.00025721062594557,0.00876598288293286
"POSTN",7761.65778978458,2.30346035515622,0.620774605878424,3.7106227177201,0.000206750041545979,0.00764271922286293
"LHFP",656.916979163022,1.42952111516161,0.421653452664296,3.39027489548328,0.000698225705432282,0.0168131099703945
"CARTPT",26.1220533791144,3.58026959341939,1.14033108741249,3.13967551436604,0.00169135063148533,0.0296959974271214
"MAP1B",521.925487226716,1.89085651094471,0.550437288529421,3.4351897125219,0.000592139136945548,0.0151575729926524
"LOC100341381",6.78588177747457,2.81563655182209,0.657041653399797,4.28532428233865,1.82472826166298e-05,0.00169015455236533
"RGS9BP",80.1928893530395,2.5904158341892,0.719913614084607,3.59823148709724,0.000320388396451056,0.0101575855399796
"SEZ6L",15.0154437815005,1.67035182192716,0.492501209090402,3.39156897708357,0.000694936683865307,0.0167834930672181
"MN1",120.393898886434,2.41317134093676,0.682220762397545,3.53722940424167,0.000404348289131747,0.011749885578299
"ZNRF3",314.717316634364,1.16053065810692,0.396376833436326,2.92784683717736,0.00341318137390248,0.047394959759249
"LOC103352360",176.41920034795,3.42623530965838,0.776962782769685,4.40978047551348,1.03475460350733e-05,0.00116334962388803
"ITGB1",21420.7866382386,1.74596290061049,0.450104993851005,3.87901250699842,0.000104881362965687,0.00495622013335587
"RBPJL",98.5064408068409,-3.6426686853008,1.24353131061103,-2.92929390214623,0.00339733026075457,0.0472957112816576
"KCNB1",51.6323943016992,1.82202670722353,0.61313404508899,2.97166128975775,0.00296193251077118,0.0429789791254858
"LOC103352392",70.4773972108625,1.87693157694763,0.589986877747111,3.18131071679894,0.00146610293241765,0.0267043687198576
"FANK1",20.5778280054752,3.38241513607924,1.04428442955972,3.23897880724441,0.00119958486478396,0.0234199191206085
"ADAM12",206.041268139397,3.85639264743712,0.840623881599325,4.58753639035351,4.48507266880291e-06,0.000658699591412838
"LOC100344189",24.9161265437656,-1.52858959205452,0.522185439960734,-2.92729263414442,0.00341926990936661,0.0473987568558627
"LOC100344439",4202.53676598782,-2.81708638719091,0.773579859289618,-3.64162323173441,0.00027092438382801,0.00905042890402503
"LOC100345202",239.451431170308,-1.94696543063354,0.584083689927151,-3.33336722837848,0.000858016121067348,0.0188509148323988
"LOC100348029",563.620708400507,-1.70809968069403,0.586607449862041,-2.91182745990652,0.00359321055803986,0.0489361056952095
"KIF27",29.553295665808,2.01714972872129,0.681971523582527,2.95782105112662,0.00309821926942317,0.0442657059860969
"ADAMTS2",377.332675423177,1.47109309703573,0.50062480027845,2.93851422505937,0.00329789523655351,0.0461875327717314
"GFPT2",84.6529240961705,2.40617516733564,0.733406609227716,3.28082013041764,0.00103505729106787,0.0213015533237426
"GABRQ",386.177408740299,-2.61907899112731,0.872011485471454,-3.00349139290442,0.00266901098343199,0.0401015825363211
"MAMLD1",21.3228137147853,1.65100797158606,0.470256660557177,3.51086568264635,0.000446650016687672,0.0126411259931292
"CBLN1",26.8629480134223,4.38982279638838,1.25185139207059,3.50666446847776,0.000453760922521961,0.0127538113085397
"XPNPEP3",480.674422932433,1.39024308583044,0.426362457510605,3.26070708464256,0.00111134781542794,0.0222782739598978
"MTUS2",219.256785790057,3.0300120972028,0.695705142340569,4.35531076715762,1.32878266160487e-05,0.00139040115506523
"EFHD1",36.8811428994334,1.98564298321182,0.640983110412294,3.09780858646121,0.00194957306174345,0.0324636772753235
"ARL4C",241.375677357884,1.66442800605358,0.391774020203091,4.24843894751051,2.15265293870515e-05,0.0018666249046155
"MEX3B",51.5187339969539,1.07499532375818,0.347828368637664,3.09059128204122,0.00199758393219194,0.032827231111485
"CPEB1",186.117776929177,2.83273566664859,0.699437790429881,4.05001803649695,5.12136854786801e-05,0.00325531709412746
"ALPK3",361.542858266319,3.12224911087967,0.787370293010073,3.965413908294,7.32686943280882e-05,0.00394200084137457
"PYGB",4321.21479175823,2.02064136674565,0.565648337379461,3.57225723690251,0.000353917513298109,0.0108654676116493
"JAM3",872.047733742082,1.66420144104601,0.55066430187591,3.02217055904421,0.00250969096173846,0.0384520508066356
"IGSF9B",198.551336767387,4.4178337490585,0.892285117365606,4.95114584237578,7.37777856507078e-07,0.000207366458909972
"NETO2",232.645272032842,2.26087918892456,0.661473940361587,3.41794143498485,0.000630966822603199,0.0156322509758014
"SHCBP1",174.501054767958,1.47010041635519,0.468147211156279,3.14025242770149,0.00168802315582278,0.0296851709667993
"EPB41L4A",88.8007337489001,2.18489943147803,0.684250121394092,3.19312976814168,0.00140739683803295,0.0259247268402408
"DNAJA4",183.784213553775,2.59918113571785,0.588619686731033,4.41572239989577,1.00673213283328e-05,0.00114767463142994
"ISL2",36.0814301266886,4.20481237354231,1.30064108477479,3.23287678881095,0.00122550406125064,0.0237835323886999
"DUSP22",222.040466278268,1.18692541175776,0.355204887127692,3.34152331448941,0.000833200186537518,0.0185811620259024
"CCNB3",15.6827635646253,3.50908204943716,1.05471094372068,3.32705569267943,0.000877688302164906,0.0190520302288846
"TTC9",582.58197976862,2.7873110428429,0.715775838726318,3.8941116646278,9.85592439089451e-05,0.00476769375134606
"CKB",5425.40189119285,3.42501265348136,0.847221559924206,4.04264104632532,5.28524999949644e-05,0.00328612368676055
"TGFB1I1",1192.82443072389,2.31071455654687,0.709129292612284,3.2585236297808,0.00111993549116076,0.0222782739598978
"LOC100351363",136.106972639509,-4.92935708837214,1.47141159630631,-3.35008715491051,0.000807861369738914,0.0182042025650617
"TMEM265",135.215081161695,1.78049123944953,0.584410571632666,3.04664447543338,0.00231411239517297,0.036378650208399
"LOC108175612",15.3139277610818,-1.29036354085118,0.432193338736705,-2.98561644800658,0.00283007363136409,0.0417519098085949
"MYLPF",91.1489810390059,5.71434319112382,1.23258424549456,4.63606703721175,3.55100844287154e-06,0.00057993694978823
"SYNM",16066.6124378602,4.17309746943338,0.83037651923584,5.02554849849765,5.01995679319722e-07,0.000152755644020768
"LOC108175619",16.9169187206928,3.16195596185052,1.0640439746746,2.97164030539011,0.00296213493941686,0.0429789791254858
"RASL11B",121.900276916411,2.28441480019916,0.639839954750751,3.57029095047535,0.000356584937251322,0.0109267812914869
"LOC100339353",4684.47524378707,-7.72322835646914,1.45688092463867,-5.30120768681534,1.1503912791667e-07,6.94580690110204e-05
"LOC100339606",5650.2767615684,-8.36275909093736,2.04048661145808,-4.09841409592075,4.15990570117097e-05,0.00284634652108115
"PRSS2",85571.0185768964,-4.08002807184678,1.14558353243157,-3.56152821364905,0.00036870247876498,0.0112037070763192
"ELN",901.953631522765,2.20065062862409,0.752994972115693,2.92253030912134,0.00347199827228601,0.0477888073727483
"LOC103344988",468.169166428354,2.20204298521837,0.736006794779503,2.99187860878114,0.00277266490662633,0.0410582403693946
"STX1A",200.081310069256,1.96392102580112,0.627035244125104,3.13207438369968,0.00173575892986589,0.0301988709441555
"HIP1",549.002465104061,1.6513781071783,0.566340020284143,2.91587747295304,0.00354689763441589,0.0485079909700066
"CD209",15.0048446637585,3.5908708818386,1.23316944578836,2.91190387022845,0.0035923317197649,0.0489361056952095
"TMEM108",43.0719006116372,2.83756903113158,0.709046468025077,4.001950731149,6.28223822116945e-05,0.00367071854772417
"WSCD2",502.472941991602,5.56889160404759,0.961072181063499,5.79445718414739,6.85425067376726e-09,1.11124102979659e-05
"DIP2C",994.625600320663,2.39532586355084,0.628840398577561,3.80911574537685,0.000139464664165209,0.0059434797598778
"HSPB6",3680.44930350254,3.08461469786646,0.741608263373553,4.15935858620918,3.1914253572342e-05,0.00241984261272706
"LOC100356756",60.2043853726197,2.93216660596487,0.76502185654826,3.83278801888702,0.000126699125320938,0.00570566061044733
"SRL",16.9401342772151,-1.71491231578777,0.476584800319827,-3.59833615053801,0.000320259515310637,0.0101575855399796
"GLIS2",287.608395591362,1.37096844432353,0.462243657754381,2.96589995627806,0.00301798645371249,0.0434608091546974
"HSPB7",875.731597350588,4.44237216774545,0.839323397289712,5.29280153763195,1.20456622335801e-07,7.01315663327937e-05
"LOC100344955",2289.49193965699,-6.41585104310163,1.13214403511148,-5.66699187040265,1.4532623502233e-08,1.49967154164614e-05
"CTRC",4743.6866286677,-4.27728146922708,1.19094260635316,-3.59150931909705,0.000328768418027143,0.0102871070070604
"KIF23",381.84107355849,1.24551123190531,0.375417051769149,3.31767357405811,0.000907704974361568,0.0194446865861265
"EBF3",28.8906889558602,2.51063920677179,0.841000247502704,2.98530138870585,0.00283299043123552,0.0417571519077771
"NAT8L",20.9786966210514,3.0066821378108,0.852175190782452,3.5282441572256,0.000418326111760528,0.012058885605711
"PHYHIP",76.1192729372743,3.43053774123706,1.01649799598597,3.37485932562961,0.000738534320241111,0.0172734382906321
"RAET1E",70.3590370209331,-1.50821483819131,0.415230960732219,-3.63223116968861,0.000280981233925047,0.0091794710930784
"CAMK1",717.48969084086,1.76586012447723,0.564915674382966,3.12588268400589,0.00177272255303547,0.0304388535408447
"LOC103345512",60.9369177376661,1.41431092927604,0.479477626088782,2.94969118958255,0.00318091694404446,0.0450444743625717
"MICAL3",1625.65345907204,1.29371135209041,0.436518177722287,2.96370556397189,0.00303958968587449,0.0436262168158288
"ZFP28",100.744722868172,1.52870213238175,0.497802842624227,3.07089876048722,0.00213415500000775,0.0342768421774644
"CLTCL1",145.814063047671,2.15444352324823,0.52778499646428,4.08204768548028,4.46406342162188e-05,0.00292261694374618
"CUZD1",2379.28604052276,-4.82896954309034,1.23828015950636,-3.89973909055879,9.62964029685492e-05,0.00468604167520385
"CPXM2",334.568144022039,4.18426177513174,0.867275718108725,4.82460385753264,1.4028180465461e-06,0.00031327040814787
"HCN4",45.8508915013261,2.0341723699904,0.682502269529165,2.98046242599853,0.00287813544226476,0.0422696972790993
"RA_M006_JSM7BED4F",3318.4173702559,2.79891138834827,0.724732569895175,3.86199200175742,0.000112466249350342,0.00523835656259795
"FLNA",19969.7502617326,3.2500532209772,0.720945190210518,4.50804480716235,6.54277607808538e-06,0.000839845162401164
"SRPK3",101.58510149953,3.25393730620499,0.85270960273324,3.81599702381086,0.000135634138693873,0.00586500723869368
"SLC6A8",791.271815401297,3.10193146635115,0.789792252808629,3.92752835358942,8.58233058031961e-05,0.00431818373828303
"PNCK",127.829380406493,3.38026711268769,0.792009235115046,4.26796426457916,1.97264918350784e-05,0.00177274641553376
"BGN",1793.3749297252,1.91912655429543,0.420085261348262,4.56842153456182,4.91410966526536e-06,0.00069660709359266
"LOC100339032",37.5869216514886,5.28225365399222,1.2087164160566,4.37013478415839,1.2416986893761e-05,0.00133172184435586
"LOC100125995",37.2651316468957,2.9822324859245,0.778231971815622,3.8320611256396,0.000127074154863681,0.00570678477296895
"LOC100343103",181.191836951368,-1.27382780806313,0.413119355903896,-3.08343772776277,0.00204623930165082,0.0334121313672527
"LOC103345044",418.976077296032,-1.27332886185408,0.371649380797584,-3.42615628504865,0.000612188026968962,0.0154487449158638
"LOC100343860",8263.61517889098,-2.03812142763567,0.64573159277831,-3.1562981437326,0.00159785441730896,0.028530364415083
"LOC100342847",15459.0105982981,-1.82427762083542,0.498807420706775,-3.65727843072291,0.000254907440861453,0.00874842337036506
"NFATC2",267.89879053755,1.20262164189411,0.346865138426837,3.46711591527602,0.000526074974371136,0.0139675476094434
"MCAM",4067.38896010729,3.07280213039894,0.733587036521822,4.18873559294083,2.80512998673294e-05,0.00223069409969368
"HPD",1231.6819453261,-1.62167866618401,0.527160984833226,-3.07624940547725,0.00209622424376993,0.0339688346142518
"CLDN6",20.4069354060135,-2.74220029465613,0.798850285771191,-3.43268362482825,0.000597639032365676,0.0151843165464356
"LOC100340546",83.7719982241243,-2.76793370708258,0.885443690230135,-3.12604148363535,0.00177176556807479,0.0304388535408447
"COL5A3",231.237520222158,2.10350410415578,0.568839105039886,3.69788941287412,0.00021739955661896,0.00793425451134447
"DACT3",379.297680828781,2.8984989700466,0.699039081821207,4.14640475106934,3.37736581758803e-05,0.00251405559627032
"ZCCHC24",1018.87760361546,1.86630917027834,0.564747198178469,3.30468070722248,0.000950846563788575,0.0201569579751383
"MYT1L",266.530512120967,4.41228615271637,0.923758580894361,4.77644943600361,1.78417389694601e-06,0.000368172188202706
"COL6A3",1773.56497087168,2.40682886759542,0.629253568848955,3.82489506098162,0.000130827800489279,0.00575979264886356
"MXRA7",235.099464106079,1.72637176482067,0.5556322482818,3.10704025937873,0.00188970661561305,0.0316122846498636
"RNF157",331.675881720006,2.34393751674871,0.654587403429821,3.58078616311169,0.000342561931634862,0.0105765996392264
"SMIM5",40.6069123742211,2.4076844629627,0.750357921458868,3.20871466017392,0.00133329739837371,0.0251454600042318
"TM6SF1",212.092822872267,2.2468317215181,0.650583938370301,3.45356162211193,0.000553235891449764,0.0145700347373409
"BNC1",13.2538453323757,-3.24967421273471,1.09689817981587,-2.96260334143341,0.00305049391596645,0.0437371607898725
"PGER5",1809.31200695965,1.85280014307445,0.592996080858805,3.12447283022703,0.00178123971039306,0.0304698528424215
"ANKDD1B",954.876072124834,3.40738201264229,0.868453187832758,3.92350682843998,8.72692906999594e-05,0.00435065436388605
"MYOM2",173.350201260868,7.4540971519404,1.47245350574496,5.0623650409723,4.14087184484114e-07,0.000142210166831173
"ZNF853",174.161028188123,2.52312947845137,0.720705511831208,3.50091602885132,0.000463661913469065,0.0129873135968603
"LOC108175948",7469.95451031369,-3.50653914740992,1.16106545034894,-3.02010463437362,0.00252687373093994,0.0386426787633986
"CEP72",82.0364745230154,1.18848327182092,0.352807043688876,3.36864950142261,0.000755374189769958,0.0174668227540849
"PLEKHG4B",13.2762505202846,-3.49773693371849,1.01349952981203,-3.45114805762879,0.000558207255701651,0.0146065725239941
"MYADM",3211.96322603621,1.72284948186832,0.513596164020785,3.35448276790205,0.000795135054276818,0.0181528643946145
"NCS1",28.1076558610676,2.09354242638589,0.627409759159605,3.33680245775923,0.000847481604589873,0.0186950542869068
"FNBP1",1144.15578591998,1.91626358595675,0.519140273596614,3.6912250569212,0.0002231765540504,0.00803139996496604
"LOXL2",1491.65111176252,1.96247153984749,0.530634677140473,3.69834770396653,0.000217007491417438,0.00793425451134447
"PCBP3",60.115112831899,1.59920211022288,0.548703068297192,2.91451278955982,0.00356244211511915,0.048679741291427
"PCP4",3370.58684119346,3.2284910627154,0.728133013241303,4.43393034514902,9.25305322926482e-06,0.00108520340822644
"EML1",813.21183168453,2.35214626620155,0.643006316412476,3.65804535066604,0.000254146084601314,0.00874069508685784
"ADPRHL1",72.8560319693896,6.52037407073261,1.32116440702596,4.93532374627807,8.00179148230819e-07,0.000219836143804004
"LGALS1",2606.11236933665,2.06801032376387,0.566244862773304,3.65214849567969,0.00026005542507747,0.00883213237419358
"LOC100350712",352.244611341155,1.3952535671363,0.429819852133791,3.24613570129376,0.00116983062746461,0.0229489517315621
"GRIN2C",20.6100718953825,4.28412246288101,1.09609581382195,3.90852917131653,9.28597362647595e-05,0.00455963680900033
"LOC100342351",18.7622725169896,3.11630713781872,0.933558116398882,3.33809656097213,0.000843544293697802,0.0186950542869068
"CKM",2473.75825267726,5.09451611533551,0.924411191345013,5.51109307528289,3.56612072911503e-08,3.0597315855807e-05
"THBS2",371.424737017575,1.46431105068291,0.421679370517807,3.47256980792015,0.000515500928805941,0.0137991726459679
"LOC100350798",26.1903465184408,3.44084934829047,1.15543041414871,2.97798059160974,0.00290154357484183,0.0424604697998847
"DMGDH",35.7604379164599,3.65352210279375,1.06327431792748,3.43610490838821,0.000590142406815957,0.0151503960880531
"LOC108175467",13.4123663618424,4.15467578831418,1.29998862955733,3.19593240575414,0.00139379760380396,0.0257907928912737
"KCNN2",62.7172481602254,3.58384942136502,0.826099595741472,4.33827766027208,1.4360366094377e-05,0.00143621281024867
"KCNAB2",112.868872700711,1.7195728619382,0.391039684134464,4.39743824400927,1.0953603662794e-05,0.00120652464128965
"TESMIN",16.1518264420719,-1.87124011341932,0.616864608282872,-3.03346972462592,0.00241758968093716,0.0376007492540139
"CEL",17215.1946077649,-3.95230641430806,1.15010720734119,-3.43646782585162,0.000589352347977203,0.0151503960880531
"LOC100340890",25.6365235565769,4.07518104883928,1.24840532526551,3.26430924825842,0.00109731323883261,0.0220600968471617
"ZNF275",433.313995976549,2.42095338618899,0.609766067339673,3.97029863723195,7.17826011041243e-05,0.00390974064211211
"ZFP92",405.873643923467,3.28340747453883,0.788920580525975,4.16189861893294,3.15612474607398e-05,0.00241817400036776
"PYGM",630.070147572124,3.93373759086769,0.838899776204993,4.6891627610906,2.74325131203819e-06,0.000480865407406953
"RASGRP2",229.655603239186,3.43335887010317,0.81417067167115,4.21700140961345,2.47572428168852e-05,0.00201796286200431
"LOC100340124",251.518414012688,2.36562815472386,0.636962011186366,3.71392345725264,0.000204070540676648,0.00756081353206981
"AFAP1",448.538261962708,2.67934542792474,0.70647394211855,3.79256086911006,0.000149101687189284,0.00619207389530851
"LOC103346912",175.740518181518,2.23831683650226,0.694228389363044,3.22417934904091,0.00126334250380803,0.0242294229377393
"LOC100338041",283.781008082184,-3.75989591264565,0.954196549344224,-3.94037886138831,8.13530243894164e-05,0.0042602371994824
"LOC103346946",20.9574282653451,2.52787061533067,0.791401663872577,3.19416894192641,0.00140234024876416,0.025895883766681
"OLFM1",108.868641525199,2.8092482600408,0.861913673871881,3.25931510915834,0.00111681548494456,0.0222782739598978
"LOC103347012",62.1430274365128,2.77420920641717,0.779573201887148,3.55862566812393,0.000372800409842373,0.0112129008879158
"LOC100345995",1285.57135109852,5.41221669283103,1.1923810461877,4.53899926549074,5.65218329362619e-06,0.00076150324010491
"LOC100350807",94.310777970226,5.42148416595945,1.28914318182754,4.2054941936502,2.60512277400984e-05,0.00210241145851032
"LOC103347164",29658.8393778563,5.85558737815449,1.14702675661337,5.10501376222756,3.3077044207026e-07,0.000125400459223939
"LOC108176239",3931.01340046673,5.84744965071096,1.02197916831039,5.72169162741189,1.054686100662e-08,1.32257637023015e-05
"LOC103347173",296.64041028957,2.01452507708925,0.665971556958132,3.02494161506044,0.00248681127885591,0.038255581641191
"LOC103347221",671.538270282286,1.36735901706124,0.411556460525945,3.32240931247644,0.000892436757123533,0.0192732752155645
"S100P",8769.27852207716,2.54997720137075,0.800120471191946,3.1869915758711,0.00143760961964877,0.0263324854151845
"LOC103347300",322.225630630758,2.09983041444319,0.594936754639163,3.52950191439553,0.00041634269232902,0.0120340754793399
"LOC103347324",13.3901991238553,-5.55631340116159,1.66412611362524,-3.338877598079,0.000841176204046365,0.018682363049542
"LOC100356613",2591.92326175246,6.35170946406046,1.28755487635372,4.93315631101341,8.09113521545836e-07,0.000219836143804004
"PTP4A3",125.83243915176,3.36329236944249,0.806625347215482,4.16958428228517,3.05155752424444e-05,0.00238123042119165
"LOC100344043",49.7361497459638,3.34653570239841,0.97832058869927,3.4206943419721,0.000624614901323535,0.0155695292375784
"LOC103347361",89.4738358829108,-3.84804377925502,1.16633431641899,-3.29926310585606,0.000969390075713471,0.0204437218813467
"LOC100358238",50796.6112710594,2.70870378493926,0.867613701860646,3.12201591460611,0.00179617228697274,0.0305330559147337
"RAB7B",67.2156560048631,1.40542245645891,0.42732970223911,3.28884804658982,0.00100598319203867,0.0209177780569061
"LOC103347493",184.480695128141,3.95187878038988,1.10815661635182,3.56617351922685,0.000362231579399617,0.0110582382160535
"PSCA",7596.91166162572,3.93011121046645,1.04915828834772,3.74596593680428,0.000179700975635077,0.00689290659953652
